sentence,entity,sentiment,entity_type
"johnson johnson share gain 0.20 after post result that beat expectation but cut its fullyear outlook , cite a strong dollar . nl4n2z028u",Johnson & Johnson,Positive,OTHER
"on the positive side , siemen be rally 6 after a boom in quarterly order and packaging maker huhtamaki be also up by 6 after profit beat expectation .",Huhtamaki,Positive,PERSON
"on the positive side , siemen be rally 6 after a boom in quarterly order and packaging maker huhtamaki be also up by 6 after profit beat expectation .",Siemens,Positive,PERSON
brent crude rise 1.4 to 100.69 per barrel and u.s . crude be also up by 1.4 to 100.61 a barrel .,Brent crude,Positive,OTHER
brent crude rise 1.4 to 100.69 per barrel and u.s . crude be also up by 1.4 to 100.61 a barrel .,U.S. crude,Positive,OTHER
"nearly all major sp 500 sector be red , with material and communication service take the big hit . staple and healthcare be post small gain .",healthcare,Positive,OTHER
"nearly all major sp 500 sector be red , with material and communication service take the big hit . staple and healthcare be post small gain .",communications services,Negative,OTHER
"nearly all major sp 500 sector be red , with material and communication service take the big hit . staple and healthcare be post small gain .",S&P 500,Negative,OTHER
"nearly all major sp 500 sector be red , with material and communication service take the big hit . staple and healthcare be post small gain .",Staples,Positive,PERSON
"nearly all major sp 500 sector be red , with material and communication service take the big hit . staple and healthcare be post small gain .",materials,Negative,OTHER
"new york wall street end sharply high on thursday , lead by tesla , nvidia and other megacap growth stock in a choppy session ahead of a key job report due on friday .",Tesla,Positive,PERSON
"new york wall street end sharply high on thursday , lead by tesla , nvidia and other megacap growth stock in a choppy session ahead of a key job report due on friday .",Nvidia,Positive,PERSON
"levi strauss co gain 2 after its quarterly result beat wall street estimate , help by price increase and strong demand for its jean , top and jacket . nl3n2w431e report by bansari mayur kamdar and praveen paramasivam in bengaluru ; edit by sriraj kalluvila bansarimayur.kamdarthomsonreuters.com ;",Levi Strauss & Co,Positive,OTHER
"however , top oilfield service company schlumberger on wednesday say north american oil and gas activity be grow at a fast pace than expect , as investment rate soar . nl1n30e14e",Schlumberger,Positive,PERSON
"jpmorgan chase co , morgan stanley , citigroup inc and wells fargo co 's show a slide in net income after turbulent market choke off investment banking activity and lender set aside more rainyday fund to cover loss from borrower who fall behind on payment .",Citigroup Inc,Negative,COMPANY
"jpmorgan chase co , morgan stanley , citigroup inc and wells fargo co 's show a slide in net income after turbulent market choke off investment banking activity and lender set aside more rainyday fund to cover loss from borrower who fall behind on payment .",Wells Fargo & Co's,Negative,OTHER
"jpmorgan chase co , morgan stanley , citigroup inc and wells fargo co 's show a slide in net income after turbulent market choke off investment banking activity and lender set aside more rainyday fund to cover loss from borrower who fall behind on payment .",Morgan Stanley,Negative,PERSON
"jpmorgan chase co , morgan stanley , citigroup inc and wells fargo co 's show a slide in net income after turbulent market choke off investment banking activity and lender set aside more rainyday fund to cover loss from borrower who fall behind on payment .",JPMorgan Chase & Co,Negative,OTHER
"help in part by high price , mcdonald 's corp on tuesday report betterthanexpecte profit even as expense soar . it say it be also consider whether to add more discount menu item as high inflation , particularly in europe , force some consumer to buy few big combination meal . nl4n2z72fq",McDonald's Corp,Positive,COMPANY
"shell ceo ben van beurden have say the energy industry "" should be prepare and accept "" that it will face high taxis to help struggle part of society . shell earn more than 9 billion in the third quarter , put it on track to surpass its record annual profit of 31 billion set in 2008 .",Shell,Positive,PERSON
"shell ceo ben van beurden have say the energy industry "" should be prepare and accept "" that it will face high taxis to help struggle part of society . shell earn more than 9 billion in the third quarter , put it on track to surpass its record annual profit of 31 billion set in 2008 .",Shell,Neutral,PERSON
"it would also double rwe 's renewable portfolio in the united states to more than 7 gigawatt in operating asset , and boost its project pipeline there to more than 24 gw in onshore wind , solar and battery .",RWE,Positive,OTHER
zantac become the world well sell medicine in 1988 and one of the firstever drug to top 1 billion in annual sale .,Zantac,Positive,PERSON
""" porsche be and be the pearl in the volkswagen group , "" say chrisoliver schickentanz , chief investment officer at fund manager capitell . "" the ipo have now make it very , very transparent what value the market bring to porsche . """,Capitell,Neutral,PERSON
""" porsche be and be the pearl in the volkswagen group , "" say chrisoliver schickentanz , chief investment officer at fund manager capitell . "" the ipo have now make it very , very transparent what value the market bring to porsche . """,Porsche,Positive,PERSON
""" porsche be and be the pearl in the volkswagen group , "" say chrisoliver schickentanz , chief investment officer at fund manager capitell . "" the ipo have now make it very , very transparent what value the market bring to porsche . """,Porsche,Positive,PERSON
""" porsche be and be the pearl in the volkswagen group , "" say chrisoliver schickentanz , chief investment officer at fund manager capitell . "" the ipo have now make it very , very transparent what value the market bring to porsche . """,Volkswagen Group,Neutral,PERSON
wall street 's main index gap to the upside at tuesday 's open as strong earning from goldman sachs and johnson johnson lift hope that upbeat corporate report could soothe market worry about a potential recession due to rise inflation and interest rate . .n,Johnson & Johnson,Positive,OTHER
wall street 's main index gap to the upside at tuesday 's open as strong earning from goldman sachs and johnson johnson lift hope that upbeat corporate report could soothe market worry about a potential recession due to rise inflation and interest rate . .n,Goldman Sachs,Positive,PERSON
"but sentiment , as indicate by the average recommend allocation to stock by sellside strategist , rise 89 basis point to 54.1 in august , the first improvement in sentiment in 10 month , bofa say in a note on wednesday .",BofA,Neutral,OTHER
"macy 's inc rise 3.8 after the retailer beat quarterly profit estimate , while palo alto networks inc surge about 12 after the cybersecurity firm post upbeat quarterly result and announce a stock split plan . nl4n2zz2a4 nl4n2zz1xm",Macy's Inc,Positive,COMPANY
"macy 's inc rise 3.8 after the retailer beat quarterly profit estimate , while palo alto networks inc surge about 12 after the cybersecurity firm post upbeat quarterly result and announce a stock split plan . nl4n2zz2a4 nl4n2zz1xm",Palo Alto Networks Inc,Positive,COMPANY
"as the market grow into the world 's large , local studio increasingly invest in develop betterquality game . the trend accelerate with regulatory restriction on new game and limit on the number of import , and benefit from the return of engineer who have work at toptier studio such as ubisoft entertainment sa and activision blizzard inc .",Activision Blizzard Inc,Neutral,COMPANY
"as the market grow into the world 's large , local studio increasingly invest in develop betterquality game . the trend accelerate with regulatory restriction on new game and limit on the number of import , and benefit from the return of engineer who have work at toptier studio such as ubisoft entertainment sa and activision blizzard inc .",Ubisoft Entertainment SA,Neutral,OTHER
"the big riser be natw , with share move 3 high after the british government extend a trading plan to help sell down the taxpayer 's stake in the bank by a year nl8n2y919a .",Natwest,Positive,PERSON
indonesia be keen to develop electric vehicle and battery industry at home and have stop export of nickel ore to ensure supply for investor . the move have successfully attract investment from chinese steel giant and south korean company like lg and hyundai .,Hyundai,Neutral,PERSON
indonesia be keen to develop electric vehicle and battery industry at home and have stop export of nickel ore to ensure supply for investor . the move have successfully attract investment from chinese steel giant and south korean company like lg and hyundai .,LG,Neutral,OTHER
"european nation must accelerate vaccine uptake and bring back mask wear to tackle a surge in covid19 case drive by an omicron offshoot and avoid strict measure later in the year , a senior world health organization official say on tuesday . nl1n2z00o3",World Health Organization,Neutral,ORGANIZATION
"both devon and diamondback sweeten the pot for investor by announce high return , with devon raise its quarterly dividend to 1.55 from 1.27 and diamondback hiking share repurchase by 2 billion to 4 billion .",Diamondback,Positive,PERSON
"both devon and diamondback sweeten the pot for investor by announce high return , with devon raise its quarterly dividend to 1.55 from 1.27 and diamondback hiking share repurchase by 2 billion to 4 billion .",Devon,Positive,PERSON
"both devon and diamondback sweeten the pot for investor by announce high return , with devon raise its quarterly dividend to 1.55 from 1.27 and diamondback hiking share repurchase by 2 billion to 4 billion .",Diamondback,Positive,PERSON
"both devon and diamondback sweeten the pot for investor by announce high return , with devon raise its quarterly dividend to 1.55 from 1.27 and diamondback hiking share repurchase by 2 billion to 4 billion .",Devon,Positive,PERSON
ocado drop 4.6 after the british online supermarket and technology group say it would boost its liquidity by over 1 billion to fund its growth . nl8n2y7481,Ocado,Negative,PERSON
"about 1,000 shop assistant who work at zara and other fashion brand own by inditex go on strike in the retailer 's home town in northern spain to demand well salary .",Inditex,Negative,PERSON
"about 1,000 shop assistant who work at zara and other fashion brand own by inditex go on strike in the retailer 's home town in northern spain to demand well salary .",Zara,Negative,PERSON
"alison rise , chief executive of coutts ' parent company natwest , share her condolence in a post on linkedin , add that she have be personally inspire by king charles ' "" genuine passion for the environment "" .",LinkedIn,Neutral,OTHER
"alison rise , chief executive of coutts ' parent company natwest , share her condolence in a post on linkedin , add that she have be personally inspire by king charles ' "" genuine passion for the environment "" .",NatWest,Neutral,OTHER
"alison rise , chief executive of coutts ' parent company natwest , share her condolence in a post on linkedin , add that she have be personally inspire by king charles ' "" genuine passion for the environment "" .",Coutts,Neutral,PERSON
goldman sachs group inc gain after report a smallerthanexpecte drop in quarterly profit as a boost in net interest income cushion the blow from a slowdown in investment banking .,Goldman Sachs Group Inc,Positive,COMPANY
"microblogge site twitter inc gain 3.8 , add to its 27 surge in the previous session , after say it will name top shareholder and tesla inc ceo elon musk to its board . nl3n2w31mv",Twitter Inc,Positive,COMPANY
"microblogge site twitter inc gain 3.8 , add to its 27 surge in the previous session , after say it will name top shareholder and tesla inc ceo elon musk to its board . nl3n2w31mv",Tesla Inc,Neutral,COMPANY
"it raise its rating on hilton , hyatt and marriott to "" buy "" , and even with the threat of a recession move into 2023 , the pace of recovery in the hotel industry mean be significant enough for a strong revpar increase in 2023 , and that this be not be fairly reflect in the share price .",Marriott,Positive,PERSON
"it raise its rating on hilton , hyatt and marriott to "" buy "" , and even with the threat of a recession move into 2023 , the pace of recovery in the hotel industry mean be significant enough for a strong revpar increase in 2023 , and that this be not be fairly reflect in the share price .",Hyatt,Positive,PERSON
"it raise its rating on hilton , hyatt and marriott to "" buy "" , and even with the threat of a recession move into 2023 , the pace of recovery in the hotel industry mean be significant enough for a strong revpar increase in 2023 , and that this be not be fairly reflect in the share price .",Hilton,Positive,PERSON
"domestic miner lead the gain , rise 2.1 , as iron ore future soar . bhp and rio tinto advanced 2.8 and 1.3 , respectively . ironore",Rio Tinto,Positive,PERSON
"domestic miner lead the gain , rise 2.1 , as iron ore future soar . bhp and rio tinto advanced 2.8 and 1.3 , respectively . ironore",Domestic miners,Positive,OTHER
"domestic miner lead the gain , rise 2.1 , as iron ore future soar . bhp and rio tinto advanced 2.8 and 1.3 , respectively . ironore",BHP,Positive,OTHER
"jpmorgan chase co citigroup inc , and wells fargo co also see their net interest income rise in the same period .",JPMorgan Chase & Co,Positive,OTHER
"jpmorgan chase co citigroup inc , and wells fargo co also see their net interest income rise in the same period .",Wells Fargo & Co,Positive,OTHER
"jpmorgan chase co citigroup inc , and wells fargo co also see their net interest income rise in the same period .",Citigroup Inc,Positive,COMPANY
"lowe 's pershare profit be 4.67 for the second quarter end july 29 , above estimate of 4.58 . sell , general and administrative expense as a percentage of sale be 16.2 , compare with 17 last year .",Lowe,Positive,PERSON
""" it be far less risky to own a small number of company that you know extremely well , and in which you can be confident in their future earning potential , than it be to own 500 company you know nothing about , "" note guy davis at gci investor .",GCI Investors,Neutral,OTHER
"but the share price outperformer be denmarkbase it consultancy company netcompany , with share rise 20.5 after some upbeat q3 financial .",Netcompany,Positive,PERSON
"meanwhile , oil price hold near threeweek high after the opec group of nation ' large supply cut since 2020 ahead of european union embargo on russian energy be set to tighten global oil supply . nl1n3170a0",OPEC+,Neutral,OTHER
"meanwhile , oil price hold near threeweek high after the opec group of nation ' large supply cut since 2020 ahead of european union embargo on russian energy be set to tighten global oil supply . nl1n3170a0",European Union,Neutral,PERSON
"the number of americans live with alzheimer 's be expect to rise to around 13 million by 2050 from more than 6 million currently , accord to the alzheimer 's association . globally , that figure could rise to 139 million by 2050 without an effective treatment , accord to alzheimer 's disease international .",Alzheimer's Disease International,Neutral,OTHER
"the number of americans live with alzheimer 's be expect to rise to around 13 million by 2050 from more than 6 million currently , accord to the alzheimer 's association . globally , that figure could rise to 139 million by 2050 without an effective treatment , accord to alzheimer 's disease international .",Alzheimer's Association,Neutral,ORGANIZATION
"the performance from lloyds ' core consumer banking and lending business mirror u.s . counterpart focus on retail banking such as bank of america , which early this month report well than expect profit . nl4n2yz1pm",Lloyds,Neutral,PERSON
"the performance from lloyds ' core consumer banking and lending business mirror u.s . counterpart focus on retail banking such as bank of america , which early this month report well than expect profit . nl4n2yz1pm",Bank of America,Positive,OTHER
"hire a cto with experience in restaurant and retail will ensure that digital transaction run smoothly , which become particularly important during the pandemic as more customer flock to mobile app and new payment system , say chas hermann , a consultant and former vice president of marketing at starbuck .",Starbucks,Neutral,PERSON
major u.s . stock index be sharply high in early trading friday as datum show u.s . retail sale increase more than expect in june and as citigroup share jump after the bank report quarterly result . nl1n2yv2a8 nl4n2yw292,Citigroup,Positive,PERSON
"global oilandgas giant include exxon mobil , chevron and equinor post huge thirdquarter profit , benefit from surge energy cost that have boost inflation around the world .",Exxon Mobil,Positive,PERSON
"global oilandgas giant include exxon mobil , chevron and equinor post huge thirdquarter profit , benefit from surge energy cost that have boost inflation around the world .",Equinor,Positive,PERSON
"global oilandgas giant include exxon mobil , chevron and equinor post huge thirdquarter profit , benefit from surge energy cost that have boost inflation around the world .",Chevron,Positive,PERSON
"communication service , info tech and consumer discretionary be take the big hit among sp 500 sector . healthcare be the lead gainer .",S&P 500,Neutral,OTHER
"communication service , info tech and consumer discretionary be take the big hit among sp 500 sector . healthcare be the lead gainer .",info tech,Negative,OTHER
"communication service , info tech and consumer discretionary be take the big hit among sp 500 sector . healthcare be the lead gainer .",Healthcare,Positive,PERSON
"communication service , info tech and consumer discretionary be take the big hit among sp 500 sector . healthcare be the lead gainer .",Communication services,Negative,OTHER
"communication service , info tech and consumer discretionary be take the big hit among sp 500 sector . healthcare be the lead gainer .",consumer discretionary,Negative,OTHER
goldman sachs group inc gain 2.33 after report a smallerthanexpecte drop in quarterly profit as a boost in net interest income cushion the blow from a slowdown in investment banking .,Goldman Sachs Group Inc,Positive,COMPANY
"during the quarter , jpmorgan maintain its position as the banking world 's secondbigg provider of worldwide ma advisory after goldman sachs , accord to refinitiv . the league table rank financial service firm by the amount of ma fee they generate .",Goldman Sachs,Neutral,PERSON
"during the quarter , jpmorgan maintain its position as the banking world 's secondbigg provider of worldwide ma advisory after goldman sachs , accord to refinitiv . the league table rank financial service firm by the amount of ma fee they generate .",JPMorgan,Neutral,OTHER
"during the quarter , jpmorgan maintain its position as the banking world 's secondbigg provider of worldwide ma advisory after goldman sachs , accord to refinitiv . the league table rank financial service firm by the amount of ma fee they generate .",Refinitiv,Neutral,PERSON
"oil stock top all three index in premarket trading with exxon mobil corp and chevron corp climb 3.7 and 4.9 , respectively , as the attack exacerbate worry that a war in europe could disrupt global energy supply . or",Chevron Corp,Positive,COMPANY
"oil stock top all three index in premarket trading with exxon mobil corp and chevron corp climb 3.7 and 4.9 , respectively , as the attack exacerbate worry that a war in europe could disrupt global energy supply . or",Exxon Mobil Corp,Positive,COMPANY
the upbeat showing come when technology stock have come under pressure follow downbeat earning report from microsoft corp and google parent alphabet inc .,Microsoft Corp,Negative,COMPANY
the upbeat showing come when technology stock have come under pressure follow downbeat earning report from microsoft corp and google parent alphabet inc .,Alphabet Inc,Negative,COMPANY
the upbeat showing come when technology stock have come under pressure follow downbeat earning report from microsoft corp and google parent alphabet inc .,Google,Negative,PERSON
"another fashion retailer urban outfitter be up 12 even after it miss revenue and profit expectation , with north american weakness weigh on the business and high cost pressure margin . while several brokerage cut price target , some note that underlie demand for urbn 's clothing remain strong . nl3n2xh2 dm",URBN,Positive,OTHER
"another fashion retailer urban outfitter be up 12 even after it miss revenue and profit expectation , with north american weakness weigh on the business and high cost pressure margin . while several brokerage cut price target , some note that underlie demand for urbn 's clothing remain strong . nl3n2xh2 dm",Urban Outfitters,Positive,PERSON
""" tesla 's solid quarter be the late sign that it have do an outstanding job navigate through global supply chain and logistic challenge , weather the storm well than most legacy automaker , "" say jesse cohen , senior analyst at investing.com",Investing.com,Neutral,OTHER
""" tesla 's solid quarter be the late sign that it have do an outstanding job navigate through global supply chain and logistic challenge , weather the storm well than most legacy automaker , "" say jesse cohen , senior analyst at investing.com",Tesla,Positive,PERSON
"lowe 's samestore sale rise 5 in the fourth quarter end jan . 28 , compare to analyst ' estimate of a 3.1 increase , accord to ibe datum from refinitiv . in comparison , home depot report an 8.1 rise in samestore sale on tuesday .",Home Depot,Positive,PERSON
"lowe 's samestore sale rise 5 in the fourth quarter end jan . 28 , compare to analyst ' estimate of a 3.1 increase , accord to ibe datum from refinitiv . in comparison , home depot report an 8.1 rise in samestore sale on tuesday .",Lowe,Positive,PERSON
"lowe 's samestore sale rise 5 in the fourth quarter end jan . 28 , compare to analyst ' estimate of a 3.1 increase , accord to ibe datum from refinitiv . in comparison , home depot report an 8.1 rise in samestore sale on tuesday .",Refinitiv,Neutral,PERSON
"among the highlight this week , macy 's raise its annual profit forecast , ease some investor worry over consumer spending after recent disappointment on the earning front from walmart and other big name .",Macy's,Positive,OTHER
"among the highlight this week , macy 's raise its annual profit forecast , ease some investor worry over consumer spending after recent disappointment on the earning front from walmart and other big name .",Walmart,Negative,PERSON
"nonetheless , a strong performance early in the week mean all three index be set for their big weekly percentage gain since late july , with the stoxx up 1.3 on the week .",Stoxx,Positive,PERSON
""" the stock be up because analyst downgrade all make a big deal out of slow growth , "" wedbush securities analyst michael pachter say , note that netflix be cut cost and expect free cash flow to grow substantially next year .",Netflix,Positive,PERSON
""" the stock be up because analyst downgrade all make a big deal out of slow growth , "" wedbush securities analyst michael pachter say , note that netflix be cut cost and expect free cash flow to grow substantially next year .",Wedbush Securities,Neutral,PERSON
"the announcement confirm a reuter report from early this month and come as the electricvehicle maker report record quarterly revenue and 2022 delivery grow more than 50 , despite supply chain issue . nl4n2tt3q7",Reuters,Neutral,PERSON
citigroup also slide after the the bank report a 26 drop in quarterly profit . but the company exceed market expectation as strong gain in its investment banking business cushion the blow from high expense . nl4n2tu38 g,Citigroup,Negative,PERSON
"share of biofuel producer , include darling ingredient , neste , gevo inc , expect to benefit from the extension of the biofuel blenders tax credit and addition of sustainable aviation fuel tax credit include in the act , rise on monday before give up gain to trade little change on the day .",Neste,Positive,PERSON
"share of biofuel producer , include darling ingredient , neste , gevo inc , expect to benefit from the extension of the biofuel blenders tax credit and addition of sustainable aviation fuel tax credit include in the act , rise on monday before give up gain to trade little change on the day .",Darling Ingredients,Positive,PERSON
"share of biofuel producer , include darling ingredient , neste , gevo inc , expect to benefit from the extension of the biofuel blenders tax credit and addition of sustainable aviation fuel tax credit include in the act , rise on monday before give up gain to trade little change on the day .",Gevo Inc,Positive,COMPANY
"regeneron pharmaceutical add 5.3 after it beat quarterly revenue estimate , while coffee chain starbucks corp rise 1 on upbeat quarterly profit . nl4n2zf2e4nl4n2zf2du",Regeneron Pharmaceuticals,Positive,PERSON
"regeneron pharmaceutical add 5.3 after it beat quarterly revenue estimate , while coffee chain starbucks corp rise 1 on upbeat quarterly profit . nl4n2zf2e4nl4n2zf2du",Starbucks Corp,Positive,COMPANY
sika gain 4.3 after the chemical maker raise its fullyear sale forecast and launch the sale of an 850 million swiss franc 858.50 million chunk of the former basf business it buy last year . nl8n3150j2,BASF,Neutral,OTHER
sika gain 4.3 after the chemical maker raise its fullyear sale forecast and launch the sale of an 850 million swiss franc 858.50 million chunk of the former basf business it buy last year . nl8n3150j2,Sika,Positive,PERSON
"share of tesla inc rise 1.2 in premarket trading . other growth stock such as apple inc , amazon.com inc and meta platforms inc rise between 0.2 and 0.6 .",Tesla Inc,Positive,COMPANY
"share of tesla inc rise 1.2 in premarket trading . other growth stock such as apple inc , amazon.com inc and meta platforms inc rise between 0.2 and 0.6 .",Meta Platforms Inc,Positive,COMPANY
"share of tesla inc rise 1.2 in premarket trading . other growth stock such as apple inc , amazon.com inc and meta platforms inc rise between 0.2 and 0.6 .",Amazon.com Inc,Positive,COMPANY
"share of tesla inc rise 1.2 in premarket trading . other growth stock such as apple inc , amazon.com inc and meta platforms inc rise between 0.2 and 0.6 .",Apple Inc,Positive,COMPANY
"overall , resilient corporate fundamental and continue but peak core inflation pressure make the case for additional hike , albeit at a slow pace , to account for the slowdown in economic growth , gs economist say .",GS,Neutral,OTHER
share of jpmorgan chase co slide after it post a 14 decline in fourthquartre earning due to a slowdown in the company 's trading arm . but result sail past analyst ' estimate on stellar result from its investment banking unit . nl4n2tu324,JPMorgan Chase & Co,Negative,OTHER
the 10year partnership represent walmart 's late push into health care and could help the retail giant well compete with cvs health and walgreen boot alliance .,CVS Health,Neutral,OTHER
the 10year partnership represent walmart 's late push into health care and could help the retail giant well compete with cvs health and walgreen boot alliance .,Walmart,Positive,PERSON
the 10year partnership represent walmart 's late push into health care and could help the retail giant well compete with cvs health and walgreen boot alliance .,Walgreens Boots Alliance,Neutral,PERSON
"tokyo japanese share end higher on tuesday , with investor take cue from some company ' strong outlook , even as share of toyota motor fall after post a worsethanexpected earning .",Toyota Motor,Negative,PERSON
"the group have a pretty good record of outperform the market in inflationary period and we be in an inflationary period , say peter tuz , president of chase investment counsel corp . the wealth management firm 's energy stock holding include chevron , baker hughe and halliburton .",Chevron,Neutral,PERSON
"the group have a pretty good record of outperform the market in inflationary period and we be in an inflationary period , say peter tuz , president of chase investment counsel corp . the wealth management firm 's energy stock holding include chevron , baker hughe and halliburton .",Halliburton,Neutral,PERSON
"the group have a pretty good record of outperform the market in inflationary period and we be in an inflationary period , say peter tuz , president of chase investment counsel corp . the wealth management firm 's energy stock holding include chevron , baker hughe and halliburton .",Baker Hughes,Neutral,PERSON
"the group have a pretty good record of outperform the market in inflationary period and we be in an inflationary period , say peter tuz , president of chase investment counsel corp . the wealth management firm 's energy stock holding include chevron , baker hughe and halliburton .",Chase Investment Counsel Corp,Neutral,COMPANY
"exclude onetime item , it report a profit of 18 cent , beat analyst ' estimate of 17 cent a share , accord to datum from refinitiv .",Refinitiv,Neutral,PERSON
""" the labor market remain very tight , and the claim datum do not show any sign that slack be emerge , "" write thomas simon , money market economist at jefferie . "" if anything , the recent claim datum suggest that the labor market be tighten up even more . """,Jefferies,Neutral,PERSON
"in the spot market , meanwhile , nextday gas price at the pge citygate in northern california rise to their high since february 2019 for a third day in a row .",PG&E Citygate,Positive,OTHER
"a 7.6 rebound in apple inc help soften the blow of the 6.8 plunge for amazon.com share , in the wake of the two market leader ' result .",Apple Inc,Positive,COMPANY
"a 7.6 rebound in apple inc help soften the blow of the 6.8 plunge for amazon.com share , in the wake of the two market leader ' result .",Amazon.com,Negative,OTHER
"spot tc , assess by asian metal , stand at 85.50 a tonne on nov . 17 , up 43.7 from the beginning of 2022 and high than the benchmark . however , spot deal account for a small fraction of the concentrate market .",Spot TC,Positive,OTHER
"spot tc , assess by asian metal , stand at 85.50 a tonne on nov . 17 , up 43.7 from the beginning of 2022 and high than the benchmark . however , spot deal account for a small fraction of the concentrate market .",Asian Metal,Neutral,PERSON
""" russia 's announcement be certainly bullish for price and the start of the week be very likely to see price climb , simply because less grain be go to come out of ukraine , "" arthur portier of consultancy agritel say .",Agritel,Neutral,PERSON
"tesla inc edge up 0.38 ahead of its earning after the bell , with focus on any weakness in demand that be start to weigh on the auto industry .",Tesla Inc,Positive,COMPANY
"microsoft corp and broadcom inc gain 1.6 and 3.9 , respectively , provide the big boost to the sp 500 and the nasdaq .",Microsoft Corp,Positive,COMPANY
"microsoft corp and broadcom inc gain 1.6 and 3.9 , respectively , provide the big boost to the sp 500 and the nasdaq .",Broadcom Inc,Positive,COMPANY
"microsoft corp and broadcom inc gain 1.6 and 3.9 , respectively , provide the big boost to the sp 500 and the nasdaq .",S&P 500,Positive,OTHER
"microsoft corp and broadcom inc gain 1.6 and 3.9 , respectively , provide the big boost to the sp 500 and the nasdaq .",Nasdaq,Positive,PERSON
"hong kongbase bare private equity asia have also position japan as a top priority , say atsushi takeiri , head of japan real estate . he join the firm last november from fortress investment group , which along with blackstone inc have already build a thriving property investment business in japan .",Fortress Investment Group,Neutral,PERSON
"hong kongbase bare private equity asia have also position japan as a top priority , say atsushi takeiri , head of japan real estate . he join the firm last november from fortress investment group , which along with blackstone inc have already build a thriving property investment business in japan .",Blackstone Inc,Neutral,COMPANY
"hong kongbase bare private equity asia have also position japan as a top priority , say atsushi takeiri , head of japan real estate . he join the firm last november from fortress investment group , which along with blackstone inc have already build a thriving property investment business in japan .",Baring Private Equity Asia,Neutral,PERSON
""" the iphone 's popularity have endure , with the iconic handset still make up over half of net sale , even though the market be crowd with many smart phone rival , "" say hargreave lansdown analyst susannah streeter .",Hargreaves Lansdown,Neutral,PERSON
""" the iphone 's popularity have endure , with the iconic handset still make up over half of net sale , even though the market be crowd with many smart phone rival , "" say hargreave lansdown analyst susannah streeter .",iPhone,Positive,OTHER
"highgrowth and megacap technology stock , whose valuation be vulnerable to rise bond yield , rise as treasury yield fall sharply across the board . apple inc , alphabet inc and amazon.com inc rise more than 2 each . we",Alphabet Inc,Positive,COMPANY
"highgrowth and megacap technology stock , whose valuation be vulnerable to rise bond yield , rise as treasury yield fall sharply across the board . apple inc , alphabet inc and amazon.com inc rise more than 2 each . we",Apple Inc,Positive,COMPANY
"highgrowth and megacap technology stock , whose valuation be vulnerable to rise bond yield , rise as treasury yield fall sharply across the board . apple inc , alphabet inc and amazon.com inc rise more than 2 each . we",Amazon.com Inc,Positive,COMPANY
"henry harteveldt , founder of travel consultancy atmosphere research group , say grow in size would also allow jetblue to attract pilot by offer they well career .",JetBlue,Positive,OTHER
"henry harteveldt , founder of travel consultancy atmosphere research group , say grow in size would also allow jetblue to attract pilot by offer they well career .",Atmosphere Research Group,Neutral,PERSON
"bank of america corp , another large mortgage lender , have not cut staff and have no plan to do so this year , say a source familiar with the matter . in fact , the bank expect "" good , balanced "" mortgage loan growth for 2022 , say deutsche bank analyst matt o'connor .",Deutsche Bank,Neutral,PERSON
"bank of america corp , another large mortgage lender , have not cut staff and have no plan to do so this year , say a source familiar with the matter . in fact , the bank expect "" good , balanced "" mortgage loan growth for 2022 , say deutsche bank analyst matt o'connor .",Bank of America Corp,Neutral,COMPANY
"malvido add the recent restructuring of mexican telecommunication company altan rede , with which it have an alliance for fix wireless , would help reverse the recent negative trend in its fix wireless business .",Altan Redes,Positive,PERSON
"megacap stock include tesla inc , amazon.com , microsoft corp , meta platform , apple inc and google owneralphabet inc gain over 0.5 each .",Amazon.com,Positive,OTHER
"megacap stock include tesla inc , amazon.com , microsoft corp , meta platform , apple inc and google owneralphabet inc gain over 0.5 each .",Alphabet Inc,Positive,COMPANY
"megacap stock include tesla inc , amazon.com , microsoft corp , meta platform , apple inc and google owneralphabet inc gain over 0.5 each .",Google,Positive,PERSON
"megacap stock include tesla inc , amazon.com , microsoft corp , meta platform , apple inc and google owneralphabet inc gain over 0.5 each .",Microsoft Corp,Positive,COMPANY
"megacap stock include tesla inc , amazon.com , microsoft corp , meta platform , apple inc and google owneralphabet inc gain over 0.5 each .",Meta Platforms,Positive,PERSON
"megacap stock include tesla inc , amazon.com , microsoft corp , meta platform , apple inc and google owneralphabet inc gain over 0.5 each .",Apple Inc,Positive,COMPANY
"megacap stock include tesla inc , amazon.com , microsoft corp , meta platform , apple inc and google owneralphabet inc gain over 0.5 each .",Tesla Inc,Positive,COMPANY
"opec say it have agree to boost output by 648,000 barrel per day bpd in july or 0.7 of global demand and a similar amount in august versus the initial plan to add 432,000 bpd a month over three month until september . nl1n2xp08u",OPEC+,Neutral,OTHER
"ark innovation , which have outsize position in zoom , tesla inc and roku inc , rise 1.9 in afternoon trading tuesday .",Zoom,Neutral,PERSON
"ark innovation , which have outsize position in zoom , tesla inc and roku inc , rise 1.9 in afternoon trading tuesday .",Roku Inc,Neutral,COMPANY
"ark innovation , which have outsize position in zoom , tesla inc and roku inc , rise 1.9 in afternoon trading tuesday .",ARK Innovation,Positive,OTHER
"ark innovation , which have outsize position in zoom , tesla inc and roku inc , rise 1.9 in afternoon trading tuesday .",Tesla Inc,Neutral,COMPANY
"healthcare stock jump 6.4 and the technology group gain 2.9 , with cannabis company canopy growth corp , tilray brand and crono group and technology firm shopify and lightspeed commerce among the big gainer .",Canopy Growth Corp,Positive,COMPANY
"healthcare stock jump 6.4 and the technology group gain 2.9 , with cannabis company canopy growth corp , tilray brand and crono group and technology firm shopify and lightspeed commerce among the big gainer .",Lightspeed Commerce,Positive,PERSON
"healthcare stock jump 6.4 and the technology group gain 2.9 , with cannabis company canopy growth corp , tilray brand and crono group and technology firm shopify and lightspeed commerce among the big gainer .",Tilray Brands,Positive,PERSON
"healthcare stock jump 6.4 and the technology group gain 2.9 , with cannabis company canopy growth corp , tilray brand and crono group and technology firm shopify and lightspeed commerce among the big gainer .",Shopify,Positive,PERSON
"healthcare stock jump 6.4 and the technology group gain 2.9 , with cannabis company canopy growth corp , tilray brand and crono group and technology firm shopify and lightspeed commerce among the big gainer .",Cronos Group,Positive,PERSON
"a strong dollar also weigh on share of it hardware and service company ibm corp , which beat quarterly revenue expectation on monday but warn the hit from forex for the year could be about 3.5 billion .",IBM Corp,Positive,COMPANY
"consumer debt grow rapidly in the first half of 2022 , with revolve credit balance rise at a 17 annualize pace . household have also be withdraw home equity at the fast pace since 2008 and demand for loan continue to increase , goldman economist say in a note .",Goldman,Neutral,PERSON
"high interest rate be come through for bank , with germany 's commerzbank swinge to a biggerthanexpected secondquarter net profit on wednesday nl8n2zf0z3 .",Commerzbank,Positive,PERSON
home depot inc surpass estimate for quarterly sale after demand from builder and high price help the big u.s . homeimprovement chain cushion the hit from dwindle store visit . home depot 's share be rise 2.57 .,Home Depot Inc,Positive,COMPANY
home depot inc surpass estimate for quarterly sale after demand from builder and high price help the big u.s . homeimprovement chain cushion the hit from dwindle store visit . home depot 's share be rise 2.57 .,Home Depot,Positive,PERSON
""" include today 's rate hike , the rbi have raise effective policy rate by 155 bps this year through a series of rate hike and liquidity tighten measure i.e. from 3.35 reverse repo to revise 4.90 repo rate . we expect peak repo rate in the current tighten cycle at 6 give that cpi inflation be likely to average 5 to 5.5 in 12 to 18 month from now . """,RBI,Neutral,OTHER
"shell edge 0.3 up as the oil major report a record quarterly profit of 11.5 billion , lift by a tripling of refining profit and strong gas trading . nl1n2z90ck",Shell,Positive,PERSON
"still , share of jpmorgan and wells fargo gain strongly , up 2.5 and 3.7 respectively while citi gain 1.2 as the profit fall be not as deep as fear .",JPMorgan,Positive,OTHER
"still , share of jpmorgan and wells fargo gain strongly , up 2.5 and 3.7 respectively while citi gain 1.2 as the profit fall be not as deep as fear .",Citi,Positive,PERSON
"still , share of jpmorgan and wells fargo gain strongly , up 2.5 and 3.7 respectively while citi gain 1.2 as the profit fall be not as deep as fear .",Wells Fargo,Positive,PERSON
"aaii report that bullish sentiment , or expectation that stock price will rise over the next six month , surge by 10.3 percentage point to 32.8 . optimism be last at this level on jan . 6 , 2022 . even with the big jump , however , bullish sentiment remain below its historical average of 38.0 for the 18th consecutive week .",AAII,Neutral,OTHER
"though a small player in smartphone overall , google 's sale be accelerate . it ship 3 million phone in the first half of this year , up 131 on a year ago , accord to track company canaly . report by paresh dave ; edit by peter henderson and richard pullin paresh.davethomsonreuters.com ; 4155651302 ;",Google,Positive,PERSON
"though a small player in smartphone overall , google 's sale be accelerate . it ship 3 million phone in the first half of this year , up 131 on a year ago , accord to track company canaly . report by paresh dave ; edit by peter henderson and richard pullin paresh.davethomsonreuters.com ; 4155651302 ;",Canalys,Neutral,PERSON
"bank , which tend to benefit from a rise rate environment , gain 2.1 . healthcare stock get a boost from health insurer humana inc 's strong earning forecast . nl4n30m29z",Banks,Positive,PERSON
"bank , which tend to benefit from a rise rate environment , gain 2.1 . healthcare stock get a boost from health insurer humana inc 's strong earning forecast . nl4n30m29z",Humana Inc,Positive,COMPANY
"bank , which tend to benefit from a rise rate environment , gain 2.1 . healthcare stock get a boost from health insurer humana inc 's strong earning forecast . nl4n30m29z",Healthcare stocks,Positive,OTHER
"trader also appear to be lean toward a republican win a basket of stock and other asset track by advisory firm strategas that would be expect to do well after a republican victory have outperform a counterpart democrat portfolio , indicate a roughly 70 chance that republicans win both the house and senate .",Strategas,Neutral,PERSON
"in corporate news , early call point to gain for aerospace contractor senior and grocer premier food follow result . french train maker alstom be also see rise after cash flow and order beat forecast .",Senior,Positive,PERSON
"in corporate news , early call point to gain for aerospace contractor senior and grocer premier food follow result . french train maker alstom be also see rise after cash flow and order beat forecast .",Alstom,Positive,PERSON
"in corporate news , early call point to gain for aerospace contractor senior and grocer premier food follow result . french train maker alstom be also see rise after cash flow and order beat forecast .",Premier Foods,Positive,PERSON
"analyst in aggregate believe the sp 500 post yearoveryear earning growth of 9.7 in the april to june period , much strong than the 5.6 predict at quarterend , per refinitiv .",S&P 500,Positive,OTHER
"analyst in aggregate believe the sp 500 post yearoveryear earning growth of 9.7 in the april to june period , much strong than the 5.6 predict at quarterend , per refinitiv .",Refinitiv,Neutral,PERSON
"boeing argue it be safe to have one common 737 cockpit alert system . "" a consistent operational experience across an airplane family be an industry good practice that benefit flight crew and the fly public by enhance safety and reduce risk , "" boeing say .",Boeing,Neutral,PERSON
"boeing argue it be safe to have one common 737 cockpit alert system . "" a consistent operational experience across an airplane family be an industry good practice that benefit flight crew and the fly public by enhance safety and reduce risk , "" boeing say .",Boeing,Neutral,PERSON
"the dow and sp 500 rise on tuesday as strongerthanexpecte result and outlook from walmart and home depot bolster view on the health of consumer , while technology share decline and weigh on the nasdaq . .n",Walmart,Positive,PERSON
"the dow and sp 500 rise on tuesday as strongerthanexpecte result and outlook from walmart and home depot bolster view on the health of consumer , while technology share decline and weigh on the nasdaq . .n",Home Depot,Positive,PERSON
"the dow and sp 500 rise on tuesday as strongerthanexpecte result and outlook from walmart and home depot bolster view on the health of consumer , while technology share decline and weigh on the nasdaq . .n",Dow,Positive,PERSON
"the dow and sp 500 rise on tuesday as strongerthanexpecte result and outlook from walmart and home depot bolster view on the health of consumer , while technology share decline and weigh on the nasdaq . .n",Nasdaq,Negative,PERSON
"the dow and sp 500 rise on tuesday as strongerthanexpecte result and outlook from walmart and home depot bolster view on the health of consumer , while technology share decline and weigh on the nasdaq . .n",S&P 500,Positive,OTHER
"shortstay book online via airbnb , booking.com , tripadvisor , and expedia in the eu 's most popular destination country recover almost completely above prepandemic level , the office say , with the high increase record in february and may , up 10.9 and 5.6 , respectively , compare to 2019 .",Booking.com,Positive,OTHER
"shortstay book online via airbnb , booking.com , tripadvisor , and expedia in the eu 's most popular destination country recover almost completely above prepandemic level , the office say , with the high increase record in february and may , up 10.9 and 5.6 , respectively , compare to 2019 .",Expedia,Positive,PERSON
"shortstay book online via airbnb , booking.com , tripadvisor , and expedia in the eu 's most popular destination country recover almost completely above prepandemic level , the office say , with the high increase record in february and may , up 10.9 and 5.6 , respectively , compare to 2019 .",Tripadvisor,Positive,PERSON
"shortstay book online via airbnb , booking.com , tripadvisor , and expedia in the eu 's most popular destination country recover almost completely above prepandemic level , the office say , with the high increase record in february and may , up 10.9 and 5.6 , respectively , compare to 2019 .",Airbnb,Positive,PERSON
"the dow jones industrial average rise 397.82 point , or 1.18 , to 34,098.1 , the sp 500 gain 53.64 point , or 1.36 , to 4,003.58 and the nasdaq composite add 149.90 point , or 1.36 , to 11,174.41 .",Dow Jones Industrial Average,Positive,PERSON
"the dow jones industrial average rise 397.82 point , or 1.18 , to 34,098.1 , the sp 500 gain 53.64 point , or 1.36 , to 4,003.58 and the nasdaq composite add 149.90 point , or 1.36 , to 11,174.41 .",Nasdaq Composite,Positive,PERSON
"the dow jones industrial average rise 397.82 point , or 1.18 , to 34,098.1 , the sp 500 gain 53.64 point , or 1.36 , to 4,003.58 and the nasdaq composite add 149.90 point , or 1.36 , to 11,174.41 .",S&P 500,Positive,OTHER
stock be rally sharply in late morning trading thursday with the sp 500 up more than 4 and the nasdaq up more than 5 follow datum that u.s . consumer price rise less than expect last month .,Nasdaq,Positive,PERSON
stock be rally sharply in late morning trading thursday with the sp 500 up more than 4 and the nasdaq up more than 5 follow datum that u.s . consumer price rise less than expect last month .,S&P 500,Positive,OTHER
"with sp 500 earning expect to grow 8.4 in 2022 , the backdrop for stock appear to be a solid one . however , skittish investor have punish company such as netflix , jpmorgan and tesla deliver less than stellar news in recent week , add to the uneasy mood . another large batch of report be due next week , include from heavyweight alphabet and amazon .",JPMorgan,Negative,OTHER
"with sp 500 earning expect to grow 8.4 in 2022 , the backdrop for stock appear to be a solid one . however , skittish investor have punish company such as netflix , jpmorgan and tesla deliver less than stellar news in recent week , add to the uneasy mood . another large batch of report be due next week , include from heavyweight alphabet and amazon .",Tesla,Negative,PERSON
"with sp 500 earning expect to grow 8.4 in 2022 , the backdrop for stock appear to be a solid one . however , skittish investor have punish company such as netflix , jpmorgan and tesla deliver less than stellar news in recent week , add to the uneasy mood . another large batch of report be due next week , include from heavyweight alphabet and amazon .",S&P 500,Positive,OTHER
"with sp 500 earning expect to grow 8.4 in 2022 , the backdrop for stock appear to be a solid one . however , skittish investor have punish company such as netflix , jpmorgan and tesla deliver less than stellar news in recent week , add to the uneasy mood . another large batch of report be due next week , include from heavyweight alphabet and amazon .",Netflix,Negative,PERSON
"with sp 500 earning expect to grow 8.4 in 2022 , the backdrop for stock appear to be a solid one . however , skittish investor have punish company such as netflix , jpmorgan and tesla deliver less than stellar news in recent week , add to the uneasy mood . another large batch of report be due next week , include from heavyweight alphabet and amazon .",Amazon,Neutral,PERSON
"with sp 500 earning expect to grow 8.4 in 2022 , the backdrop for stock appear to be a solid one . however , skittish investor have punish company such as netflix , jpmorgan and tesla deliver less than stellar news in recent week , add to the uneasy mood . another large batch of report be due next week , include from heavyweight alphabet and amazon .",Alphabet,Neutral,PERSON
"investment bank bofa say it have turn "" tactically constructive "" on china 's stock market , on sign that uncertaintie surround the country 's covid strategy , property sector and regulatory and monetary policy be now ease .",BofA,Neutral,OTHER
"disney post adjusted earningspershare of 1.09 , up 36 from a year early , as visitor pack its theme park . operate income more than double at the park , experience and product division to 3.6 billion .",Disney,Positive,PERSON
""" market have set off on another rocky ride over inflation fear , follow a strong jump in the u.s . consumer price index that be great than even analyst ' high estimate , "" say steve clayton , fund manager at hargreave lansdown .",Hargreaves Lansdown,Neutral,PERSON
"as the ethereum megaupgrade seem on track for a release on september 15 , the "" most significant event in the history of the cryptoecosystem "" should generate far more revenue for cryptoexchange , particularly coinbase , say jp.morgan in a note on wednesday .",JP.Morgan,Neutral,OTHER
"as the ethereum megaupgrade seem on track for a release on september 15 , the "" most significant event in the history of the cryptoecosystem "" should generate far more revenue for cryptoexchange , particularly coinbase , say jp.morgan in a note on wednesday .",Ethereum,Positive,PERSON
"as the ethereum megaupgrade seem on track for a release on september 15 , the "" most significant event in the history of the cryptoecosystem "" should generate far more revenue for cryptoexchange , particularly coinbase , say jp.morgan in a note on wednesday .",Coinbase,Positive,PERSON
"across commodity , brent crude future rise about 2.6 , while u.s . west texas intermediate crude extend early gain , up 2.4 , as concern about supply shortage ahead of the next meeting of opec minister offset doubt around the economic outlook .",Brent crude futures,Positive,OTHER
"across commodity , brent crude future rise about 2.6 , while u.s . west texas intermediate crude extend early gain , up 2.4 , as concern about supply shortage ahead of the next meeting of opec minister offset doubt around the economic outlook .",U.S. West Texas Intermediate crude,Positive,OTHER
"meanwhile , automaker ' stock be a bright spot in the tepid market , with carmaker maruti suzuki india climb 4 to its high in over 4 year .",Maruti Suzuki India,Positive,PERSON
"travel website kayak say search for international travel , include to europe , from the united states be up nearly 40 from last year .",KAYAK,Neutral,OTHER
"in europe , trader see gain in siemen after the german engineer beat profit expectation and forecast strong demand for hardware and software despite the complex macro . goodlooke news too from thyssenkrupp , which propose its first dividend in four year . burberry could also see support after the quarterly sale growth at the british luxury brand beat forecast .",Burberry,Positive,PERSON
"in europe , trader see gain in siemen after the german engineer beat profit expectation and forecast strong demand for hardware and software despite the complex macro . goodlooke news too from thyssenkrupp , which propose its first dividend in four year . burberry could also see support after the quarterly sale growth at the british luxury brand beat forecast .",Siemens,Positive,PERSON
"in europe , trader see gain in siemen after the german engineer beat profit expectation and forecast strong demand for hardware and software despite the complex macro . goodlooke news too from thyssenkrupp , which propose its first dividend in four year . burberry could also see support after the quarterly sale growth at the british luxury brand beat forecast .",Thyssenkrupp,Positive,PERSON
"morgan stanley say advisory revenue nearly double from a year ago drive by complete ma transaction . goldman sachs say revenue at its advisory business be "" essentially unchanged . """,Morgan Stanley,Positive,PERSON
"morgan stanley say advisory revenue nearly double from a year ago drive by complete ma transaction . goldman sachs say revenue at its advisory business be "" essentially unchanged . """,Goldman Sachs,Neutral,PERSON
""" while off to a somewhat rocky start , 2022 will be a good year for u.s . manufacturing , "" say oren klachkin , lead u.s . economist at oxford economics in new york .",Oxford Economics,Neutral,PERSON
"lockheed martin shoot up 8.49 after the weapon maker post strongerthanexpecte quarterly revenue and maintain its 2022 revenue view . the gain help lift the sp industrial index 1.79 , the strong performance of the 11 major sector .",S&P industrials index,Positive,OTHER
"lockheed martin shoot up 8.49 after the weapon maker post strongerthanexpecte quarterly revenue and maintain its 2022 revenue view . the gain help lift the sp industrial index 1.79 , the strong performance of the 11 major sector .",Lockheed Martin,Positive,PERSON
""" inflation be start to dwindle in the pipeline , and obviously that will show up in consumer inflation as well , "" say peter cardillo , chief market economist at spartan capital security in new york . "" this be good news for the market and good news for the consumer . it confirm that we have peak in inflation .",Spartan Capital Securities,Neutral,PERSON
"raytheon beat out boeing and lockheed martin to continue its development of the weapon . the award be a significant advance in the development of hypersonic weapon for the u.s . , and put raytheon in an early lead for a series of related contract award in the year ahead .",Raytheon,Positive,PERSON
"raytheon beat out boeing and lockheed martin to continue its development of the weapon . the award be a significant advance in the development of hypersonic weapon for the u.s . , and put raytheon in an early lead for a series of related contract award in the year ahead .",Lockheed Martin,Negative,PERSON
"raytheon beat out boeing and lockheed martin to continue its development of the weapon . the award be a significant advance in the development of hypersonic weapon for the u.s . , and put raytheon in an early lead for a series of related contract award in the year ahead .",Boeing,Negative,PERSON
"raytheon beat out boeing and lockheed martin to continue its development of the weapon . the award be a significant advance in the development of hypersonic weapon for the u.s . , and put raytheon in an early lead for a series of related contract award in the year ahead .",Raytheon,Positive,PERSON
refinitiv project average u.s . gas demand include export would slide from 99.3 bcfd this week to 97.5 bcfd next week as extreme heat start to ease in some part of the country . the forecast for next week be high than refinitiv 's outlook on wednesday .,Refinitiv,Neutral,PERSON
refinitiv project average u.s . gas demand include export would slide from 99.3 bcfd this week to 97.5 bcfd next week as extreme heat start to ease in some part of the country . the forecast for next week be high than refinitiv 's outlook on wednesday .,Refinitiv,Neutral,PERSON
""" our economist believe that the progressive distribution remove much of the oversized drag on low income household , provide some cushion to domestic demand "" , the barclays analyst reckon .",Barclays,Neutral,PERSON
"the combination of stubborn supply disruption and elevated energy price will prevent producer price from revert to more normal pattern until later this year , "" write mahir rasheed , u.s . economist at oxford economics , add that the report 's "" reinforce the case for the fomc to commence rate liftoff at next month 's policy meeting with a rate hike of at least 25 basis point . """,Oxford Economics,Neutral,PERSON
"the combination of stubborn supply disruption and elevated energy price will prevent producer price from revert to more normal pattern until later this year , "" write mahir rasheed , u.s . economist at oxford economics , add that the report 's "" reinforce the case for the fomc to commence rate liftoff at next month 's policy meeting with a rate hike of at least 25 basis point . """,FOMC,Neutral,OTHER
"meanwhile , united airlines holdings inc and american airlines group inc rise 8.7 and 11.3 , respectively , after their upbeat outlook on booking due to boom travel demand . nl2n2wi2ch nl3n2wj2by",American Airlines Group Inc,Positive,COMPANY
"meanwhile , united airlines holdings inc and american airlines group inc rise 8.7 and 11.3 , respectively , after their upbeat outlook on booking due to boom travel demand . nl2n2wi2ch nl3n2wj2by",United Airlines Holdings Inc,Positive,COMPANY
"the war in ukraine no long seem likely to devolve into a broad conflict ; the number of new covid case in china have fall by half ; and global inflation have peak , bca say in a report send on tuesday . the outlook for stock have brighten .",BCA,Neutral,OTHER
large peer halliburton co and baker hughe co both post strong firstquarter profit and forecast high margin this year . nl3n2wi28cnl3n2wh23q,Halliburton Co,Positive,PERSON
large peer halliburton co and baker hughe co both post strong firstquarter profit and forecast high margin this year . nl3n2wi28cnl3n2wh23q,Baker Hughes Co,Positive,PERSON
"walmart inc have also lift its annual sale and profit outlook on strong demand for grocery and well inventory level , but it forecast a mute holiday season as discretionary spending remain pressured .",Walmart Inc,Positive,COMPANY
"china stock shed 0.6 each , while hong kong share fall 2.5 . the msci 's index for develop world currency edge 0.1 higher .",China stocks,Negative,OTHER
"china stock shed 0.6 each , while hong kong share fall 2.5 . the msci 's index for develop world currency edge 0.1 higher .",Hong Kong shares,Negative,OTHER
"china stock shed 0.6 each , while hong kong share fall 2.5 . the msci 's index for develop world currency edge 0.1 higher .",MSCI's index for developing world currencies,Positive,OTHER
"exxon mobil and chevron report a surge in profit early this week , while conocophillip raise its equity buyback plan to 45 billion after quarterly net income nearly double .",ConocoPhillips,Positive,OTHER
"exxon mobil and chevron report a surge in profit early this week , while conocophillip raise its equity buyback plan to 45 billion after quarterly net income nearly double .",Chevron,Positive,PERSON
"exxon mobil and chevron report a surge in profit early this week , while conocophillip raise its equity buyback plan to 45 billion after quarterly net income nearly double .",Exxon Mobil,Positive,PERSON
"? samsung to lure 175 million exist india customer with cashback card samsung electronics be target repeat purchase from its 175 million customer in india through a new cashback credit card , a senior executive say , a move to boost sale in the critical market where it be once the top smartphone seller . nl4n30x1yt",Samsung Electronics,Neutral,PERSON
"? samsung to lure 175 million exist india customer with cashback card samsung electronics be target repeat purchase from its 175 million customer in india through a new cashback credit card , a senior executive say , a move to boost sale in the critical market where it be once the top smartphone seller . nl4n30x1yt",Samsung,Neutral,PERSON
united airlines holdings inc jump 5.8 as the u.s . carrier post its strong quarterly earning in three year . report by ankika biswas and shreyashi sanyal in bengaluru ; edit by sriraj kalluvila and arun koyyur ankika.biswasthomsonreuters.com ;,United Airlines Holdings Inc,Positive,COMPANY
"carvana co jump 8.2 as piper sandler upgrade the online usedcar seller 's stock to "" overweight "" from "" neutral "" , say it be grossly undervalue . nl1n30j0hg",Carvana Co,Positive,PERSON
"carvana co jump 8.2 as piper sandler upgrade the online usedcar seller 's stock to "" overweight "" from "" neutral "" , say it be grossly undervalue . nl1n30j0hg",Piper Sandler,Positive,PERSON
"the sp 500 gain 4.4 in december , the 20th time the index have log a december gain of at least 4 since 1928 , accord to frank cappelleri , desk strategist at instinet .",Instinet,Neutral,PERSON
"the sp 500 gain 4.4 in december , the 20th time the index have log a december gain of at least 4 since 1928 , accord to frank cappelleri , desk strategist at instinet .",S&P 500,Positive,OTHER
"on an adjusted basis , ice net income rise 12.4 to 739 million , or 1.32 per share , in the quarter end june 30 . analyst on average be expect the company to report a profit of 1.27 per share , accord to refinitiv ibe datum .",ICE,Positive,OTHER
"on an adjusted basis , ice net income rise 12.4 to 739 million , or 1.32 per share , in the quarter end june 30 . analyst on average be expect the company to report a profit of 1.27 per share , accord to refinitiv ibe datum .",Refinitiv,Neutral,PERSON
the federal reserve have raise its policy rate by 375 basis point this year from near zero to a 3.754.00 range as it battle high inflation in what have become the fast ratehiking cycle since the 1980s .,Federal Reserve,Neutral,PERSON
""" we know aviation safety and 5 g can coexist and we be confident further collaboration and technical assessment will allay any issue , "" att say .",AT&T,Neutral,OTHER
"in april it report a record annual profit help by client win and deep relationship with the like of alphabet 's google , uber and tiktok .",Alphabet,Neutral,PERSON
"in april it report a record annual profit help by client win and deep relationship with the like of alphabet 's google , uber and tiktok .",Google,Neutral,PERSON
"in april it report a record annual profit help by client win and deep relationship with the like of alphabet 's google , uber and tiktok .",Uber,Neutral,PERSON
"in april it report a record annual profit help by client win and deep relationship with the like of alphabet 's google , uber and tiktok .",TikTok,Neutral,OTHER
"citigroup be the big gainer in the index and be last up 9.7 , on track for its big oneday percentage gain since november 2020 after post a smallerthanexpecte 27 drop in quarterly profit . the thirdlarg u.s . bank 's trading desk cash in on commodity and foreign exchange market volatility even as investment banking slump .",Citigroup,Positive,PERSON
"jubilant foodworks ltd , which run the domino 's pizza chain of restaurant in india , report a near10 jump in secondquarter profit on tuesday , as people dine out more follow the easing of covid19 restriction .",Jubilant FoodWorks Ltd,Positive,COMPANY
"jubilant foodworks ltd , which run the domino 's pizza chain of restaurant in india , report a near10 jump in secondquarter profit on tuesday , as people dine out more follow the easing of covid19 restriction .",Domino's Pizza,Positive,OTHER
"mcmullen say the combine entity could well compete head to head with "" large , nonunion "" grocer a reference to player such as walmart inc and target corp , both of which also sell grocery .",Target Corp,Neutral,COMPANY
"mcmullen say the combine entity could well compete head to head with "" large , nonunion "" grocer a reference to player such as walmart inc and target corp , both of which also sell grocery .",Walmart Inc,Neutral,COMPANY
"not only have analyst expect a 1.4 decline , the modest gain stand on the shoulder of february 's upwardly adjust 1.788 million unit saar , accord to the commerce department .",Commerce Department,Neutral,PERSON
"share of rooftop solar system provider , include sunrun inc , sunpower corp and sunnova energy international inc , close 20 to 27 high on thursday .",Sunrun Inc,Positive,COMPANY
"share of rooftop solar system provider , include sunrun inc , sunpower corp and sunnova energy international inc , close 20 to 27 high on thursday .",SunPower Corp,Positive,COMPANY
"share of rooftop solar system provider , include sunrun inc , sunpower corp and sunnova energy international inc , close 20 to 27 high on thursday .",Sunnova Energy International Inc,Positive,COMPANY
"harry hu , a senior director at sp global rating estimate that chinese bank nonperforme ratio in the property development sector will rise to around 5.5 to 5.6 by yearend , up from a 2.6 sectorwide npl ratio at end2021 .",S&P Global Ratings,Neutral,OTHER
"bank of america throw the week 's first earning pitch , beat profit estimate as its strong consumer business help mitigate sluggish global dealmaking . its share be last up around 2.5 . nl3n2wg1t3",Bank of America,Positive,OTHER
"while stress on these bank have be at a high level due to crypto price volatility , kbw actually believe crypto banking trend could be more positive than the market expect in july when q2 earning come around .",KBW,Neutral,OTHER
"mcdonald 's global samestore sale increase 9.5 in the third quarter end sept . 30 , compare with estimate for a 5.8 rise , accord to ibe datum from refinitiv .",McDonald,Positive,OTHER
"mcdonald 's global samestore sale increase 9.5 in the third quarter end sept . 30 , compare with estimate for a 5.8 rise , accord to ibe datum from refinitiv .",IBES,Neutral,OTHER
"mcdonald 's global samestore sale increase 9.5 in the third quarter end sept . 30 , compare with estimate for a 5.8 rise , accord to ibe datum from refinitiv .",Refinitiv,Neutral,PERSON
"that also help boost u.s.listed share of chinese firm such as jd.com , up 3.86 , and alibaba group holding , which gain 5.12 .",JD.Com,Positive,OTHER
"that also help boost u.s.listed share of chinese firm such as jd.com , up 3.86 , and alibaba group holding , which gain 5.12 .",Alibaba Group Holding,Positive,PERSON
"the big macro force at play be the strong rally in u.s . stock on friday , after citigroup 's earning beat and steady iron ore and other commodity price , say henry jennings , a senior analyst and portfolio manager at marcustoday financial newsletter . .n",Citigroup,Positive,PERSON
"the big macro force at play be the strong rally in u.s . stock on friday , after citigroup 's earning beat and steady iron ore and other commodity price , say henry jennings , a senior analyst and portfolio manager at marcustoday financial newsletter . .n",Marcustoday Financial Newsletter,Neutral,PERSON
"defensive group consider safe bet in rocky economic time be the topperforming sector . among those group , utility , consumer staple and healthcare all rise over 1 .",healthcare,Positive,OTHER
"defensive group consider safe bet in rocky economic time be the topperforming sector . among those group , utility , consumer staple and healthcare all rise over 1 .",consumer staples,Positive,OTHER
"defensive group consider safe bet in rocky economic time be the topperforming sector . among those group , utility , consumer staple and healthcare all rise over 1 .",utilities,Positive,OTHER
"petroleo brasileiro sa , as it be formally know , report net profit of 46.1 billion reais 9.01 billion , above the 43.37 billion reais forecast of analyst poll by refinitiv .",Petroleo Brasileiro SA,Positive,OTHER
"petroleo brasileiro sa , as it be formally know , report net profit of 46.1 billion reais 9.01 billion , above the 43.37 billion reais forecast of analyst poll by refinitiv .",Refinitiv,Neutral,PERSON
"miner rise about 1.1 , despite weak iron ore price , with index heavyweight such as rio tinto , bhp group and fortescue metal gain between 0.7 and 1.8 .",BHP Group,Positive,OTHER
"miner rise about 1.1 , despite weak iron ore price , with index heavyweight such as rio tinto , bhp group and fortescue metal gain between 0.7 and 1.8 .",Miners,Positive,PERSON
"miner rise about 1.1 , despite weak iron ore price , with index heavyweight such as rio tinto , bhp group and fortescue metal gain between 0.7 and 1.8 .",Fortescue Metals,Positive,PERSON
"miner rise about 1.1 , despite weak iron ore price , with index heavyweight such as rio tinto , bhp group and fortescue metal gain between 0.7 and 1.8 .",Rio Tinto,Positive,PERSON
it will also help hdfc bank shrink the gap with staterun lender and big rival state bank of india while boost competition in the home loan space as people step up purchase with pandemic woe recede .,State Bank of India,Neutral,OTHER
it will also help hdfc bank shrink the gap with staterun lender and big rival state bank of india while boost competition in the home loan space as people step up purchase with pandemic woe recede .,HDFC Bank,Positive,OTHER
"european fertilizer maker this month wow investor , with germany 's ks ag raise its fullyear core profit forecast by 40 , while norway 's yara international asa post a strongerthanexpected core profit even as it flag high natural gas cost . nl5n2wb28c nl5n2wp25l",Yara International ASA,Positive,OTHER
"european fertilizer maker this month wow investor , with germany 's ks ag raise its fullyear core profit forecast by 40 , while norway 's yara international asa post a strongerthanexpected core profit even as it flag high natural gas cost . nl5n2wb28c nl5n2wp25l",K+S AG,Positive,OTHER
"in january , tesla report record quarterly delivery that far exceed wall street estimate , ride out global chip shortage as it ramp up china production . it be the sixth consecutive quarter that the world 's most valuable automaker post record delivery . nl1n2tj0zm",Tesla,Positive,PERSON
"one of the first number investor look for in ubs earning be net new feegenerating asset , a measure of whether client be pull their cash or hand ubs more money to invest on their behalf . the good news be that the figure be positive in the second quarter , despite the market storm . the bad news be that , at just 400 million , it be far low than the quarterly average of 18.6 billion since the start of 2020 . ubs even lose 3.5 billion of asset in the america .",UBS,Neutral,OTHER
"one of the first number investor look for in ubs earning be net new feegenerating asset , a measure of whether client be pull their cash or hand ubs more money to invest on their behalf . the good news be that the figure be positive in the second quarter , despite the market storm . the bad news be that , at just 400 million , it be far low than the quarterly average of 18.6 billion since the start of 2020 . ubs even lose 3.5 billion of asset in the america .",UBS,Neutral,OTHER
"one of the first number investor look for in ubs earning be net new feegenerating asset , a measure of whether client be pull their cash or hand ubs more money to invest on their behalf . the good news be that the figure be positive in the second quarter , despite the market storm . the bad news be that , at just 400 million , it be far low than the quarterly average of 18.6 billion since the start of 2020 . ubs even lose 3.5 billion of asset in the america .",UBS,Negative,OTHER
"in the uk , the ftse 100 index , which reopen follow a long weekend , fall 0.4 . in france , bnp rise 4 after a sharp increase in trading activity help the country 's big lender top earning growth expectation .",FTSE 100,Negative,OTHER
"in the uk , the ftse 100 index , which reopen follow a long weekend , fall 0.4 . in france , bnp rise 4 after a sharp increase in trading activity help the country 's big lender top earning growth expectation .",BNP,Positive,OTHER
edenre have benefit this year from staff shortage and rise inflation that have push employer to spend more on worker ' benefit . share have climb by more than 40 .,Edenred,Positive,PERSON
"it raise its rating on hilton , hyatt and marriott to "" buy "" , and even with the threat of a recession move into 2023 , the pace of recovery in the hotel industry mean be significant enough for a strong revpar increase in 2023 , and that this be not be fairly reflect in the share price .",Marriott,Positive,PERSON
"it raise its rating on hilton , hyatt and marriott to "" buy "" , and even with the threat of a recession move into 2023 , the pace of recovery in the hotel industry mean be significant enough for a strong revpar increase in 2023 , and that this be not be fairly reflect in the share price .",Hyatt,Positive,PERSON
"it raise its rating on hilton , hyatt and marriott to "" buy "" , and even with the threat of a recession move into 2023 , the pace of recovery in the hotel industry mean be significant enough for a strong revpar increase in 2023 , and that this be not be fairly reflect in the share price .",Hilton,Positive,PERSON
lithia on wednesday report it double its first quarter net income compare to a year early as revenue rise by 54 .,Lithia,Positive,PERSON
"the earning picture for sp 500 company brighten slightly on friday , with apple share up more than 7 after it report quarterly result late thursday .",S&P 500,Positive,OTHER
"the earning picture for sp 500 company brighten slightly on friday , with apple share up more than 7 after it report quarterly result late thursday .",Apple,Positive,PERSON
"but then it become apparent this week that all of retail be not uniformly miserable , with company include nordstrom and macy 's release decent number and upbeat financial forecast . williamssonoma , up 13.9 , also beat quarterly revenue expectation on strong demand for its furniture and home improvement good . nl3n2xh3f0",Williams-Sonoma,Positive,OTHER
"but then it become apparent this week that all of retail be not uniformly miserable , with company include nordstrom and macy 's release decent number and upbeat financial forecast . williamssonoma , up 13.9 , also beat quarterly revenue expectation on strong demand for its furniture and home improvement good . nl3n2xh3f0",Nordstrom,Positive,PERSON
"but then it become apparent this week that all of retail be not uniformly miserable , with company include nordstrom and macy 's release decent number and upbeat financial forecast . williamssonoma , up 13.9 , also beat quarterly revenue expectation on strong demand for its furniture and home improvement good . nl3n2xh3f0",Macy's,Positive,OTHER
"worsen the mood , russian president vladimir putin put nucleararmed force on high alert on sunday . nl1n2v308i defense stock l3harris technology , raytheon technology , lockheed martin corp , general dynamics corp and northrop grumman jump between 4.5 and 6.6 in premarket trading follow news that germany would increase its military spending . nl4n2v33hq",General Dynamics Corp,Positive,COMPANY
"worsen the mood , russian president vladimir putin put nucleararmed force on high alert on sunday . nl1n2v308i defense stock l3harris technology , raytheon technology , lockheed martin corp , general dynamics corp and northrop grumman jump between 4.5 and 6.6 in premarket trading follow news that germany would increase its military spending . nl4n2v33hq",Raytheon Technologies,Positive,PERSON
"worsen the mood , russian president vladimir putin put nucleararmed force on high alert on sunday . nl1n2v308i defense stock l3harris technology , raytheon technology , lockheed martin corp , general dynamics corp and northrop grumman jump between 4.5 and 6.6 in premarket trading follow news that germany would increase its military spending . nl4n2v33hq",Northrop Grumman,Positive,PERSON
"worsen the mood , russian president vladimir putin put nucleararmed force on high alert on sunday . nl1n2v308i defense stock l3harris technology , raytheon technology , lockheed martin corp , general dynamics corp and northrop grumman jump between 4.5 and 6.6 in premarket trading follow news that germany would increase its military spending . nl4n2v33hq",L3Harris Technologies,Positive,OTHER
"worsen the mood , russian president vladimir putin put nucleararmed force on high alert on sunday . nl1n2v308i defense stock l3harris technology , raytheon technology , lockheed martin corp , general dynamics corp and northrop grumman jump between 4.5 and 6.6 in premarket trading follow news that germany would increase its military spending . nl4n2v33hq",Lockheed Martin Corp,Positive,COMPANY
"still , with the spx 's recent strength nl1n2xn0pg nl1n2xo0my , the measure have warm up a bit and be now just over 30 . a rise to challenge just its march 2022 high , would put it close to 60 .",SPX,Positive,OTHER
""" while a rise unemployment rate may surprise the rbnz , the labour market continue to generate employment that far exceed the maximum sustainable level , "" jarrod kerr , chief economist at kiwibank .",Kiwibank,Neutral,PERSON
""" while a rise unemployment rate may surprise the rbnz , the labour market continue to generate employment that far exceed the maximum sustainable level , "" jarrod kerr , chief economist at kiwibank .",RBNZ,Neutral,OTHER
peloton interactive surge after the stationary bike company say it would sell its product on amazon in a bid to boost sale that have drop follow the end of pandemic lockdown . nl4n3002m1,Amazon,Neutral,PERSON
peloton interactive surge after the stationary bike company say it would sell its product on amazon in a bid to boost sale that have drop follow the end of pandemic lockdown . nl4n3002m1,Peloton Interactive,Positive,PERSON
datum provider refinitiv say average gas output in the u.s . low 48 state rise to 98.8 bcfd so far in september from a record 98.0 bcfd in august .,Refinitiv,Neutral,PERSON
"result be be watch carefully kenya be the region 's rich economy , a stable nation in a volatile region and a close western ally that host regional headquarters for alphabet , visa and other international group .",Visa,Neutral,PERSON
"result be be watch carefully kenya be the region 's rich economy , a stable nation in a volatile region and a close western ally that host regional headquarters for alphabet , visa and other international group .",Alphabet,Neutral,PERSON
upbeat remark by chinese regulator about policy support and rise expectation among investor about ease of strict covid19 measure boost sentiment in asia . chinese bluechip and hong kong stock gain 1.2 and 2.4 respectively .,Hong Kong stocks,Positive,OTHER
upbeat remark by chinese regulator about policy support and rise expectation among investor about ease of strict covid19 measure boost sentiment in asia . chinese bluechip and hong kong stock gain 1.2 and 2.4 respectively .,Chinese bluechips,Positive,OTHER
meta in july seek the opinion of its independent oversight board on change to its current approach give the improvement in authentic information source and general awareness around covid .,Meta,Neutral,PERSON
amazon do not immediately comment on the rwdsu 's plan to object or on the vote count thursday . the company have say it want its employee ' voice to be hear and that it be focus on continue to make amazon a great place to work .,Amazon,Neutral,PERSON
amazon do not immediately comment on the rwdsu 's plan to object or on the vote count thursday . the company have say it want its employee ' voice to be hear and that it be focus on continue to make amazon a great place to work .,RWDSU,Neutral,OTHER
amazon do not immediately comment on the rwdsu 's plan to object or on the vote count thursday . the company have say it want its employee ' voice to be hear and that it be focus on continue to make amazon a great place to work .,Amazon,Neutral,PERSON
"apple have so far play this down , point out that it only have a small share of the ad market . amazon.com and alphabet google be both big advertiser . apple growth be flatter by come from a small base , and the fact that the mobile ad market grow 27 last year . but the hard it be for firm to utilize datum from iphone app when sell ad , the more valuable apple own stash of user information become , which be no bad thing for its investor .",Apple,Neutral,PERSON
"apple have so far play this down , point out that it only have a small share of the ad market . amazon.com and alphabet google be both big advertiser . apple growth be flatter by come from a small base , and the fact that the mobile ad market grow 27 last year . but the hard it be for firm to utilize datum from iphone app when sell ad , the more valuable apple own stash of user information become , which be no bad thing for its investor .",Apple,Neutral,PERSON
"apple have so far play this down , point out that it only have a small share of the ad market . amazon.com and alphabet google be both big advertiser . apple growth be flatter by come from a small base , and the fact that the mobile ad market grow 27 last year . but the hard it be for firm to utilize datum from iphone app when sell ad , the more valuable apple own stash of user information become , which be no bad thing for its investor .",Alphabet,Neutral,PERSON
"apple have so far play this down , point out that it only have a small share of the ad market . amazon.com and alphabet google be both big advertiser . apple growth be flatter by come from a small base , and the fact that the mobile ad market grow 27 last year . but the hard it be for firm to utilize datum from iphone app when sell ad , the more valuable apple own stash of user information become , which be no bad thing for its investor .",Apple,Neutral,PERSON
"apple have so far play this down , point out that it only have a small share of the ad market . amazon.com and alphabet google be both big advertiser . apple growth be flatter by come from a small base , and the fact that the mobile ad market grow 27 last year . but the hard it be for firm to utilize datum from iphone app when sell ad , the more valuable apple own stash of user information become , which be no bad thing for its investor .",iPhone,Neutral,OTHER
"apple have so far play this down , point out that it only have a small share of the ad market . amazon.com and alphabet google be both big advertiser . apple growth be flatter by come from a small base , and the fact that the mobile ad market grow 27 last year . but the hard it be for firm to utilize datum from iphone app when sell ad , the more valuable apple own stash of user information become , which be no bad thing for its investor .",Amazon.com,Neutral,OTHER
"apple have so far play this down , point out that it only have a small share of the ad market . amazon.com and alphabet google be both big advertiser . apple growth be flatter by come from a small base , and the fact that the mobile ad market grow 27 last year . but the hard it be for firm to utilize datum from iphone app when sell ad , the more valuable apple own stash of user information become , which be no bad thing for its investor .",Google,Neutral,PERSON
the former be help out by the netherlands ' large bank ing groep which have rally 5.5 after report q3 result and roll out a share buyback plan worth 1.5 billion euro 1.46 billion .,ING Groep,Positive,OTHER
blackrock inc inch up 0.2 after post a betterthanexpecte profit as the world 's large asset manager benefit from investor pour money into its various indextraded and active fund . nl3n2wb229,BlackRock Inc,Positive,COMPANY
blackrock inc inch up 0.2 after post a betterthanexpecte profit as the world 's large asset manager benefit from investor pour money into its various indextraded and active fund . nl3n2wb229,BlackRock Inc,Positive,COMPANY
uber technology surge after give an upbeat fourthquarter profit view that also lift share of its peer lyft inc and doordash .,Uber Technologies,Positive,PERSON
uber technology surge after give an upbeat fourthquarter profit view that also lift share of its peer lyft inc and doordash .,Lyft Inc,Positive,COMPANY
uber technology surge after give an upbeat fourthquarter profit view that also lift share of its peer lyft inc and doordash .,DoorDash,Positive,OTHER
"other think high yield will soon start lure investor into treasury . joachim fel , a manage director and global economic advisor at u.s . bond giant pimco , recently write that market have already price in future rate increase and absolute yield level appear much more attractive than they have for a long time .",PIMCO,Neutral,OTHER
"the ixic have rally 10 from its june low , while end tuesday at its high level in about six week . with this , one measure of the nasdaq 's internal strength be also show burgeon strength",Nasdaq,Positive,PERSON
"the ixic have rally 10 from its june low , while end tuesday at its high level in about six week . with this , one measure of the nasdaq 's internal strength be also show burgeon strength",IXIC,Positive,OTHER
"among other stock , semiconductor firm stmicroelectronic , be semiconductor , asm international and asml holding gain between 1.8 and 3.1 after samsung electronics co ltd post its good apriljune profit since 2018 , underpin by strong sale of memory chip to server customer . nl1n2yn2m9",ASML Holding,Positive,OTHER
"among other stock , semiconductor firm stmicroelectronic , be semiconductor , asm international and asml holding gain between 1.8 and 3.1 after samsung electronics co ltd post its good apriljune profit since 2018 , underpin by strong sale of memory chip to server customer . nl1n2yn2m9",BE Semiconductors,Positive,OTHER
"among other stock , semiconductor firm stmicroelectronic , be semiconductor , asm international and asml holding gain between 1.8 and 3.1 after samsung electronics co ltd post its good apriljune profit since 2018 , underpin by strong sale of memory chip to server customer . nl1n2yn2m9",ASM International,Positive,OTHER
"among other stock , semiconductor firm stmicroelectronic , be semiconductor , asm international and asml holding gain between 1.8 and 3.1 after samsung electronics co ltd post its good apriljune profit since 2018 , underpin by strong sale of memory chip to server customer . nl1n2yn2m9",STMicroelectronics,Positive,OTHER
"among other stock , semiconductor firm stmicroelectronic , be semiconductor , asm international and asml holding gain between 1.8 and 3.1 after samsung electronics co ltd post its good apriljune profit since 2018 , underpin by strong sale of memory chip to server customer . nl1n2yn2m9",Samsung Electronics Co Ltd,Positive,COMPANY
"united airlines holdings inc gain 6.5 after the carrier lift its currentquarter revenue forecast , boost share of delta air , american airline and spirit airline . nl2n2x82jx",Delta Air,Positive,PERSON
"united airlines holdings inc gain 6.5 after the carrier lift its currentquarter revenue forecast , boost share of delta air , american airline and spirit airline . nl2n2x82jx",United Airlines Holdings Inc,Positive,COMPANY
"united airlines holdings inc gain 6.5 after the carrier lift its currentquarter revenue forecast , boost share of delta air , american airline and spirit airline . nl2n2x82jx",American Airlines,Positive,PERSON
"united airlines holdings inc gain 6.5 after the carrier lift its currentquarter revenue forecast , boost share of delta air , american airline and spirit airline . nl2n2x82jx",Spirit Airlines,Positive,PERSON
"tencent music post quarterly revenue growth , lift its share more than 2 . smartphone maker xiaomi deliver a biggerthanexpected rise in fourthquarter revenue , send its local share up 6 . nl3n2vo39rnl2n2vp0ms",Tencent Music,Positive,PERSON
"tencent music post quarterly revenue growth , lift its share more than 2 . smartphone maker xiaomi deliver a biggerthanexpected rise in fourthquarter revenue , send its local share up 6 . nl3n2vo39rnl2n2vp0ms",Xiaomi,Positive,PERSON
the former be help out by the netherlands ' large bank ing groep which have rally 5.5 after report q3 result and roll out a share buyback plan worth 1.5 billion euro 1.46 billion .,ING Groep,Positive,OTHER
"intel corp jump 10.7 after cut its spending forecast , while tmobile us inc 's subscriber forecast hike send its share up 7.4 .",T-Mobile US Inc,Positive,COMPANY
"intel corp jump 10.7 after cut its spending forecast , while tmobile us inc 's subscriber forecast hike send its share up 7.4 .",Intel Corp,Positive,COMPANY
"but , accord to john vail , chief global strategist , nikko asset management , overall , boj be relatively dovish , even if couple with a moderately more positive outlook for the economy .",BOJ,Neutral,OTHER
"but , accord to john vail , chief global strategist , nikko asset management , overall , boj be relatively dovish , even if couple with a moderately more positive outlook for the economy .",Nikko Asset Management,Neutral,PERSON
"cyber security company , such as immuta , axonius and securonix , have attract investor interest recently due to strong demand for their service as business adopt a hybrid work model globally due to the covid19 pandemic .",Axonius,Positive,PERSON
"cyber security company , such as immuta , axonius and securonix , have attract investor interest recently due to strong demand for their service as business adopt a hybrid work model globally due to the covid19 pandemic .",Securonix,Positive,PERSON
"cyber security company , such as immuta , axonius and securonix , have attract investor interest recently due to strong demand for their service as business adopt a hybrid work model globally due to the covid19 pandemic .",Immuta,Positive,PERSON
"tesla be now china 's third bestselle ev maker after byd motor and saicgmwuling , and be the only foreign player in the top 15 list publish by the china passenger car association .",BYD Motor,Neutral,OTHER
"tesla be now china 's third bestselle ev maker after byd motor and saicgmwuling , and be the only foreign player in the top 15 list publish by the china passenger car association .",China Passenger Car Association,Neutral,ORGANIZATION
"tesla be now china 's third bestselle ev maker after byd motor and saicgmwuling , and be the only foreign player in the top 15 list publish by the china passenger car association .",Tesla,Positive,PERSON
"tesla be now china 's third bestselle ev maker after byd motor and saicgmwuling , and be the only foreign player in the top 15 list publish by the china passenger car association .",SAIC-GM-Wuling,Neutral,OTHER
"meanwhile , specialty chemical firm aether industry close 20.6 high in its market debut after its 104 million initial public offering receive a strong investor response . 1 77.4300 indian rupee report by chris thomas in bengaluru ; edit by sherry jacobphillips and aditya soni chris.thomasthomsonreuters.com ; 918067498695 ;",Aether Industries,Positive,PERSON
the investor last year shoot to fame when they band together on online forum to fuel gain in highlyshorte gamestop and amc entertainment and other that cost hedge fund billion of dollar .,AMC Entertainment,Positive,OTHER
the investor last year shoot to fame when they band together on online forum to fuel gain in highlyshorte gamestop and amc entertainment and other that cost hedge fund billion of dollar .,GameStop,Positive,OTHER
"last week , biren , a company found by alumnus of nvidia and alibaba , unveil a 7 nm chip that expert say mark notable progress for china 's chip sector .",Nvidia,Neutral,PERSON
"last week , biren , a company found by alumnus of nvidia and alibaba , unveil a 7 nm chip that expert say mark notable progress for china 's chip sector .",Biren,Positive,PERSON
"last week , biren , a company found by alumnus of nvidia and alibaba , unveil a 7 nm chip that expert say mark notable progress for china 's chip sector .",Alibaba,Neutral,PERSON
"with cool autumnlike weather come , refinitiv project average u.s . gas demand , include export , would rise from 88.9 bcfd this week to 89.8 bcfd next week . the forecast for this week be high than refinitiv 's outlook on monday , but the forecast for next week be low .",Refinitiv,Neutral,PERSON
"with cool autumnlike weather come , refinitiv project average u.s . gas demand , include export , would rise from 88.9 bcfd this week to 89.8 bcfd next week . the forecast for this week be high than refinitiv 's outlook on monday , but the forecast for next week be low .",Refinitiv,Neutral,PERSON
"bofa 's report follow a 16 rebound in the philadelphia semiconductor index from its march 14 low through thursday , help by a broad recovery in growth stock . with the sox dropping 1.4 on friday , the highly volatile index remain down about 14 from its record high close last december .",Philadelphia Semiconductor Index,Positive,PERSON
"bofa 's report follow a 16 rebound in the philadelphia semiconductor index from its march 14 low through thursday , help by a broad recovery in growth stock . with the sox dropping 1.4 on friday , the highly volatile index remain down about 14 from its record high close last december .",SOX,Negative,OTHER
"bofa 's report follow a 16 rebound in the philadelphia semiconductor index from its march 14 low through thursday , help by a broad recovery in growth stock . with the sox dropping 1.4 on friday , the highly volatile index remain down about 14 from its record high close last december .",BofA,Neutral,OTHER
"recently , irb 's successive monthly loss lead analyst to raise alert on its capital sufficiency , with citi and genial investimento say the company would likely need a capital increase . nl1n2y91ol",IRB,Negative,OTHER
"recently , irb 's successive monthly loss lead analyst to raise alert on its capital sufficiency , with citi and genial investimento say the company would likely need a capital increase . nl1n2y91ol",Genial Investimentos,Neutral,PERSON
"recently , irb 's successive monthly loss lead analyst to raise alert on its capital sufficiency , with citi and genial investimento say the company would likely need a capital increase . nl1n2y91ol",Citi,Neutral,PERSON
"apple , whose share fall about 22 in the second quarter , be due to report result july 28 , while result for alphabet , whose share also drop 22 last quarter , be expect july 26 .",Alphabet,Negative,PERSON
"apple , whose share fall about 22 in the second quarter , be due to report result july 28 , while result for alphabet , whose share also drop 22 last quarter , be expect july 26 .",Apple,Negative,PERSON
"with colder weather come , refinitiv project average u.s . gas demand , include export , would jump from 115.1 bcfd this week to 126.1 bcfd next week . those forecast be low than refinitiv 's outlook on monday .",Refinitiv,Neutral,PERSON
"with colder weather come , refinitiv project average u.s . gas demand , include export , would jump from 115.1 bcfd this week to 126.1 bcfd next week . those forecast be low than refinitiv 's outlook on monday .",Refinitiv,Neutral,PERSON
"germany could take a stake of more than 30 in uniper over concern about its credit rating , business daily handelsblatt report on thursday , cite several people familiar with the matter . nl8n2yo51u",Handelsblatt,Neutral,PERSON
"germany could take a stake of more than 30 in uniper over concern about its credit rating , business daily handelsblatt report on thursday , cite several people familiar with the matter . nl8n2yo51u",Uniper,Neutral,PERSON
"adbri fall 19 to top loss on the index , after the building material maker say its chief executive officer nick miller will resign , and flag continued earning hit due to extreme rainfall and high cost .",Adbri,Negative,PERSON
""" this be a big deal , "" say king lip , chief strategist at baker avenue asset management in san francisco . "" we have be call the peak of inflation for the last couple of month and just have be incredibly frustrated that it have not show up in the datum . for the first time , it have actually show up in the datum . """,Baker Avenue Asset Management,Neutral,PERSON
"in the spot market , nextday power for monday at the midcolumbia hub in the pacific northwest drop to 30 cent per megawatt hour , its low since june 2020 , due to an over abundance of cheap hydropower that be cause other power plant to reduce output .",Mid-Columbia hub,Negative,OTHER
"those investment have cause concern for some who be push to limit where u.s . capital can be invest overseas , say matt ocko , manage partner of silicon valley venture capital firm dcvc . his firm be a major investor in company that work closely with the u.s . defense and intelligence community . "" it be not acceptable for major pool of u.s . capital to fund ai chip and other prc chinese military tech that threaten u.s . national security . """,DCVC,Neutral,OTHER
"american airline fall about 3.84 , while united airlines holdings , southwest airline and delta air line fall between 3.54 and 4.37 .",Delta Air Lines,Negative,PERSON
"american airline fall about 3.84 , while united airlines holdings , southwest airline and delta air line fall between 3.54 and 4.37 .",American Airlines,Negative,PERSON
"american airline fall about 3.84 , while united airlines holdings , southwest airline and delta air line fall between 3.54 and 4.37 .",United Airlines Holdings,Negative,PERSON
"american airline fall about 3.84 , while united airlines holdings , southwest airline and delta air line fall between 3.54 and 4.37 .",Southwest Airlines,Negative,PERSON
"share of tesla , the world 's most valuable automaker , fall more than 9 since he disclose his more than 9 stake in twitter last monday . on thursday , tesla 's stock fall 3.7 .",Tesla,Negative,PERSON
"share of tesla , the world 's most valuable automaker , fall more than 9 since he disclose his more than 9 stake in twitter last monday . on thursday , tesla 's stock fall 3.7 .",Twitter,Neutral,PERSON
"share of tesla , the world 's most valuable automaker , fall more than 9 since he disclose his more than 9 stake in twitter last monday . on thursday , tesla 's stock fall 3.7 .",Tesla,Negative,PERSON
"both company shift spending from the business on wednesday , drag ford into a net loss with a noncash pretax impairment of 2.7 billion .",Ford,Negative,PERSON
"full fuller , smith turner warn that the global energy crisis would significantly raise its expect fullyear cost for gas and electricity.nl4n30r1h0","Fuller, Smith & Turner",Neutral,OTHER
zoom video communications inc tumble 11.7 after the company cut its annual profit and revenue forecast . nl4n2zy39f reporting by bansari mayur kamdar and devik jain in bengaluru ; edit by sriraj kalluvila and shounak dasgupta bansarimayur.kamdarthomsonreuters.com ; twitter bansarikamdar,Zoom Video Communications Inc,Negative,COMPANY
"short interest in cannabis stock continue to tumble , with the shorting of tilray brands inc and canopy growth corp . make up more than half of the short selling , say the late research from s3 partner .",Tilray Brands Inc,Negative,COMPANY
"short interest in cannabis stock continue to tumble , with the shorting of tilray brands inc and canopy growth corp . make up more than half of the short selling , say the late research from s3 partner .",S3 Partners,Neutral,OTHER
"short interest in cannabis stock continue to tumble , with the shorting of tilray brands inc and canopy growth corp . make up more than half of the short selling , say the late research from s3 partner .",Canopy Growth Corp,Negative,COMPANY
"accord to refinitiv datum , the combine net profit of top global bank include morgan stanley , jpmorgan chase co and citigroup inc be expect to fall 2 in the march quarter , compare with the cumulative profit in the december quarter .",JPMorgan Chase & Co,Negative,OTHER
"accord to refinitiv datum , the combine net profit of top global bank include morgan stanley , jpmorgan chase co and citigroup inc be expect to fall 2 in the march quarter , compare with the cumulative profit in the december quarter .",Citigroup Inc,Negative,COMPANY
"accord to refinitiv datum , the combine net profit of top global bank include morgan stanley , jpmorgan chase co and citigroup inc be expect to fall 2 in the march quarter , compare with the cumulative profit in the december quarter .",Morgan Stanley,Negative,PERSON
"accord to refinitiv datum , the combine net profit of top global bank include morgan stanley , jpmorgan chase co and citigroup inc be expect to fall 2 in the march quarter , compare with the cumulative profit in the december quarter .",Refinitiv,Neutral,PERSON
"the biden administration have criticize china for prevent boeing purchase . u.s . commerce secretary gina raimondo say last year that the chinese government be prevent its domestic airline from buy "" ten of billion of dollar "" of boeing airplane .",Boeing,Neutral,PERSON
"the biden administration have criticize china for prevent boeing purchase . u.s . commerce secretary gina raimondo say last year that the chinese government be prevent its domestic airline from buy "" ten of billion of dollar "" of boeing airplane .",Boeing,Neutral,PERSON
"the number of u.s . worker file firsttime application for unemployment benefit be essentially unchanged last week , inch down by 1,000 to 217,000 , accord to the labor department .",Labor Department,Neutral,PERSON
"meanwhile , walt disney , comcast and seaworld entertainment see their share drop on tuesday after they announce temporary closure at their orlando theme parks . nl4n30y3f0",SeaWorld Entertainment,Negative,OTHER
"meanwhile , walt disney , comcast and seaworld entertainment see their share drop on tuesday after they announce temporary closure at their orlando theme parks . nl4n30y3f0",Walt Disney,Negative,PERSON
"meanwhile , walt disney , comcast and seaworld entertainment see their share drop on tuesday after they announce temporary closure at their orlando theme parks . nl4n30y3f0",Comcast,Negative,PERSON
"the 12 fall in carlyle earning to be distribute to shareholder from the same threemonth stretch in 2021 , to 644 million , keep pace . kkr fall 11 while blackstone slump 16 . in carlyle core corporate private equity business , proceed from sale tumble a steep 32 , but blackstone comparable portfolio suffer an 85 hit in the quarter .",Carlyle,Negative,PERSON
"the 12 fall in carlyle earning to be distribute to shareholder from the same threemonth stretch in 2021 , to 644 million , keep pace . kkr fall 11 while blackstone slump 16 . in carlyle core corporate private equity business , proceed from sale tumble a steep 32 , but blackstone comparable portfolio suffer an 85 hit in the quarter .",Blackstone,Negative,PERSON
"the 12 fall in carlyle earning to be distribute to shareholder from the same threemonth stretch in 2021 , to 644 million , keep pace . kkr fall 11 while blackstone slump 16 . in carlyle core corporate private equity business , proceed from sale tumble a steep 32 , but blackstone comparable portfolio suffer an 85 hit in the quarter .",Carlyle,Negative,PERSON
"the 12 fall in carlyle earning to be distribute to shareholder from the same threemonth stretch in 2021 , to 644 million , keep pace . kkr fall 11 while blackstone slump 16 . in carlyle core corporate private equity business , proceed from sale tumble a steep 32 , but blackstone comparable portfolio suffer an 85 hit in the quarter .",Blackstone,Negative,PERSON
"the 12 fall in carlyle earning to be distribute to shareholder from the same threemonth stretch in 2021 , to 644 million , keep pace . kkr fall 11 while blackstone slump 16 . in carlyle core corporate private equity business , proceed from sale tumble a steep 32 , but blackstone comparable portfolio suffer an 85 hit in the quarter .",KKR,Negative,OTHER
"double digit share drop for nordic semi after its q3 update , while boliden , allfund and nokia be all fall over 5 postresult .",Boliden,Negative,PERSON
"double digit share drop for nordic semi after its q3 update , while boliden , allfund and nokia be all fall over 5 postresult .",Nokia,Negative,PERSON
"double digit share drop for nordic semi after its q3 update , while boliden , allfund and nokia be all fall over 5 postresult .",Nordic Semi,Negative,PERSON
"double digit share drop for nordic semi after its q3 update , while boliden , allfund and nokia be all fall over 5 postresult .",Allfunds,Negative,PERSON
germanybase footwear maker adidas ag cut its earning target for the year due to a slow recovery for its business in china . nasm000kre,Adidas AG,Negative,OTHER
"the austin and berlin plant be likely to remain a drag on result until they attain high utilization rate , but expect volume to rebound strongly in the second half of the year , garrett nelson , senior equity analyst at cfra research , say .",CFRA Research,Neutral,OTHER
"a class action lawsuit be file on thursday against twitter by its employee , who argue the company be conduct mass layoff without provide the require 60day advance notice , in violation of federal and california law .",Twitter,Negative,PERSON
"but the inflow have lag industrial yeartodate , a proxy for loweremission energy , while actively manage fund and esg fund be still very underweight energy , bofa say .",BofA,Neutral,OTHER
"a moscow court label meta platform inc an "" extremist organisation , "" uphold a decision to ban facebook in russia . meta 's share drop 2.3 .",Facebook,Negative,PERSON
"a moscow court label meta platform inc an "" extremist organisation , "" uphold a decision to ban facebook in russia . meta 's share drop 2.3 .",Meta Platforms Inc,Negative,COMPANY
"a moscow court label meta platform inc an "" extremist organisation , "" uphold a decision to ban facebook in russia . meta 's share drop 2.3 .",Meta,Negative,PERSON
nvidia rise 2.8 after the chipmaker give a weakerthanexpecte quarterly forecast that many investor view as signal the bad of a sale downturn may be over . that drive a 2.9 rally in the philadelphia semiconductor index . nl4n3003bj,Nvidia,Positive,PERSON
nvidia rise 2.8 after the chipmaker give a weakerthanexpecte quarterly forecast that many investor view as signal the bad of a sale downturn may be over . that drive a 2.9 rally in the philadelphia semiconductor index . nl4n3003bj,Philadelphia semiconductor index,Positive,OTHER
"investment bank such as goldman sachs and citi have be keep busy this week , update their model , highlight heighten risk of a u.s . recession and fuel further nervousness across global market in the process .",Goldman Sachs,Neutral,PERSON
"investment bank such as goldman sachs and citi have be keep busy this week , update their model , highlight heighten risk of a u.s . recession and fuel further nervousness across global market in the process .",Citi,Neutral,PERSON
stock on wall street be down on friday after a job report show the u.s . labor market remain tight and will keep the federal reserve on track to sharply tighten monetary policy to cool the economy as it fight to lower inflation .,Federal Reserve,Neutral,PERSON
"though the dollar index be down about 2 from its recent high , 85 of analyst poll by reuter say the dollar 's broad strength against a basket of currency have not yet reach an inflection point .",Reuters,Neutral,PERSON
"share in harbour energy , the large producer of uk oil gas , be down 7.6 on friday , while enquest share be low by 9.5 .",Harbour Energy,Negative,PERSON
"share in harbour energy , the large producer of uk oil gas , be down 7.6 on friday , while enquest share be low by 9.5 .",EnQuest,Negative,OTHER
""" soar energy and food price , couple with fall stock price , be a toxic combination for consumer ' sentiment , "" note ian shepherdson , chief economist at pantheon macroeconomic .",Pantheon Macroeconomics,Neutral,PERSON
"okta have be criticize for its reaction to the hack , especially as it emerge that the company either have know or could have know that there be a problem much early .",Okta,Negative,PERSON
"one of they be former israeli policeman aviram azari , who be arrest by the fbi in 2019 . he recently plead guilty in new york to wire fraud , identity theft and hackingrelate charge after hire indian spy to target a large number of people , include new york hedge fund employee , prosecutor say in a court filing .",FBI,Neutral,OTHER
"carmax inc slump 23.72 after the usedcar retailer miss expectation for secondquarter result , hurt by consumer cut spending amid inflation , rise interest rate and high car price .",CarMax Inc,Negative,COMPANY
"however , thank to vaccine rollout and the spread of the less severe omicron strain of covid19 , life be return to normal in many country , leave company like netflix and peloton struggle to sustain high sale figure .",Netflix,Negative,PERSON
"however , thank to vaccine rollout and the spread of the less severe omicron strain of covid19 , life be return to normal in many country , leave company like netflix and peloton struggle to sustain high sale figure .",Peloton,Negative,PERSON
""" company be report increase headwind from the rise cost of living , tighten financial condition c notably high borrowing cost c and weaken demand across both home and export market , "" write chris williamson , chief business economist at sp global .",S&P Global,Neutral,OTHER
"but some banker feel the ecb 's approval process for buyback be too onerous , industry source say , add to their frustration at the ecb 's decision to shelve subsidise loan and perceive intrusiveness in operational decision .",ECB,Neutral,OTHER
"but some banker feel the ecb 's approval process for buyback be too onerous , industry source say , add to their frustration at the ecb 's decision to shelve subsidise loan and perceive intrusiveness in operational decision .",ECB,Neutral,OTHER
"the downbeat outlook and a worrying earning report from nordic semiconductor spark a selloff in the chip sector , with asm international , asml holding and aixtron fall between 0.7 and 1 .",Aixtron,Negative,PERSON
"the downbeat outlook and a worrying earning report from nordic semiconductor spark a selloff in the chip sector , with asm international , asml holding and aixtron fall between 0.7 and 1 .",Nordic Semiconductor,Negative,PERSON
"the downbeat outlook and a worrying earning report from nordic semiconductor spark a selloff in the chip sector , with asm international , asml holding and aixtron fall between 0.7 and 1 .",ASML Holding,Negative,OTHER
"the downbeat outlook and a worrying earning report from nordic semiconductor spark a selloff in the chip sector , with asm international , asml holding and aixtron fall between 0.7 and 1 .",ASM International,Negative,OTHER
"meanwhile , finnish telecom equipment maker nokia and rival ericsson report weakerthanexpecte earning , bruise by ongoing patent battle which pressure margin and offset strong demand for 5 g equipment .",Ericsson,Negative,PERSON
"meanwhile , finnish telecom equipment maker nokia and rival ericsson report weakerthanexpecte earning , bruise by ongoing patent battle which pressure margin and offset strong demand for 5 g equipment .",Nokia,Negative,PERSON
"investor be also nervously await an impending deadline for the end of the bank of england 's emergency bondbuying programme , after the central bank step in last month to buy bond to relieve pressure in the two trillion pound uk pension sector .",Bank of England,Neutral,OTHER
"the departure have hit oil service provider and contractor the hard , say the venezuelan petroleum chamber , whose member fall to 300 from 500 in the last four year .",Venezuelan Petroleum Chamber,Negative,PERSON
""" the concern be that rate will rise too much and slow the economy or push it into a recession , "" say matt o'connor , an analyst at deutsche bank , write in a research note .",Deutsche Bank,Neutral,PERSON
"ford and volvo car geely.ul have publicly support the plan , and volkswagen aim to stop sell combustion engine car in europe by 2035 . but industry group include the european automobile manufacturer ' association have oppose the 2035 target , cite concern include the uncertain rollout of charger .",Volkswagen,Neutral,PERSON
"ford and volvo car geely.ul have publicly support the plan , and volkswagen aim to stop sell combustion engine car in europe by 2035 . but industry group include the european automobile manufacturer ' association have oppose the 2035 target , cite concern include the uncertain rollout of charger .",Volvo Cars,Neutral,PERSON
"ford and volvo car geely.ul have publicly support the plan , and volkswagen aim to stop sell combustion engine car in europe by 2035 . but industry group include the european automobile manufacturer ' association have oppose the 2035 target , cite concern include the uncertain rollout of charger .",Ford,Neutral,PERSON
"ford and volvo car geely.ul have publicly support the plan , and volkswagen aim to stop sell combustion engine car in europe by 2035 . but industry group include the european automobile manufacturer ' association have oppose the 2035 target , cite concern include the uncertain rollout of charger .",European Automobile Manufacturers' Association,Neutral,ORGANIZATION
""" since the modern era of politic begin in 1832 , it be quite without precedent to see so much churn and instability , "" anthony seldon , a historian and political biographer , tell sky news .",Sky News,Neutral,PERSON
"brian overby , senior market strategist at ally financial note that investor might be incline to sell their share and get out . in fact , he add that millennial have reduce their stock holding in the last year more than any other generation .",Ally Financial,Neutral,PERSON
"among the megacap , apple inc , microsoft corp and tesla inc be some of the big loser as investor dump socalled growth stock that drive much of the stockmarket rally in the past two year .",Microsoft Corp,Negative,COMPANY
"among the megacap , apple inc , microsoft corp and tesla inc be some of the big loser as investor dump socalled growth stock that drive much of the stockmarket rally in the past two year .",Tesla Inc,Negative,COMPANY
"among the megacap , apple inc , microsoft corp and tesla inc be some of the big loser as investor dump socalled growth stock that drive much of the stockmarket rally in the past two year .",Apple Inc,Negative,COMPANY
""" incremental impulse in core too look weak , particularly with global good price fall , "" neelkanth mishra , research analyst at credit suisse , say in a note . report by nimesh vora ; edit by neha arora nimesh.voratr.com",Credit Suisse,Neutral,PERSON
nio inc fall 4.2 after the chinese electric vehicle maker report wide secondquarter adjust net loss compare with a year early . nl4n30e2ba,Nio Inc,Negative,COMPANY
"share of goldman sachs group inc drop 4 , while other major wall street lender fall over 3 each . tesla inc drop 5.9 to lead loss among the megacap growth name .",Tesla Inc,Negative,COMPANY
"share of goldman sachs group inc drop 4 , while other major wall street lender fall over 3 each . tesla inc drop 5.9 to lead loss among the megacap growth name .",Goldman Sachs Group Inc,Negative,COMPANY
""" its very rare that I have see such a misguided combination of policy and policy communication as the new tory government deliver , "" former u.s . treasury secretary larry summers say at citi 's investment conference in sydney .",Citi,Neutral,PERSON
"worry over the global economy deepen after chipmaker samsung and amd flag a slump in demand , blame inflation , high interest rate and the impact of russia 's invasion of ukraine . european chipmakers infineon , stmicroelectronic and asml fall in tandem .",Infineon,Negative,PERSON
"worry over the global economy deepen after chipmaker samsung and amd flag a slump in demand , blame inflation , high interest rate and the impact of russia 's invasion of ukraine . european chipmakers infineon , stmicroelectronic and asml fall in tandem .",AMD,Negative,OTHER
"worry over the global economy deepen after chipmaker samsung and amd flag a slump in demand , blame inflation , high interest rate and the impact of russia 's invasion of ukraine . european chipmakers infineon , stmicroelectronic and asml fall in tandem .",ASML,Negative,OTHER
"worry over the global economy deepen after chipmaker samsung and amd flag a slump in demand , blame inflation , high interest rate and the impact of russia 's invasion of ukraine . european chipmakers infineon , stmicroelectronic and asml fall in tandem .",STMicroelectronics,Negative,OTHER
"worry over the global economy deepen after chipmaker samsung and amd flag a slump in demand , blame inflation , high interest rate and the impact of russia 's invasion of ukraine . european chipmakers infineon , stmicroelectronic and asml fall in tandem .",Samsung,Negative,PERSON
""" I expect gdp in the euro zone to contract in the third quarter but not as much as these retail sale or pmi datum suggest , "" say holger schmiede at berenberg .",Berenberg,Neutral,PERSON
"biden 's inflation reduction act ira , which grant the tax credit , also aim to cement u.s . firm such as tesla and general motor as industry leader and prevent the use of chinaderive battery component and critical mineral .",Tesla,Positive,PERSON
"biden 's inflation reduction act ira , which grant the tax credit , also aim to cement u.s . firm such as tesla and general motor as industry leader and prevent the use of chinaderive battery component and critical mineral .",General Motors,Positive,PERSON
"ebay be expect to report a fall in quarter revenue , in the face of an increasingly challenging competitive landscape and macro environment .",eBay,Negative,OTHER
"the company 's studio segment report revenue of 3.1 billion , down 5 from a year early . the company have few movie release than a year ago . its network segment , which include tbs , discovery channel and food network , report revenue of 5.2 billion , down 8 compare with a year ago .",TBS,Negative,OTHER
"the company 's studio segment report revenue of 3.1 billion , down 5 from a year early . the company have few movie release than a year ago . its network segment , which include tbs , discovery channel and food network , report revenue of 5.2 billion , down 8 compare with a year ago .",Discovery Channel,Negative,PERSON
"the company 's studio segment report revenue of 3.1 billion , down 5 from a year early . the company have few movie release than a year ago . its network segment , which include tbs , discovery channel and food network , report revenue of 5.2 billion , down 8 compare with a year ago .",Food Network,Negative,PERSON
"u.s . accounting firm that agree to lead audits of new yorkliste chinese and hong kong company look to avoid potential trading ban risk breach u.s . rule , the u.s . securities and exchange commission sec warn on tuesday . nl1n30d1q9",U.S. Securities and Exchange Commission,Neutral,OTHER
"jpmorgan chase co tumble 5.3 on report weak performance at its trading arm , even as it beat earning expectation for the fourth quarter .",JPMorgan Chase & Co,Negative,OTHER
but bca say inflationary pressure remain relatively tame in japan . the headline index grow 2.6 yearonyear in july significantly low than other develop market economy where inflation rate be close to double digit .,BCA,Neutral,OTHER
jpmorgan share be down 2.8 in afternoon trading . other bank stock also fall . citigroup and bank of america be both down 0.9 .,Bank of America,Negative,OTHER
jpmorgan share be down 2.8 in afternoon trading . other bank stock also fall . citigroup and bank of america be both down 0.9 .,JPMorgan,Negative,OTHER
jpmorgan share be down 2.8 in afternoon trading . other bank stock also fall . citigroup and bank of america be both down 0.9 .,Citigroup,Negative,PERSON
"nvidia be down 2.3 on thursday , while amd be lose almost 2 . the two company be down 19 and 29 , respectively , yeartodate .",Nvidia,Negative,PERSON
"nvidia be down 2.3 on thursday , while amd be lose almost 2 . the two company be down 19 and 29 , respectively , yeartodate .",AMD,Negative,OTHER
"the dow jones industrial average fall 107.1 point , or 0.35 , to 30,076.68 , the sp 500 lose 31.94 point , or 0.84 , to 3,757.99 and the nasdaq composite drop 153.39 point , or 1.37 , to 11,066.81 .",S&P 500,Negative,OTHER
"the dow jones industrial average fall 107.1 point , or 0.35 , to 30,076.68 , the sp 500 lose 31.94 point , or 0.84 , to 3,757.99 and the nasdaq composite drop 153.39 point , or 1.37 , to 11,066.81 .",Dow Jones Industrial Average,Negative,PERSON
"the dow jones industrial average fall 107.1 point , or 0.35 , to 30,076.68 , the sp 500 lose 31.94 point , or 0.84 , to 3,757.99 and the nasdaq composite drop 153.39 point , or 1.37 , to 11,066.81 .",Nasdaq Composite,Negative,PERSON
sp global 's south africa pmi survey release on thursday show domestic private sector activity contract in september as increase power cut lead to the sharp decline this year in both output and sale . nzrn00593p,S&P Global,Neutral,OTHER
"june 2 reuters microsoft corp on thursday cut its fourthquarter forecast for profit and revenue , cite a hit from a strong dollar , send the tech giant 's share down 3 .",Reuters,Neutral,PERSON
"june 2 reuters microsoft corp on thursday cut its fourthquarter forecast for profit and revenue , cite a hit from a strong dollar , send the tech giant 's share down 3 .",Microsoft Corp,Negative,COMPANY
"the top 10 holding of the fund , include roku inc and coinbase , be down in the range of 50 to 76 in the past 12 month , with the exception of tesla , which have rise 25 over the past year .",Tesla,Positive,PERSON
"the top 10 holding of the fund , include roku inc and coinbase , be down in the range of 50 to 76 in the past 12 month , with the exception of tesla , which have rise 25 over the past year .",Roku Inc,Negative,COMPANY
"the top 10 holding of the fund , include roku inc and coinbase , be down in the range of 50 to 76 in the past 12 month , with the exception of tesla , which have rise 25 over the past year .",Coinbase,Negative,PERSON
""" for the moment , disruption to oil supply be take a back seat to concern of weak demand , "" anz analyst say in a note .",ANZ,Neutral,OTHER
"share of germany 's big importer of russian gas uniper drop 11 , while its finnish parent fortum dip 8.9 and utility pne slip 4.1 . nl8n30c11s",Uniper,Negative,PERSON
"share of germany 's big importer of russian gas uniper drop 11 , while its finnish parent fortum dip 8.9 and utility pne slip 4.1 . nl8n30c11s",Fortum,Negative,PERSON
"share of germany 's big importer of russian gas uniper drop 11 , while its finnish parent fortum dip 8.9 and utility pne slip 4.1 . nl8n30c11s",PNE,Negative,OTHER
"as the key holiday shopping period get under way and with black friday just day away , u.s . google search for electronic be behind the pace of prior year , write jessica rabe , cofounder of datatrek , in a research note tuesday . "" despite strong job and wage growth , high inflation be crimp americans ' holiday budget , "" rabe write .",Google,Neutral,PERSON
"as the key holiday shopping period get under way and with black friday just day away , u.s . google search for electronic be behind the pace of prior year , write jessica rabe , cofounder of datatrek , in a research note tuesday . "" despite strong job and wage growth , high inflation be crimp americans ' holiday budget , "" rabe write .",DataTrek,Neutral,OTHER
"local energy stock skid 1.4 on low oil price , with oil and gas major woodside energy and santo drop about 1 and 1.6 , respectively . or",Local Energy stocks,Negative,OTHER
"local energy stock skid 1.4 on low oil price , with oil and gas major woodside energy and santo drop about 1 and 1.6 , respectively . or",Santos,Negative,PERSON
"local energy stock skid 1.4 on low oil price , with oil and gas major woodside energy and santo drop about 1 and 1.6 , respectively . or",Woodside Energy,Negative,PERSON
asset manager such as blackrock and abrdn be halt purchase of russian security or plan to reduce exist holding as western government impose tough sanction on russia .,abrdn,Neutral,OTHER
asset manager such as blackrock and abrdn be halt purchase of russian security or plan to reduce exist holding as western government impose tough sanction on russia .,BlackRock,Neutral,OTHER
"rival activision blizzard inc also miss market estimate for sale last week , while electronic arts inc lower its annual sale projection as few gamer pick up its new title . nl4n2ue32c nl4n2uc2xb",Rival Activision Blizzard Inc,Negative,COMPANY
"rival activision blizzard inc also miss market estimate for sale last week , while electronic arts inc lower its annual sale projection as few gamer pick up its new title . nl4n2ue32c nl4n2uc2xb",Electronic Arts Inc,Negative,COMPANY
"we be concerned that the ecb might underestimate the impact on the activity of tighten financial condition already in train and the pipeline , unicredit analyst say .",ECB,Neutral,OTHER
"we be concerned that the ecb might underestimate the impact on the activity of tighten financial condition already in train and the pipeline , unicredit analyst say .",Unicredit,Neutral,PERSON
"wednesday 's selloff see the sp 500 close down 4 on the day , 17.7 for the yeartodate and down 18.2 from its jan . 3 record close . .n",S&P 500,Negative,OTHER
"morgan stanley also lower its forecast for india 's fiscal 202223 growth to 7.2 from 7.6 early this week , cite weaken global trade . nl4n2yz0zb reporting by anushka trivedi ; edit by sonali desai anushka.trivedithomsonreuters.com ; twitter anushkat96",Morgan Stanley,Neutral,PERSON
"global equity pull off twoyear low on wednesday , after the bank of england say it would step into the bond market to stem a damaging rise in borrowing cost , dampen investor fear of contagion across the financial system .",Bank of England,Neutral,OTHER
"the stoxx 600 pull back to slide 0.3 in morning trading with tech lead faller , after a violent reaction to a disappointing outlook from facebook parent meta and downbeat guidance from stm .",STOXX 600,Negative,OTHER
"the stoxx 600 pull back to slide 0.3 in morning trading with tech lead faller , after a violent reaction to a disappointing outlook from facebook parent meta and downbeat guidance from stm .",Facebook,Negative,PERSON
"the stoxx 600 pull back to slide 0.3 in morning trading with tech lead faller , after a violent reaction to a disappointing outlook from facebook parent meta and downbeat guidance from stm .",Meta,Negative,PERSON
"the stoxx 600 pull back to slide 0.3 in morning trading with tech lead faller , after a violent reaction to a disappointing outlook from facebook parent meta and downbeat guidance from stm .",STM,Negative,OTHER
"santhera post an operating loss of 25.5 million swiss franc in the first half of 2022 , versus a loss of 19.5 million in the yearago period . sann.s",Santhera,Negative,PERSON
"bed bath beyond inc tumble 23.6 follow the retailer 's announcement that it have replace chief executive officer mark tritton , hope to reverse a slump . nl4n2yg2c9",Bed Bath & Beyond Inc,Negative,COMPANY
"in qatar , the benchmark retreat 1.2 , end 12 consecutive session of gain , weigh down by a 2.6 fall in qatar islamic bank .",Qatar Islamic Bank,Negative,PERSON
"additionally , aaii say that the breakpoint between typical and unusually low spread reading be now c10.9 . "" the bullbear spread have also tie its secondlong streak of negative reading as sentiment have remain in favor of bear for the 22nd week in a row . """,AAII,Neutral,OTHER
"we believe that demand have weaken considerably and we have see that even in the area that have be significantly constrain , "" nikolay todorov , analyst at longbow research , say . micron will essentially start or signal that the semiconductor cycle be turn .",Longbow Research,Neutral,PERSON
"we believe that demand have weaken considerably and we have see that even in the area that have be significantly constrain , "" nikolay todorov , analyst at longbow research , say . micron will essentially start or signal that the semiconductor cycle be turn .",Micron,Neutral,PERSON
""" I do not think the fed be go stop raise rate . if you look at the inflation number , they be really high , but they will come down , "" say gregory faranello , head of u.s . rate at amerivet security in new york .",AmeriVet Securities,Neutral,OTHER
""" I do not think the fed be go stop raise rate . if you look at the inflation number , they be really high , but they will come down , "" say gregory faranello , head of u.s . rate at amerivet security in new york .",Fed,Neutral,PERSON
the contract manufacturer add that jj have fail to provide require forecast for the amount of vaccine it need and have wind down the agreement instead of fulfil minimum requirement .,J&J,Negative,OTHER
"the probe have prompt the large solar trade group to cut its installation forecast for this year and next by 46 as developer include nextera energy inc , southern co warn of major project delay nl2n2wq31o .",NextEra Energy Inc,Negative,COMPANY
"the probe have prompt the large solar trade group to cut its installation forecast for this year and next by 46 as developer include nextera energy inc , southern co warn of major project delay nl2n2wq31o .",Southern Co,Negative,PERSON
"the dow jones industrial average fall 58.13 point , or 0.18 , to 32,774.41 , while the sp 500 lose 17.59 point , or 0.42 , to 4,122.47 and the nasdaq composite drop 150.53 point , or 1.19 , to 12,493.93 .",Dow Jones Industrial Average,Negative,PERSON
"the dow jones industrial average fall 58.13 point , or 0.18 , to 32,774.41 , while the sp 500 lose 17.59 point , or 0.42 , to 4,122.47 and the nasdaq composite drop 150.53 point , or 1.19 , to 12,493.93 .",Nasdaq Composite,Negative,PERSON
"the dow jones industrial average fall 58.13 point , or 0.18 , to 32,774.41 , while the sp 500 lose 17.59 point , or 0.42 , to 4,122.47 and the nasdaq composite drop 150.53 point , or 1.19 , to 12,493.93 .",S&P 500,Negative,OTHER
"both the lme and shfe , where stock be even more deplete , be struggle to price simultaneously a grow global nickel surplus and a tight class I supply chain .",LME,Negative,OTHER
"both the lme and shfe , where stock be even more deplete , be struggle to price simultaneously a grow global nickel surplus and a tight class I supply chain .",ShFE,Negative,OTHER
"the setback will be an add challenge for ceodesignate thomas schinecker , roche 's head of diagnostic , who will be promote in march . he will replace severin schwan , the chief executive who have lead a successful campaign to diversify away from roche 's traditional focus on cancer .",Roche,Neutral,PERSON
"the setback will be an add challenge for ceodesignate thomas schinecker , roche 's head of diagnostic , who will be promote in march . he will replace severin schwan , the chief executive who have lead a successful campaign to diversify away from roche 's traditional focus on cancer .",Roche,Neutral,PERSON
"it also coincide with the global pc industry come off the pandemicfuelle sale boom and the war in ukraine , prompt several company from chipmaker to electronic manufacturer such as intel and samsung to warn of a sharp slowdown in demand . nl4n2z947rnl1n2z83n6",Intel,Negative,PERSON
"it also coincide with the global pc industry come off the pandemicfuelle sale boom and the war in ukraine , prompt several company from chipmaker to electronic manufacturer such as intel and samsung to warn of a sharp slowdown in demand . nl4n2z947rnl1n2z83n6",Samsung,Negative,PERSON
"in corporate news , earning release look mixed . healthcare stock could be in demand after drugmaker gsk and novo nordisk , and dentalimplant maker straumann all raise their 2022 outlook . gain in the sector could be curb though by a profit warning from hearingaid maker demant .",GSK,Positive,OTHER
"in corporate news , earning release look mixed . healthcare stock could be in demand after drugmaker gsk and novo nordisk , and dentalimplant maker straumann all raise their 2022 outlook . gain in the sector could be curb though by a profit warning from hearingaid maker demant .",Novo Nordisk,Positive,PERSON
"in corporate news , earning release look mixed . healthcare stock could be in demand after drugmaker gsk and novo nordisk , and dentalimplant maker straumann all raise their 2022 outlook . gain in the sector could be curb though by a profit warning from hearingaid maker demant .",Demant,Negative,PERSON
"in corporate news , earning release look mixed . healthcare stock could be in demand after drugmaker gsk and novo nordisk , and dentalimplant maker straumann all raise their 2022 outlook . gain in the sector could be curb though by a profit warning from hearingaid maker demant .",Straumann,Positive,PERSON
"affirm say on thursday it expect fullyear 2023 revenue between 1.63 billion and 1.73 billion , below wall street view of 1.9 billion , accord to refinitiv datum .",Affirm,Negative,PERSON
"affirm say on thursday it expect fullyear 2023 revenue between 1.63 billion and 1.73 billion , below wall street view of 1.9 billion , accord to refinitiv datum .",Refinitiv,Neutral,PERSON
"bitchute and odysee be hardly the only site spread misinformation . social medium giant such as facebook and youtube have also struggle to contain such content , but they have respond with more aggressive moderation policy and practice .",Facebook,Negative,PERSON
"bitchute and odysee be hardly the only site spread misinformation . social medium giant such as facebook and youtube have also struggle to contain such content , but they have respond with more aggressive moderation policy and practice .",BitChute,Negative,OTHER
"bitchute and odysee be hardly the only site spread misinformation . social medium giant such as facebook and youtube have also struggle to contain such content , but they have respond with more aggressive moderation policy and practice .",Odysee,Negative,PERSON
"bitchute and odysee be hardly the only site spread misinformation . social medium giant such as facebook and youtube have also struggle to contain such content , but they have respond with more aggressive moderation policy and practice .",YouTube,Negative,OTHER
"most ratesensitive growth stock such as microsoft corp , twitter inc , amazon.com , apple inc , and tesla inc be down between 0.1 and 0.2 in premarket trading .",Microsoft Corp,Negative,COMPANY
"most ratesensitive growth stock such as microsoft corp , twitter inc , amazon.com , apple inc , and tesla inc be down between 0.1 and 0.2 in premarket trading .",Tesla Inc,Negative,COMPANY
"most ratesensitive growth stock such as microsoft corp , twitter inc , amazon.com , apple inc , and tesla inc be down between 0.1 and 0.2 in premarket trading .",Twitter Inc,Negative,COMPANY
"most ratesensitive growth stock such as microsoft corp , twitter inc , amazon.com , apple inc , and tesla inc be down between 0.1 and 0.2 in premarket trading .",Amazon.com,Negative,OTHER
"most ratesensitive growth stock such as microsoft corp , twitter inc , amazon.com , apple inc , and tesla inc be down between 0.1 and 0.2 in premarket trading .",Apple Inc,Negative,COMPANY
"carvana also "" fail to accurately predict how this would all play out and the impact it would have on our business , "" add cnbc , which first report the job cut , cite the memo .",Carvana,Negative,PERSON
"carvana also "" fail to accurately predict how this would all play out and the impact it would have on our business , "" add cnbc , which first report the job cut , cite the memo .",CNBC,Neutral,OTHER
"the trouble be that bank typically start move into new area when market be boom . adviser to specialpurpose acquisition company be a hot commodity in 2019 and 2020 , for example . but investment bank be ruthless , and recently , goldman and citigroup say they be hit pause on their spac business as the market pull back .",Goldman,Neutral,PERSON
"the trouble be that bank typically start move into new area when market be boom . adviser to specialpurpose acquisition company be a hot commodity in 2019 and 2020 , for example . but investment bank be ruthless , and recently , goldman and citigroup say they be hit pause on their spac business as the market pull back .",Citigroup,Neutral,PERSON
tesla inc drop 7.2 to a twoyear low after chief executive elon musk late on tuesday disclose that he sell 3.95 billion worth of share in the electricvehicle maker day after he close the 44 billion deal for twitter inc .,Twitter Inc,Neutral,COMPANY
tesla inc drop 7.2 to a twoyear low after chief executive elon musk late on tuesday disclose that he sell 3.95 billion worth of share in the electricvehicle maker day after he close the 44 billion deal for twitter inc .,Tesla Inc,Negative,COMPANY
megacap stock such as apple inc and tesla rise about 1 in premarket trading . rise interest rate have hurt share of the megacap growth company as their valuation rely more heavily on future earning .,Apple Inc,Positive,COMPANY
megacap stock such as apple inc and tesla rise about 1 in premarket trading . rise interest rate have hurt share of the megacap growth company as their valuation rely more heavily on future earning .,Tesla,Positive,PERSON
"we do not believe that central bank will be able to raise rate to the extent that they or the market forecast give the headwind to already moderate economic growth , "" say steve ellis , global cio of fix income at fidelity international .",Fidelity International,Neutral,PERSON
""" you also have the contagion element . the imf and the u.s . treasury wade in yesterday in fear of global contagion from gilt to other market , "" he say .",IMF,Neutral,OTHER
""" you also have the contagion element . the imf and the u.s . treasury wade in yesterday in fear of global contagion from gilt to other market , "" he say .",U.S. Treasury,Neutral,OTHER
"euro zone bank tighten access to credit in the second quarter and will continue to be cautious , a survey by the european central bank show . nl1n2z20bk",European Central Bank,Neutral,PERSON
"the sweeping rule have hit chip stock , with the philadelphia semiconductor index .sox fall nearly 6 by the end of the day . american semiconductor equipment maker lam research corp , applied materials inc and kla corp be all down more than 4 .",Lam Research Corp,Negative,COMPANY
"the sweeping rule have hit chip stock , with the philadelphia semiconductor index .sox fall nearly 6 by the end of the day . american semiconductor equipment maker lam research corp , applied materials inc and kla corp be all down more than 4 .",KLA Corp,Negative,COMPANY
"the sweeping rule have hit chip stock , with the philadelphia semiconductor index .sox fall nearly 6 by the end of the day . american semiconductor equipment maker lam research corp , applied materials inc and kla corp be all down more than 4 .",Philadelphia Semiconductor Index,Negative,PERSON
"the sweeping rule have hit chip stock , with the philadelphia semiconductor index .sox fall nearly 6 by the end of the day . american semiconductor equipment maker lam research corp , applied materials inc and kla corp be all down more than 4 .",Applied Materials Inc,Negative,COMPANY
"and on the recent price action in stock , barclay say the tentative calm in rate and the dollar , along with oversell technical , may offer some respite to equity .",Barclays,Neutral,PERSON
the 10year jgb yield fall 0.5 basis point to 0.200 and the 20year jgb yield fall 1.5 basis point to 0.820 .,10-year JGB yield,Negative,OTHER
the 10year jgb yield fall 0.5 basis point to 0.200 and the 20year jgb yield fall 1.5 basis point to 0.820 .,20-year JGB yield,Negative,OTHER
the news knock down the stock of telehealth leader teladoc health inc by 8 in morning trading . share of drugstore retailer cvs health and walgreen boot alliance fall over 2 .,Walgreens Boots Alliance,Negative,PERSON
the news knock down the stock of telehealth leader teladoc health inc by 8 in morning trading . share of drugstore retailer cvs health and walgreen boot alliance fall over 2 .,CVS Health,Negative,OTHER
the news knock down the stock of telehealth leader teladoc health inc by 8 in morning trading . share of drugstore retailer cvs health and walgreen boot alliance fall over 2 .,Teladoc Health Inc,Negative,COMPANY
"in year go by , they have contend with a perception that china , associate with cheap massproduction , could not compete on quality . yet such argument be challenge in a new reality that see top western carmaker like bmw and tesla now produce car in the country , which be a technology powerhouse and the world 's big auto market .",BMW,Neutral,OTHER
"in year go by , they have contend with a perception that china , associate with cheap massproduction , could not compete on quality . yet such argument be challenge in a new reality that see top western carmaker like bmw and tesla now produce car in the country , which be a technology powerhouse and the world 's big auto market .",Tesla,Neutral,PERSON
u.s . retailer walmart inc cut its profit forecast on monday and say customer be pare back discretionary purchase as inflation bite household budget . share fall 10 after hour and rival target and amazon also slide . nl4n2z63a4,Target,Negative,PERSON
u.s . retailer walmart inc cut its profit forecast on monday and say customer be pare back discretionary purchase as inflation bite household budget . share fall 10 after hour and rival target and amazon also slide . nl4n2z63a4,Walmart Inc,Negative,COMPANY
u.s . retailer walmart inc cut its profit forecast on monday and say customer be pare back discretionary purchase as inflation bite household budget . share fall 10 after hour and rival target and amazon also slide . nl4n2z63a4,Amazon,Negative,PERSON
"even if those smalltime user drift away , revenue would not fall proportionately . base on that low valueperaccount , even if robinhood lose one in five of its more recreational user , all else be equal , the company overall top line would fall by just 4 . robinhood could offset that by grow the revenue its average topend user bring in by 5 .",Robinhood,Neutral,PERSON
"even if those smalltime user drift away , revenue would not fall proportionately . base on that low valueperaccount , even if robinhood lose one in five of its more recreational user , all else be equal , the company overall top line would fall by just 4 . robinhood could offset that by grow the revenue its average topend user bring in by 5 .",Robinhood,Neutral,PERSON
"msci 's global stock index be down 0.08 , while the stoxx index of european company share shed 0.4 , having fall for nearly a week . the benchmark be about 11 off its record high of jan . 4 .",MSCI's global stock index,Negative,OTHER
"msci 's global stock index be down 0.08 , while the stoxx index of european company share shed 0.4 , having fall for nearly a week . the benchmark be about 11 off its record high of jan . 4 .",STOXX,Negative,OTHER
"share in rwe , germany 's large power producer and one of the company potentially affect , be 1.5 low follow the news .",RWE,Negative,OTHER
"last month , china 's market regulator impose the late fine on tencent and alibaba as well as a range of other firm for fail to comply with antimonopoly rule on the disclosure of transaction . nl4n2yv0wt",Alibaba,Negative,PERSON
"last month , china 's market regulator impose the late fine on tencent and alibaba as well as a range of other firm for fail to comply with antimonopoly rule on the disclosure of transaction . nl4n2yv0wt",Tencent,Negative,PERSON
""" a further fall in business activity in november add to the chance of the euro zone economy slip into recession , "" say chris williamson , chief business economist at sp global market intelligence .",S&P Global Market Intelligence,Neutral,OTHER
"the other six "" fangman "" stock meta platform , nvidia , netflix , amazon.com , microsoft and alphabet be down between 24 to 64 so far this year .",Nvidia,Negative,PERSON
"the other six "" fangman "" stock meta platform , nvidia , netflix , amazon.com , microsoft and alphabet be down between 24 to 64 so far this year .",Microsoft,Negative,PERSON
"the other six "" fangman "" stock meta platform , nvidia , netflix , amazon.com , microsoft and alphabet be down between 24 to 64 so far this year .",Netflix,Negative,PERSON
"the other six "" fangman "" stock meta platform , nvidia , netflix , amazon.com , microsoft and alphabet be down between 24 to 64 so far this year .",Meta Platforms,Negative,PERSON
"the other six "" fangman "" stock meta platform , nvidia , netflix , amazon.com , microsoft and alphabet be down between 24 to 64 so far this year .",Alphabet,Negative,PERSON
"the other six "" fangman "" stock meta platform , nvidia , netflix , amazon.com , microsoft and alphabet be down between 24 to 64 so far this year .",Amazon.com,Negative,OTHER
"jaret seiberg at cowen washington research group likewise say it be hard "" to see company change their behavior "" in response to the 1 tax . there be a risk , though , that tax dividend become an "" easy way to raise additional money "" and that congress raise the 1 in future , he add .",Congress,Neutral,PERSON
"jaret seiberg at cowen washington research group likewise say it be hard "" to see company change their behavior "" in response to the 1 tax . there be a risk , though , that tax dividend become an "" easy way to raise additional money "" and that congress raise the 1 in future , he add .",Cowen Washington Research Group,Neutral,PERSON
the result fire sale in stock cause large loss at bank include credit suisse group ag and nomura holdings inc .,Credit Suisse Group AG,Negative,OTHER
the result fire sale in stock cause large loss at bank include credit suisse group ag and nomura holdings inc .,Nomura Holdings Inc,Negative,COMPANY
"what kick stress into overdrive be the arrest last month of property tycoon truong my lan , chairwoman of ho chi minh citybase developer van thinh phat holding group , over suspect bondmarket fraud .",Van Thinh Phat Holdings Group,Negative,PERSON
"on monday , the nse nifty 50 index fall 1.8 to 17,016.30 , while the sp bse sensex drop 1.6 to 57,145.22 .",S&P BSE Sensex,Negative,OTHER
"on monday , the nse nifty 50 index fall 1.8 to 17,016.30 , while the sp bse sensex drop 1.6 to 57,145.22 .",NSE Nifty 50 index,Negative,OTHER
"can it last ? china 's covid lockdown policy be bind to impact the economy and company profit . bank , notably deutsche , have warn of a hit to fullyear result if the russia war drag on nl5n2wp12s .",Deutsche,Neutral,PERSON
""" anything that be price in dollar have go up 14 in dollar term this year and that import inflation be a problem for inflation and a squeeze in consumer , "" he tell reuter .",Reuters,Neutral,PERSON
"earning estimate be in decline as normally happen as a quarter progress , but the recent trend be surprisingly much weak than normal , say jonathan golub , the chief u.s . equity strategist at credit suisse .",Credit Suisse,Neutral,PERSON
"while most of the debtladen company will remain afloat in the short term , they will have to adjust to high borrowing cost move forward . jeremy burton , portfolio manager for highyield bond and leveraged loan at asset manager pinebridge investment , say this will be an adjustment many company will struggle with .",PineBridge Investments,Neutral,OTHER
""" give all the negativity we have be deal with for the last several week , this be at least initially an exhale of relief that commentary be not far more hawkish , "" say michael james , managing director of equity trading at wedbush securities in los angeles .",Wedbush Securities,Neutral,PERSON
"binance , the world 's big crypto exchange , say late on wednesday that it have decide not to acquire small rival ftx , which have grapple with a severe liquidity crunch and warn it face bankruptcy without more capital .",FTX,Negative,OTHER
"binance , the world 's big crypto exchange , say late on wednesday that it have decide not to acquire small rival ftx , which have grapple with a severe liquidity crunch and warn it face bankruptcy without more capital .",Binance,Neutral,PERSON
"six of the 11 major sp 500 sector be high , with gainer lead by communication service , while material and consumer discretionary be the big decliner . growth and value index be both choppy , while small cap and dow transport be low and semiconductor underperformed .",semiconductors,Negative,OTHER
"six of the 11 major sp 500 sector be high , with gainer lead by communication service , while material and consumer discretionary be the big decliner . growth and value index be both choppy , while small cap and dow transport be low and semiconductor underperformed .",Growth,Neutral,PERSON
"six of the 11 major sp 500 sector be high , with gainer lead by communication service , while material and consumer discretionary be the big decliner . growth and value index be both choppy , while small cap and dow transport be low and semiconductor underperformed .",S&P 500,Neutral,OTHER
"six of the 11 major sp 500 sector be high , with gainer lead by communication service , while material and consumer discretionary be the big decliner . growth and value index be both choppy , while small cap and dow transport be low and semiconductor underperformed .",S&P 500,Positive,OTHER
"six of the 11 major sp 500 sector be high , with gainer lead by communication service , while material and consumer discretionary be the big decliner . growth and value index be both choppy , while small cap and dow transport be low and semiconductor underperformed .",small caps,Negative,OTHER
"six of the 11 major sp 500 sector be high , with gainer lead by communication service , while material and consumer discretionary be the big decliner . growth and value index be both choppy , while small cap and dow transport be low and semiconductor underperformed .",Dow Transports,Negative,PERSON
"six of the 11 major sp 500 sector be high , with gainer lead by communication service , while material and consumer discretionary be the big decliner . growth and value index be both choppy , while small cap and dow transport be low and semiconductor underperformed .",Materials,Negative,PERSON
"six of the 11 major sp 500 sector be high , with gainer lead by communication service , while material and consumer discretionary be the big decliner . growth and value index be both choppy , while small cap and dow transport be low and semiconductor underperformed .",consumer discretionary,Negative,OTHER
"six of the 11 major sp 500 sector be high , with gainer lead by communication service , while material and consumer discretionary be the big decliner . growth and value index be both choppy , while small cap and dow transport be low and semiconductor underperformed .",communication services,Positive,OTHER
"six of the 11 major sp 500 sector be high , with gainer lead by communication service , while material and consumer discretionary be the big decliner . growth and value index be both choppy , while small cap and dow transport be low and semiconductor underperformed .",value,Neutral,OTHER
"other social medium company be also expect to fall hard when trading resume , include twitter , pinterest and spotify , which also give a disappointing update and have be beset by a covid19 vaccination misinformation dispute . nl1n2ud2og",Pinterest,Negative,PERSON
"other social medium company be also expect to fall hard when trading resume , include twitter , pinterest and spotify , which also give a disappointing update and have be beset by a covid19 vaccination misinformation dispute . nl1n2ud2og",Spotify,Negative,PERSON
"other social medium company be also expect to fall hard when trading resume , include twitter , pinterest and spotify , which also give a disappointing update and have be beset by a covid19 vaccination misinformation dispute . nl1n2ud2og",Twitter,Negative,PERSON
"share of u.s . casino operator las vegas sand , wynn resort and melco resort fall between 7 and 11 after macau shutter all casino to contain its bad covid outbreak since the health crisis begin . nl1n2ys01r",Melco Resorts,Negative,PERSON
"share of u.s . casino operator las vegas sand , wynn resort and melco resort fall between 7 and 11 after macau shutter all casino to contain its bad covid outbreak since the health crisis begin . nl1n2ys01r",Wynn Resorts,Negative,PERSON
"share of u.s . casino operator las vegas sand , wynn resort and melco resort fall between 7 and 11 after macau shutter all casino to contain its bad covid outbreak since the health crisis begin . nl1n2ys01r",Las Vegas Sands,Negative,PERSON
a texas jury on tuesday find charter communications inc liable for 7 billion in punitive damage after find the cable company responsible for one of its employee who rob and kill a customer three year ago .,Charter Communications Inc,Negative,COMPANY
"among company report result , taketwo interactive software inc plunge 16.6 premarket after the videogame publisher lower its annual sale outlook , while ridehaile firm lyft inc drop 16.3 on forecast currentquarter revenue below wall street estimate .",Lyft Inc,Negative,COMPANY
"among company report result , taketwo interactive software inc plunge 16.6 premarket after the videogame publisher lower its annual sale outlook , while ridehaile firm lyft inc drop 16.3 on forecast currentquarter revenue below wall street estimate .",Take-Two Interactive Software Inc,Negative,COMPANY
"the news make some investor skeptical that a deal be imminent , which support oil price , say phil flynn , an analyst at price future group in chicago .",Price Futures group,Neutral,OTHER
"the bank lower its demand growth forecast for this year and next . it forecast brent crude price at 110 a barrel in the third quarter and wti at 107.50 , each 20 low than their previous forecast .",WTI,Negative,OTHER
"the bank lower its demand growth forecast for this year and next . it forecast brent crude price at 110 a barrel in the third quarter and wti at 107.50 , each 20 low than their previous forecast .",Brent crude,Negative,OTHER
"british home price slow in may for a third month in a row , mortgage lender halifax say on wednesday , and price growth be the small since january nl8n2xv0ya .",Halifax,Neutral,PERSON
u.s . president joe biden have be accuse of unfairly penalise political rival elon musk by drop an 885 million contract award to his satellite company starlink .,Starlink,Negative,PERSON
supply cut also lend support . bp and chevron say on monday they have shut production at offshore platform in the gulf of mexico as hurricane ian approach . nl1n30x1xo,Chevron,Neutral,PERSON
supply cut also lend support . bp and chevron say on monday they have shut production at offshore platform in the gulf of mexico as hurricane ian approach . nl1n30x1xo,BP,Neutral,OTHER
"in term of single stock , dutch medical equipment maker philip be the bad performer , down more than 10 after report a worsethanexpected drop in secondquarter core earning , cite supply shortage and lockdown in china . nl1n2z5097",Philips,Negative,PERSON
""" we be see economic condition deteriorate in china , the united states and europe . that be definitely weigh on asian manufacturing activity , "" say toru nishihama , chief economist at daiichi life research institute .",Dai-ichi Life Research Institute,Neutral,OTHER
"united airlines post a lowerthanexpected quarterly profit , while american airline say cost pressure would remain elevated in the current quarter . nl4n2z131h nl4n2z22jh report by shreyashi sanyal and aniruddha ghosh in bengaluru ; additional reporting by medha singh edit by arun koyyur shreyashi.sanyalthomsonreuters.com ; 1 646 223 8780 ; 91 961 144 3740 ; twitter",United Airlines,Negative,PERSON
"united airlines post a lowerthanexpected quarterly profit , while american airline say cost pressure would remain elevated in the current quarter . nl4n2z131h nl4n2z22jh report by shreyashi sanyal and aniruddha ghosh in bengaluru ; additional reporting by medha singh edit by arun koyyur shreyashi.sanyalthomsonreuters.com ; 1 646 223 8780 ; 91 961 144 3740 ; twitter",American Airlines,Negative,PERSON
""" a 50 bps hike from the reserve bank of australia next week be all but a foregone conclusion c the main risk be for a large hike , "" they add .",Reserve Bank of Australia,Neutral,OTHER
"after channel some 120 billion pound in profit to the treasury over 13 year , the bank of england last month incur its first loss for the public finance since it launch its qe programme in 2009 a 156 million pound monthly loss from its bond portfolio versus interest pay on reserve .",Bank of England,Negative,OTHER
"twitter inc shed 1.8 in premarket trading as it report a surprise fall in revenue , while snap 's share plunge 32.4 a day after the snapchat owner miss revenue target and decline to make a forecast . nl4n2z32e4 nl1n2z22mn",Snap,Negative,PERSON
"twitter inc shed 1.8 in premarket trading as it report a surprise fall in revenue , while snap 's share plunge 32.4 a day after the snapchat owner miss revenue target and decline to make a forecast . nl4n2z32e4 nl1n2z22mn",Twitter Inc,Negative,COMPANY
"twitter inc shed 1.8 in premarket trading as it report a surprise fall in revenue , while snap 's share plunge 32.4 a day after the snapchat owner miss revenue target and decline to make a forecast . nl4n2z32e4 nl1n2z22mn",Snapchat,Negative,PERSON
"the u.s . congressional election pose a fresh test for social medium company , which for year have struggle to balance free expression against amplify potentially harmful commentary . though company policy enable they to restrict misinformation , enforcement have be spotty , and the recent upheaval at twitter have put it under particular scrutiny .",Twitter,Neutral,PERSON
"energy price woe be back at the forefront , stoke recession fear and yesterday prompt citi to warn uk inflation could hit 18.6 in january nl8n2zy3gv .",Citi,Neutral,PERSON
"around 120,000 italian service sector firm could go out of business over the next ten month due to surge energy cost , with the loss of 370,000 job , business lobby confcommercio say on wednesday . l1n3071rs",Confcommercio,Neutral,PERSON
"the cgt union , france 's secondlarg , be seek to scale up the movement and call for nationwide industrial action across sector which could hamper part of the country 's infrastructure this autumn .",CGT union,Neutral,OTHER
"at 1001 a.m. et , the dow jones industrial average be up 124.32 point , or 0.39 , at 31,961.06 , the sp 500 be down 13.71 point , or 0.36 , at 3,845.40 , and the nasdaq composite be down 149.98 point , or 1.34 , at 11,049.14 .",Nasdaq Composite,Negative,PERSON
"at 1001 a.m. et , the dow jones industrial average be up 124.32 point , or 0.39 , at 31,961.06 , the sp 500 be down 13.71 point , or 0.36 , at 3,845.40 , and the nasdaq composite be down 149.98 point , or 1.34 , at 11,049.14 .",S&P 500,Negative,OTHER
"at 1001 a.m. et , the dow jones industrial average be up 124.32 point , or 0.39 , at 31,961.06 , the sp 500 be down 13.71 point , or 0.36 , at 3,845.40 , and the nasdaq composite be down 149.98 point , or 1.34 , at 11,049.14 .",Dow Jones Industrial Average,Positive,PERSON
"share in persimmon , britain 's secondlarg housebuilder , drop more than 7 after it warn on 2023 profit margin as uk house price deteriorate and its sale rate slip .",Persimmon,Negative,PERSON
"some washingtonbase senior twitter executive , worry the expansion of its china business could backfire on the company , push for sale to chinese governmentaffiliate account to be curb altogether during the administration of former u.s . president donald trump as tension with beijing worsen in 2020 , accord to two source .",Twitter,Neutral,PERSON
"the agreement between the organization of petroleum export country opec and ally include russia , a group know collectively as opec , come ahead of a european union embargo on russian oil and would squeeze supply in an already tight market , add to inflation . nl1n3160aj",European Union,Neutral,PERSON
"the agreement between the organization of petroleum export country opec and ally include russia , a group know collectively as opec , come ahead of a european union embargo on russian oil and would squeeze supply in an already tight market , add to inflation . nl1n3160aj",OPEC+,Neutral,OTHER
"the agreement between the organization of petroleum export country opec and ally include russia , a group know collectively as opec , come ahead of a european union embargo on russian oil and would squeeze supply in an already tight market , add to inflation . nl1n3160aj",Organization of Petroleum Exporting Countries,Neutral,ORGANIZATION
share of megacap tech and other growth company such as tesla amazon.com and alphabet be down between 0.3 and 1.4 .,Amazon.com,Negative,OTHER
share of megacap tech and other growth company such as tesla amazon.com and alphabet be down between 0.3 and 1.4 .,Tesla,Negative,PERSON
share of megacap tech and other growth company such as tesla amazon.com and alphabet be down between 0.3 and 1.4 .,Alphabet,Negative,PERSON
"the headwind face netflix pummel other video streamingrelate stock , with roku drop over 6 , walt disney fall 5 and warner bros discovery down 3.5 .",Netflix,Negative,PERSON
"the headwind face netflix pummel other video streamingrelate stock , with roku drop over 6 , walt disney fall 5 and warner bros discovery down 3.5 .",Warner Bros Discovery,Negative,PERSON
"the headwind face netflix pummel other video streamingrelate stock , with roku drop over 6 , walt disney fall 5 and warner bros discovery down 3.5 .",Walt Disney,Negative,PERSON
"the headwind face netflix pummel other video streamingrelate stock , with roku drop over 6 , walt disney fall 5 and warner bros discovery down 3.5 .",Roku,Negative,PERSON
"investor pessimism be at its bad since the 2008 crisis , a bank of america survey show this week , lead some to start think that opportunity may soon emerge . nl4n2z0266",Bank of America,Neutral,OTHER
"if mobileye 's debut be receive well , it may embolden other big name such as instacart , reddit and servicetitan , which postpone their ipos early this year until the market improve .",Instacart,Neutral,PERSON
"if mobileye 's debut be receive well , it may embolden other big name such as instacart , reddit and servicetitan , which postpone their ipos early this year until the market improve .",Mobileye,Neutral,PERSON
"if mobileye 's debut be receive well , it may embolden other big name such as instacart , reddit and servicetitan , which postpone their ipos early this year until the market improve .",Reddit,Neutral,PERSON
"if mobileye 's debut be receive well , it may embolden other big name such as instacart , reddit and servicetitan , which postpone their ipos early this year until the market improve .",ServiceTitan,Neutral,OTHER
"move interest rate too dramatically could undermine the positive trend still see in the economy and add to the already large amount of uncertainty , atlanta fed president raphael bostic say .",Atlanta Fed,Neutral,PERSON
"news late monday that ig metall , germany 's most powerful union , want to push through wage increase of between 7 and 8 in an upcoming round of bargaining be a reminder that price pressure be broaden out . no wonder that trigger a late day selloff in european bond . nl1n2y710p",IG Metall,Neutral,OTHER
"jinkosolar , a major solar power equipment manufacturer , say its sichuan manufacture facility have be halt as a result of power shortage , add that it be "" uncertain "" how long the measure would last . nl1n2zy0bj",JinkoSolar,Negative,OTHER
"the defense , lead by lawyer daniel petrocelli who defeat the trump administration 's 2018 bid to stop att inc from buy time warner , argue that the market for book , and for publisher to win topselle author , be competitive and that the merger will make it even more so .",Time Warner,Neutral,PERSON
"the defense , lead by lawyer daniel petrocelli who defeat the trump administration 's 2018 bid to stop att inc from buy time warner , argue that the market for book , and for publisher to win topselle author , be competitive and that the merger will make it even more so .",AT&T Inc,Neutral,COMPANY
"it also coincide with the global pc industry come off the pandemicfuelle sale boom and the war in ukraine , prompt several company from chipmaker to electronic manufacturer such as intel and samsung to warn of a sharp slowdown in demand . nl4n2z947rnl1n2z83n6",Intel,Negative,PERSON
"it also coincide with the global pc industry come off the pandemicfuelle sale boom and the war in ukraine , prompt several company from chipmaker to electronic manufacturer such as intel and samsung to warn of a sharp slowdown in demand . nl4n2z947rnl1n2z83n6",Samsung,Negative,PERSON
""" the labor market continue to recover , "" say gus faucher , chief economist at pnc financial in pittsburgh , pennsylvania . "" however , the omicron variant be a substantial downside risk to the nearterm labor market recovery . """,PNC Financial,Neutral,OTHER
u.s . cruise company norwegian cruise line holdings ltd and carnival corp fall 1.6 and 1.9 after they delay or cancel trip in anticipation of the hurricane .,Norwegian Cruise Line Holdings Ltd,Negative,COMPANY
u.s . cruise company norwegian cruise line holdings ltd and carnival corp fall 1.6 and 1.9 after they delay or cancel trip in anticipation of the hurricane .,Carnival Corp,Negative,COMPANY
"interroll share be at the bottom of the stoxx 600 , lose 6.5 , follow a cut target price from credit suisse . wizz air share be the second big loser last down 2.8 .",Interroll,Negative,PERSON
"interroll share be at the bottom of the stoxx 600 , lose 6.5 , follow a cut target price from credit suisse . wizz air share be the second big loser last down 2.8 .",Wizz Air,Negative,PERSON
"interroll share be at the bottom of the stoxx 600 , lose 6.5 , follow a cut target price from credit suisse . wizz air share be the second big loser last down 2.8 .",Credit Suisse,Neutral,PERSON
"interroll share be at the bottom of the stoxx 600 , lose 6.5 , follow a cut target price from credit suisse . wizz air share be the second big loser last down 2.8 .",STOXX 600,Neutral,OTHER
"in another report , susquehanna analyst christopher rolland also cut price target on several chip stock , include cirrus logic , skywork solution and qorvo . rolland warn that company expose to personal computer and smartphone be most at risk of a chip industry downturn .",Susquehanna,Neutral,PERSON
"in another report , susquehanna analyst christopher rolland also cut price target on several chip stock , include cirrus logic , skywork solution and qorvo . rolland warn that company expose to personal computer and smartphone be most at risk of a chip industry downturn .",Qorvo,Negative,PERSON
"in another report , susquehanna analyst christopher rolland also cut price target on several chip stock , include cirrus logic , skywork solution and qorvo . rolland warn that company expose to personal computer and smartphone be most at risk of a chip industry downturn .",Cirrus Logic,Negative,PERSON
"in another report , susquehanna analyst christopher rolland also cut price target on several chip stock , include cirrus logic , skywork solution and qorvo . rolland warn that company expose to personal computer and smartphone be most at risk of a chip industry downturn .",Skyworks Solutions,Negative,PERSON
"the seed of ftx 's downfall be sow month early , stem from mistake bankmanfrie make after he step in to save other crypto firm as the crypto market collapse amid rise interest rate , accord to interview with several people close to bankmanfried and communication from both company that have not be previously report .",FTX,Negative,OTHER
"on monday , the nse nifty 50 index close 0.11 low at 18,329.15 . the sp bse sensex slip 0.28 to 61,624.15 .",NSE Nifty 50 index,Negative,OTHER
"on monday , the nse nifty 50 index close 0.11 low at 18,329.15 . the sp bse sensex slip 0.28 to 61,624.15 .",S&P BSE Sensex,Negative,OTHER
"goldman sachs group inc call its employee back to office full time in june last year , morgan stanley and jpmorgan be mostly back too , while citigroup have a hybrid arrangement .",Goldman Sachs Group Inc,Neutral,COMPANY
"goldman sachs group inc call its employee back to office full time in june last year , morgan stanley and jpmorgan be mostly back too , while citigroup have a hybrid arrangement .",Morgan Stanley,Neutral,PERSON
"goldman sachs group inc call its employee back to office full time in june last year , morgan stanley and jpmorgan be mostly back too , while citigroup have a hybrid arrangement .",Citigroup,Neutral,PERSON
"goldman sachs group inc call its employee back to office full time in june last year , morgan stanley and jpmorgan be mostly back too , while citigroup have a hybrid arrangement .",JPMorgan,Neutral,OTHER
"the result be a come quandary . bank have more mouth to feed out of what s fast become a small trough . in 2019 , a great year for sale , trading and dealbroking , goldman , morgan stanley , jpmorgan , bank of america and citi collectively earn 107 billion of revenue . in the four quarter to the end of june the same quintet collectively bring in 156 billion , base on datum from their public filing . the correction in market so far this year suggest the top line may head back to where it be before .",Morgan Stanley,Positive,PERSON
"the result be a come quandary . bank have more mouth to feed out of what s fast become a small trough . in 2019 , a great year for sale , trading and dealbroking , goldman , morgan stanley , jpmorgan , bank of america and citi collectively earn 107 billion of revenue . in the four quarter to the end of june the same quintet collectively bring in 156 billion , base on datum from their public filing . the correction in market so far this year suggest the top line may head back to where it be before .",Goldman,Positive,PERSON
"the result be a come quandary . bank have more mouth to feed out of what s fast become a small trough . in 2019 , a great year for sale , trading and dealbroking , goldman , morgan stanley , jpmorgan , bank of america and citi collectively earn 107 billion of revenue . in the four quarter to the end of june the same quintet collectively bring in 156 billion , base on datum from their public filing . the correction in market so far this year suggest the top line may head back to where it be before .",Citi,Positive,PERSON
"the result be a come quandary . bank have more mouth to feed out of what s fast become a small trough . in 2019 , a great year for sale , trading and dealbroking , goldman , morgan stanley , jpmorgan , bank of america and citi collectively earn 107 billion of revenue . in the four quarter to the end of june the same quintet collectively bring in 156 billion , base on datum from their public filing . the correction in market so far this year suggest the top line may head back to where it be before .",Bank of America,Positive,OTHER
"the result be a come quandary . bank have more mouth to feed out of what s fast become a small trough . in 2019 , a great year for sale , trading and dealbroking , goldman , morgan stanley , jpmorgan , bank of america and citi collectively earn 107 billion of revenue . in the four quarter to the end of june the same quintet collectively bring in 156 billion , base on datum from their public filing . the correction in market so far this year suggest the top line may head back to where it be before .",JPMorgan,Positive,OTHER
"nvidia be down 2.3 on thursday , while amd be lose almost 2 . the two company be down 19 and 29 , respectively , yeartodate .",AMD,Negative,OTHER
"nvidia be down 2.3 on thursday , while amd be lose almost 2 . the two company be down 19 and 29 , respectively , yeartodate .",Nvidia,Negative,PERSON
"electric luxury car startup faraday future concede that it be have trouble raise capital , and blame a misinformation campaign by certain director . faraday warn in late august that its cash balance have fall to 52 million as of aug . 9 , but say the company plan to raise 600 million . since then , faraday board have be embroil in a fight with the company large shareholder .",Faraday,Negative,PERSON
"electric luxury car startup faraday future concede that it be have trouble raise capital , and blame a misinformation campaign by certain director . faraday warn in late august that its cash balance have fall to 52 million as of aug . 9 , but say the company plan to raise 600 million . since then , faraday board have be embroil in a fight with the company large shareholder .",Faraday,Negative,PERSON
"electric luxury car startup faraday future concede that it be have trouble raise capital , and blame a misinformation campaign by certain director . faraday warn in late august that its cash balance have fall to 52 million as of aug . 9 , but say the company plan to raise 600 million . since then , faraday board have be embroil in a fight with the company large shareholder .",Faraday Future,Negative,PERSON
"meanwhile , adobe 's fourthquarter revenue forecast of 4.52 billion come in below the 4.58 billion estimate by analyst , accord to refinitiv datum .",Refinitiv,Neutral,PERSON
"meanwhile , adobe 's fourthquarter revenue forecast of 4.52 billion come in below the 4.58 billion estimate by analyst , accord to refinitiv datum .",Adobe,Negative,PERSON
"some dire earning be weigh the index down , namely ubs , fall 6 and logitech , down 3.5 , after both post result that miss the mark .",Logitech,Negative,PERSON
"some dire earning be weigh the index down , namely ubs , fall 6 and logitech , down 3.5 , after both post result that miss the mark .",UBS,Negative,OTHER
"in a 40page decision , u.s . district judge lewis liman in manhattan say customer in new york from april 2018 to march 2019 could try to prove they overpay because peloton be silent about the "" imminent "" removal of much of its digital library .",Peloton,Neutral,PERSON
"in commodity , brent crude oil future fall 0.63 to 98.97 a barrel . us west texas intermediate crude be also down , drop 0.69 to 93.69 .",Brent crude oil futures,Negative,OTHER
"in commodity , brent crude oil future fall 0.63 to 98.97 a barrel . us west texas intermediate crude be also down , drop 0.69 to 93.69 .",US West Texas Intermediate crude,Negative,OTHER
""" as the unemployment rate tick high , wage growth will likely slow , tame some of the inflationary pressure in the us economy , "" write bill adams , chief economist at comerica bank .",Comerica Bank,Neutral,PERSON
"roughly 260 billion euro 254 bln of euro zone government bond carry negative yield as of endseptember , tradeweb say , down from around 542 billion euro at endaugust .",Tradeweb,Neutral,PERSON
"workfromhome and event closure during the peak of the pandemic force caterer to adapt their digital offering , but sodexo have also be hit by an earlierthanexpected termination of contract with covid19 testing centre in the united kingdom . nl2n2vz08 m",Sodexo,Negative,PERSON
"consumer discretionary be lead sector loss , fall more than 2 , follow by consumer staple and communication service , which be each drop around 1.0 .",communication services,Negative,OTHER
"consumer discretionary be lead sector loss , fall more than 2 , follow by consumer staple and communication service , which be each drop around 1.0 .",Consumer discretionary,Negative,OTHER
"consumer discretionary be lead sector loss , fall more than 2 , follow by consumer staple and communication service , which be each drop around 1.0 .",consumer staples,Negative,OTHER
""" concern for accenture and other it consult firm be the increase indication of new it deployment be halt , "" say erik bradley , chief strategist at research firm etr .",ETR,Neutral,OTHER
""" concern for accenture and other it consult firm be the increase indication of new it deployment be halt , "" say erik bradley , chief strategist at research firm etr .",Accenture,Negative,PERSON
"in one example , aptiv , which supply wire harness for tesla , be not able to resume production in midapril and there be concern that this could have a knockon effect on the automaker 's production plan , accord to a person familiar with the matter .",Aptiv,Negative,PERSON
"in one example , aptiv , which supply wire harness for tesla , be not able to resume production in midapril and there be concern that this could have a knockon effect on the automaker 's production plan , accord to a person familiar with the matter .",Tesla,Negative,PERSON
""" with peloton 's stock price 90 low than this time last year , investor be likely to wonder when the former bike maker 's future r.i.p date might be come depend on how the outsourcing decision play out as well as if pandemic fitness behavior continue its precipitous decline , "" say jake dollarhide , cofounder , longbow asset management company .",Longbow Asset Management Company,Neutral,PERSON
""" with peloton 's stock price 90 low than this time last year , investor be likely to wonder when the former bike maker 's future r.i.p date might be come depend on how the outsourcing decision play out as well as if pandemic fitness behavior continue its precipitous decline , "" say jake dollarhide , cofounder , longbow asset management company .",Peloton,Negative,PERSON
"goldman sachs cut its 2023 oil price forecast on tuesday , due to expectation of weak demand and a strong u.s . dollar but say global supply disappointment only reinforce its longterm bullish outlook .",Goldman Sachs,Neutral,PERSON
"share of chemical company have suffer some of the big decline since the invasion , since natural gas play a key role in their manufacturing process . car part maker have also be hit hard , partly because russia be a major market for firm such as vw and mercede and partly because ukraine and russia have also be supplier .",VW,Negative,OTHER
"share of chemical company have suffer some of the big decline since the invasion , since natural gas play a key role in their manufacturing process . car part maker have also be hit hard , partly because russia be a major market for firm such as vw and mercede and partly because ukraine and russia have also be supplier .",Mercedes,Negative,PERSON
"still some european company , especially luxury purveyor such as lvmh and herme may find a silver lining in the euro 's 10 yeartodate decline against the dollar with doubledigit sale growth , partly offset the china effect nl8n2z25sn .",Hermes,Positive,PERSON
"still some european company , especially luxury purveyor such as lvmh and herme may find a silver lining in the euro 's 10 yeartodate decline against the dollar with doubledigit sale growth , partly offset the china effect nl8n2z25sn .",LVMH,Positive,OTHER
"however , technology stock continue to remain under pressure as francoitalian chipmaker stmicroelectronic slump 7.9 after it forecast sale growth to slow in the latter part of the year . nl1n31s0a0",STMicroelectronics,Negative,OTHER
"however , technology stock continue to remain under pressure as francoitalian chipmaker stmicroelectronic slump 7.9 after it forecast sale growth to slow in the latter part of the year . nl1n31s0a0",technology stocks,Negative,OTHER
"jpmorgan analysts ayako fujita , takafumi yamawaki , and benjamin shatil write in a research note publish on thursday that they expect the boj to scale back its ycc policy from march of next year , with the most likely option see to be a raising of the 0.25 cap .",BOJ,Neutral,OTHER
"jpmorgan analysts ayako fujita , takafumi yamawaki , and benjamin shatil write in a research note publish on thursday that they expect the boj to scale back its ycc policy from march of next year , with the most likely option see to be a raising of the 0.25 cap .",JPMorgan,Neutral,OTHER
"vaxzevria have a shelf life of six month , but often the vaccine leave astrazeneca plant with only a few week before expiry , due to quality check and red tape nl1n2ur0qx .",AstraZeneca,Neutral,OTHER
"vaxzevria have a shelf life of six month , but often the vaccine leave astrazeneca plant with only a few week before expiry , due to quality check and red tape nl1n2ur0qx .",Vaxzevria,Neutral,PERSON
4 0 .belex belgrad .sofix sofia .sofix 614.18 610.45 0.61 3.38,Belgrad,Neutral,PERSON
4 0 .belex belgrad .sofix sofia .sofix 614.18 610.45 0.61 3.38,Sofia,Neutral,PERSON
"in july , gebbia say he would take on an advisory role at airbnb , step away from his fulltime role after 14 year at the company . the airbnb cofounder have in 2018 call musk 's attempt to take tesla private a "" baller move "" .",Airbnb,Neutral,PERSON
"in july , gebbia say he would take on an advisory role at airbnb , step away from his fulltime role after 14 year at the company . the airbnb cofounder have in 2018 call musk 's attempt to take tesla private a "" baller move "" .",Airbnb,Neutral,PERSON
"in july , gebbia say he would take on an advisory role at airbnb , step away from his fulltime role after 14 year at the company . the airbnb cofounder have in 2018 call musk 's attempt to take tesla private a "" baller move "" .",Tesla,Neutral,PERSON
"u.s . oil refiner be expect to have about 1.15 million bpd of capacity offline for the week end sept . 30 , decrease available refining capacity by 320,000 bpd , research company iir energy say . nl4n3111dp",IIR Energy,Neutral,OTHER
"india 's adani group have pledge share worth about 12.5 billion in two cement unit , day after the conglomerate control by billionaire gautam adani complete purchase of stake in those business from switzerland 's holcim .nl4n30s0u8",Holcim,Positive,PERSON
"india 's adani group have pledge share worth about 12.5 billion in two cement unit , day after the conglomerate control by billionaire gautam adani complete purchase of stake in those business from switzerland 's holcim .nl4n30s0u8",Adani Group,Neutral,PERSON
"the company announce plan to unify its message structure across app in 2019 and later that year roll out a payment service , now call meta pay , through which user can process transaction across facebook , messenger , instagram and whatsapp . report by katie paul ; edit by leslie adler katie.paulthomsonreuters.com ;",Instagram,Neutral,PERSON
"the company announce plan to unify its message structure across app in 2019 and later that year roll out a payment service , now call meta pay , through which user can process transaction across facebook , messenger , instagram and whatsapp . report by katie paul ; edit by leslie adler katie.paulthomsonreuters.com ;",Facebook,Neutral,PERSON
"the company announce plan to unify its message structure across app in 2019 and later that year roll out a payment service , now call meta pay , through which user can process transaction across facebook , messenger , instagram and whatsapp . report by katie paul ; edit by leslie adler katie.paulthomsonreuters.com ;",Messenger,Neutral,PERSON
"the company announce plan to unify its message structure across app in 2019 and later that year roll out a payment service , now call meta pay , through which user can process transaction across facebook , messenger , instagram and whatsapp . report by katie paul ; edit by leslie adler katie.paulthomsonreuters.com ;",Meta Pay,Neutral,PERSON
"the company announce plan to unify its message structure across app in 2019 and later that year roll out a payment service , now call meta pay , through which user can process transaction across facebook , messenger , instagram and whatsapp . report by katie paul ; edit by leslie adler katie.paulthomsonreuters.com ;",WhatsApp,Neutral,OTHER
"but while the shot become available in hong kong , macau and taiwan , the regulatory review for mainland china have not be conclude . biontech have say that decision be up to chinese regulator and have not give a reason for the delay .",BioNTech,Neutral,OTHER
"dalia blass , blackrock senior managing director , in a letter send late tuesday write that "" we do not coordinate our vote or investment decision with external group or organization . """,BlackRock,Neutral,OTHER
"sum vary between 20 million and 30 million euro be come from businessman denis dumont , andrea pignataro , asset manager anima holding and the same algebris .",Anima Holding,Neutral,PERSON
"sum vary between 20 million and 30 million euro be come from businessman denis dumont , andrea pignataro , asset manager anima holding and the same algebris .",Algebris,Neutral,PERSON
"around 3 a.m. , bankmanfrie resort to zhao , his archrival at binance . zhao , widely know by the initial cz , come to the phone . a few hour later , zhao send over a nonbinding letter of intent to acquire ftx.com , which bankmanfried sign . the pair tweet a joint announcement later that morning .",FTX.com,Neutral,OTHER
"around 3 a.m. , bankmanfrie resort to zhao , his archrival at binance . zhao , widely know by the initial cz , come to the phone . a few hour later , zhao send over a nonbinding letter of intent to acquire ftx.com , which bankmanfried sign . the pair tweet a joint announcement later that morning .",Binance,Neutral,PERSON
"u.s . crude recently rise 0.31 to 85.36 per barrel and brent be at 91.41 , up 0.63 on the day .",U.S. crude,Positive,OTHER
"u.s . crude recently rise 0.31 to 85.36 per barrel and brent be at 91.41 , up 0.63 on the day .",Brent,Positive,PERSON
u.s.listed share of china 's ecommerce giant alibaba group holding ltd and internet firm baidu inc decline more than 1 each in trading before the bell .,Alibaba Group Holding Ltd,Negative,COMPANY
u.s.listed share of china 's ecommerce giant alibaba group holding ltd and internet firm baidu inc decline more than 1 each in trading before the bell .,Baidu Inc,Negative,COMPANY
"accord to the adv airport association , about one in five job in security , checkin and aircraft handling be unfilled at german airport .",ADV airport association,Neutral,ORGANIZATION
"renault own about 43 of nissan , which want its french ally to wind down the stake to 15 , draw level with nissan 's share in the alliance partner , the source say .",Nissan,Neutral,PERSON
"renault own about 43 of nissan , which want its french ally to wind down the stake to 15 , draw level with nissan 's share in the alliance partner , the source say .",Nissan,Neutral,PERSON
"renault own about 43 of nissan , which want its french ally to wind down the stake to 15 , draw level with nissan 's share in the alliance partner , the source say .",Renault,Neutral,PERSON
"under iivi 's offer term make in march 2021 , coherent stockholder will receive 220 in cash and 0.91 iivi share , which value coherent at about 7 billion at the time .",Coherent,Neutral,PERSON
"under iivi 's offer term make in march 2021 , coherent stockholder will receive 220 in cash and 0.91 iivi share , which value coherent at about 7 billion at the time .",Coherent,Neutral,PERSON
"under iivi 's offer term make in march 2021 , coherent stockholder will receive 220 in cash and 0.91 iivi share , which value coherent at about 7 billion at the time .",II-VI,Neutral,OTHER
"under iivi 's offer term make in march 2021 , coherent stockholder will receive 220 in cash and 0.91 iivi share , which value coherent at about 7 billion at the time .",II-VI,Neutral,OTHER
goldman recommend buy starbuck straddle ahead of its sept . 13 analyst day where the management be expect to provide additional color on its reinvention strategy .,Starbucks,Positive,PERSON
goldman recommend buy starbuck straddle ahead of its sept . 13 analyst day where the management be expect to provide additional color on its reinvention strategy .,Goldman,Neutral,PERSON
"the rule , some of which take immediate effect , build on restriction send in letter this year to top toolmaker kla corp , lam research corp and applied materials inc , effectively require they to halt shipment of equipment to wholly chineseowned factory produce advanced logic chip . report by arunima kumar and yuvraj malik in bengaluru ; edit by krishna chandra eluri arunima.kumarthomsonreuters.com ; twitter ;",Applied Materials Inc,Negative,COMPANY
"the rule , some of which take immediate effect , build on restriction send in letter this year to top toolmaker kla corp , lam research corp and applied materials inc , effectively require they to halt shipment of equipment to wholly chineseowned factory produce advanced logic chip . report by arunima kumar and yuvraj malik in bengaluru ; edit by krishna chandra eluri arunima.kumarthomsonreuters.com ; twitter ;",KLA Corp,Negative,COMPANY
"the rule , some of which take immediate effect , build on restriction send in letter this year to top toolmaker kla corp , lam research corp and applied materials inc , effectively require they to halt shipment of equipment to wholly chineseowned factory produce advanced logic chip . report by arunima kumar and yuvraj malik in bengaluru ; edit by krishna chandra eluri arunima.kumarthomsonreuters.com ; twitter ;",Lam Research Corp,Negative,COMPANY
"unitedhealth have submit the high bid in excess of 30 a share , while amazon 's offer be close behind , bloomberg say . signify will hold a board meeting on monday to discuss the bid , and final bid be expect sept . 6 , bloomberg say .",Bloomberg,Neutral,PERSON
"unitedhealth have submit the high bid in excess of 30 a share , while amazon 's offer be close behind , bloomberg say . signify will hold a board meeting on monday to discuss the bid , and final bid be expect sept . 6 , bloomberg say .",Signify,Neutral,PERSON
"unitedhealth have submit the high bid in excess of 30 a share , while amazon 's offer be close behind , bloomberg say . signify will hold a board meeting on monday to discuss the bid , and final bid be expect sept . 6 , bloomberg say .",Bloomberg,Neutral,PERSON
"unitedhealth have submit the high bid in excess of 30 a share , while amazon 's offer be close behind , bloomberg say . signify will hold a board meeting on monday to discuss the bid , and final bid be expect sept . 6 , bloomberg say .",Amazon,Neutral,PERSON
"unitedhealth have submit the high bid in excess of 30 a share , while amazon 's offer be close behind , bloomberg say . signify will hold a board meeting on monday to discuss the bid , and final bid be expect sept . 6 , bloomberg say .",UnitedHealth,Neutral,OTHER
"blume remind vw executive he be bear in low saxony , vws home base . that biographical fact illuminate blume role as the insider , steep in vws culture , bring in to restore calm after a disruptive outsider , herbert diess , take the tough decision need to lead the company out of its dieselgate crisis .",VW,Neutral,OTHER
"blume remind vw executive he be bear in low saxony , vws home base . that biographical fact illuminate blume role as the insider , steep in vws culture , bring in to restore calm after a disruptive outsider , herbert diess , take the tough decision need to lead the company out of its dieselgate crisis .",VW,Neutral,OTHER
"blume remind vw executive he be bear in low saxony , vws home base . that biographical fact illuminate blume role as the insider , steep in vws culture , bring in to restore calm after a disruptive outsider , herbert diess , take the tough decision need to lead the company out of its dieselgate crisis .",VW,Neutral,OTHER
"in france , 70 plan to shop on black friday and cyber monday , accord to research by pwc france . however , the spanish be less keen , with just 24 of shopper plan to take advantage of black friday deal to get a head start on their christmas shopping , accord to the spanish association of mass consumer good company .",PwC France,Neutral,OTHER
"in france , 70 plan to shop on black friday and cyber monday , accord to research by pwc france . however , the spanish be less keen , with just 24 of shopper plan to take advantage of black friday deal to get a head start on their christmas shopping , accord to the spanish association of mass consumer good company .",Spanish Association of Mass Consumer Goods Companies,Neutral,ORGANIZATION
"bp , by comparison , have so far build 2gw of operate renewable capacity , partly through its 50 stake in lightsource bp , one of the world 's top solar producer .",BP,Neutral,OTHER
"bp , by comparison , have so far build 2gw of operate renewable capacity , partly through its 50 stake in lightsource bp , one of the world 's top solar producer .",Lightsource BP,Neutral,OTHER
"board meeting on h1 result campari follow by conference call , hera , moncler follow by conference call , poste italiane press release on july 28 , snam follow by conference call afternoon , acea , rai way follow by conference call .",Hera,Neutral,PERSON
"board meeting on h1 result campari follow by conference call , hera , moncler follow by conference call , poste italiane press release on july 28 , snam follow by conference call afternoon , acea , rai way follow by conference call .",Moncler,Neutral,PERSON
"board meeting on h1 result campari follow by conference call , hera , moncler follow by conference call , poste italiane press release on july 28 , snam follow by conference call afternoon , acea , rai way follow by conference call .",Rai Way,Neutral,PERSON
"board meeting on h1 result campari follow by conference call , hera , moncler follow by conference call , poste italiane press release on july 28 , snam follow by conference call afternoon , acea , rai way follow by conference call .",Poste Italiane,Neutral,PERSON
"board meeting on h1 result campari follow by conference call , hera , moncler follow by conference call , poste italiane press release on july 28 , snam follow by conference call afternoon , acea , rai way follow by conference call .",Campari,Neutral,PERSON
"board meeting on h1 result campari follow by conference call , hera , moncler follow by conference call , poste italiane press release on july 28 , snam follow by conference call afternoon , acea , rai way follow by conference call .",Snam,Neutral,PERSON
"board meeting on h1 result campari follow by conference call , hera , moncler follow by conference call , poste italiane press release on july 28 , snam follow by conference call afternoon , acea , rai way follow by conference call .",Acea,Neutral,PERSON
"board meeting on q1 result atlantia , banco bpm , bper banca , credito emiliano , pirelli c , unipol , banca ifis , banca monte dei paschi di siena , illimity bank , intercos follow by conference call , unipolsai .",Banco BPM,Neutral,OTHER
"board meeting on q1 result atlantia , banco bpm , bper banca , credito emiliano , pirelli c , unipol , banca ifis , banca monte dei paschi di siena , illimity bank , intercos follow by conference call , unipolsai .",UnipolSai,Neutral,OTHER
"board meeting on q1 result atlantia , banco bpm , bper banca , credito emiliano , pirelli c , unipol , banca ifis , banca monte dei paschi di siena , illimity bank , intercos follow by conference call , unipolsai .",Banca Ifis,Neutral,PERSON
"board meeting on q1 result atlantia , banco bpm , bper banca , credito emiliano , pirelli c , unipol , banca ifis , banca monte dei paschi di siena , illimity bank , intercos follow by conference call , unipolsai .",Intercos,Neutral,PERSON
"board meeting on q1 result atlantia , banco bpm , bper banca , credito emiliano , pirelli c , unipol , banca ifis , banca monte dei paschi di siena , illimity bank , intercos follow by conference call , unipolsai .",BPER Banca,Neutral,OTHER
"board meeting on q1 result atlantia , banco bpm , bper banca , credito emiliano , pirelli c , unipol , banca ifis , banca monte dei paschi di siena , illimity bank , intercos follow by conference call , unipolsai .",Atlantia,Neutral,PERSON
"board meeting on q1 result atlantia , banco bpm , bper banca , credito emiliano , pirelli c , unipol , banca ifis , banca monte dei paschi di siena , illimity bank , intercos follow by conference call , unipolsai .",Pirelli & C,Neutral,OTHER
"board meeting on q1 result atlantia , banco bpm , bper banca , credito emiliano , pirelli c , unipol , banca ifis , banca monte dei paschi di siena , illimity bank , intercos follow by conference call , unipolsai .",Banca Monte dei Paschi di Siena,Neutral,OTHER
"board meeting on q1 result atlantia , banco bpm , bper banca , credito emiliano , pirelli c , unipol , banca ifis , banca monte dei paschi di siena , illimity bank , intercos follow by conference call , unipolsai .",Unipol,Neutral,PERSON
"board meeting on q1 result atlantia , banco bpm , bper banca , credito emiliano , pirelli c , unipol , banca ifis , banca monte dei paschi di siena , illimity bank , intercos follow by conference call , unipolsai .",illimity Bank,Neutral,OTHER
"board meeting on q1 result atlantia , banco bpm , bper banca , credito emiliano , pirelli c , unipol , banca ifis , banca monte dei paschi di siena , illimity bank , intercos follow by conference call , unipolsai .",Credito Emiliano,Neutral,PERSON
"meta , once worth more than 1 trillion , be now value at 256 billion after lose more than 70 of its value this year alone .",Meta,Negative,PERSON
"american airlines group inc , delta air lines inc , southwest airline co , and united airlines holdings inc will present at the j.p . morgan industrials conference . they be expect to talk about any impact to their outlook from high oil price and the russiaukraine war . separately , the boss of delta air lines inc and virgin atlantic airways ltd will meet journalist in london to discuss the state of the recovery in international travel , and their partnership .",Delta Air Lines Inc,Neutral,COMPANY
"american airlines group inc , delta air lines inc , southwest airline co , and united airlines holdings inc will present at the j.p . morgan industrials conference . they be expect to talk about any impact to their outlook from high oil price and the russiaukraine war . separately , the boss of delta air lines inc and virgin atlantic airways ltd will meet journalist in london to discuss the state of the recovery in international travel , and their partnership .",American Airlines Group Inc,Neutral,COMPANY
"american airlines group inc , delta air lines inc , southwest airline co , and united airlines holdings inc will present at the j.p . morgan industrials conference . they be expect to talk about any impact to their outlook from high oil price and the russiaukraine war . separately , the boss of delta air lines inc and virgin atlantic airways ltd will meet journalist in london to discuss the state of the recovery in international travel , and their partnership .",J.P. Morgan,Neutral,OTHER
"american airlines group inc , delta air lines inc , southwest airline co , and united airlines holdings inc will present at the j.p . morgan industrials conference . they be expect to talk about any impact to their outlook from high oil price and the russiaukraine war . separately , the boss of delta air lines inc and virgin atlantic airways ltd will meet journalist in london to discuss the state of the recovery in international travel , and their partnership .",Delta Air Lines Inc,Neutral,COMPANY
"american airlines group inc , delta air lines inc , southwest airline co , and united airlines holdings inc will present at the j.p . morgan industrials conference . they be expect to talk about any impact to their outlook from high oil price and the russiaukraine war . separately , the boss of delta air lines inc and virgin atlantic airways ltd will meet journalist in london to discuss the state of the recovery in international travel , and their partnership .",Virgin Atlantic Airways Ltd,Neutral,COMPANY
"american airlines group inc , delta air lines inc , southwest airline co , and united airlines holdings inc will present at the j.p . morgan industrials conference . they be expect to talk about any impact to their outlook from high oil price and the russiaukraine war . separately , the boss of delta air lines inc and virgin atlantic airways ltd will meet journalist in london to discuss the state of the recovery in international travel , and their partnership .",United Airlines Holdings Inc,Neutral,COMPANY
"american airlines group inc , delta air lines inc , southwest airline co , and united airlines holdings inc will present at the j.p . morgan industrials conference . they be expect to talk about any impact to their outlook from high oil price and the russiaukraine war . separately , the boss of delta air lines inc and virgin atlantic airways ltd will meet journalist in london to discuss the state of the recovery in international travel , and their partnership .",Southwest Airlines Co,Neutral,PERSON
"brent crude future settle at 101.16 a barrel , rise 2.06 , or 2.1 , while west texas intermediate crude settle at 97.59 a barrel , gain 1.81 , or 1.9 .",West Texas Intermediate crude,Positive,OTHER
"brent crude future settle at 101.16 a barrel , rise 2.06 , or 2.1 , while west texas intermediate crude settle at 97.59 a barrel , gain 1.81 , or 1.9 .",Brent crude,Positive,OTHER
"all eye be now on ibm , microsoft tesla and apple which be due to update the market this week .",Apple,Neutral,PERSON
"all eye be now on ibm , microsoft tesla and apple which be due to update the market this week .",IBM,Neutral,OTHER
"all eye be now on ibm , microsoft tesla and apple which be due to update the market this week .",Tesla,Neutral,PERSON
"all eye be now on ibm , microsoft tesla and apple which be due to update the market this week .",Microsoft,Neutral,PERSON
"that have not stop user on tiktok from focus on her disclosure , with one video clip about her husband 's recent option purchase in company include alphabet , micron technology and roblox earn 45,000 like .",Alphabet,Neutral,PERSON
"that have not stop user on tiktok from focus on her disclosure , with one video clip about her husband 's recent option purchase in company include alphabet , micron technology and roblox earn 45,000 like .",TikTok,Neutral,OTHER
"that have not stop user on tiktok from focus on her disclosure , with one video clip about her husband 's recent option purchase in company include alphabet , micron technology and roblox earn 45,000 like .",Roblox,Neutral,PERSON
"that have not stop user on tiktok from focus on her disclosure , with one video clip about her husband 's recent option purchase in company include alphabet , micron technology and roblox earn 45,000 like .",Micron Technology,Neutral,PERSON
"the tesla boss , who will also serve as chief executive of twitter , have announce the follow action after he take control a little over a week ago top management musk fire top executive include ceo parag nl1n31x1a5 cut agrawal , cfo ned segal , legal affair and",Twitter,Neutral,PERSON
"the tesla boss , who will also serve as chief executive of twitter , have announce the follow action after he take control a little over a week ago top management musk fire top executive include ceo parag nl1n31x1a5 cut agrawal , cfo ned segal , legal affair and",Tesla,Neutral,PERSON
"ford motor co have also begin separate its operation into electric , combustion engine and commercial vehicle , though stellantis have reject such a move as traditional automaker grapple how good to compete with tesla .",Ford Motor Co,Neutral,PERSON
"ford motor co have also begin separate its operation into electric , combustion engine and commercial vehicle , though stellantis have reject such a move as traditional automaker grapple how good to compete with tesla .",Tesla,Neutral,PERSON
"ford motor co have also begin separate its operation into electric , combustion engine and commercial vehicle , though stellantis have reject such a move as traditional automaker grapple how good to compete with tesla .",Stellantis,Neutral,PERSON
"fifa have say it be assess amnesty 's proposition and implement an "" unprecedented due diligence process in relation to the protection of worker involve "" .",Amnesty,Neutral,PERSON
"fifa have say it be assess amnesty 's proposition and implement an "" unprecedented due diligence process in relation to the protection of worker involve "" .",FIFA,Neutral,OTHER
"the statement from uber , chinese mobility firm didi global inc and latin american delivery app rappi also suggest establish mechanism to ensure fair pay in line with time work , but do not outline specific .",Uber,Neutral,PERSON
"the statement from uber , chinese mobility firm didi global inc and latin american delivery app rappi also suggest establish mechanism to ensure fair pay in line with time work , but do not outline specific .",Rappi,Neutral,PERSON
"the statement from uber , chinese mobility firm didi global inc and latin american delivery app rappi also suggest establish mechanism to ensure fair pay in line with time work , but do not outline specific .",DiDi Global Inc,Neutral,COMPANY
new fortress and pemex believe the lakach field will yield about 10 year of production . report by mrinalika roy in bengaluru ; edit by anil d'silva and shinjini ganguli mrinalika.roythomsonreuters.com ;,New fortress,Neutral,OTHER
new fortress and pemex believe the lakach field will yield about 10 year of production . report by mrinalika roy in bengaluru ; edit by anil d'silva and shinjini ganguli mrinalika.roythomsonreuters.com ;,Pemex,Neutral,PERSON
"anima holding do not expect to strengthen its partnership with the stateowned lender in the near term , chief executive alessandro melzi d'eril tell analyst .",Anima Holding,Neutral,PERSON
"signatory include hershey , mar , blommer chocolate , nestle , sucden , mondelez , touton , barry callebaut , cargill , ferrero , olam and ecom trading .",Touton,Neutral,PERSON
"signatory include hershey , mar , blommer chocolate , nestle , sucden , mondelez , touton , barry callebaut , cargill , ferrero , olam and ecom trading .",Mars,Neutral,PERSON
"signatory include hershey , mar , blommer chocolate , nestle , sucden , mondelez , touton , barry callebaut , cargill , ferrero , olam and ecom trading .",Olam,Neutral,PERSON
"signatory include hershey , mar , blommer chocolate , nestle , sucden , mondelez , touton , barry callebaut , cargill , ferrero , olam and ecom trading .",Barry Callebaut,Neutral,PERSON
"signatory include hershey , mar , blommer chocolate , nestle , sucden , mondelez , touton , barry callebaut , cargill , ferrero , olam and ecom trading .",Cargill,Neutral,PERSON
"signatory include hershey , mar , blommer chocolate , nestle , sucden , mondelez , touton , barry callebaut , cargill , ferrero , olam and ecom trading .",Hershey,Neutral,PERSON
"signatory include hershey , mar , blommer chocolate , nestle , sucden , mondelez , touton , barry callebaut , cargill , ferrero , olam and ecom trading .",Ferrero,Neutral,PERSON
"signatory include hershey , mar , blommer chocolate , nestle , sucden , mondelez , touton , barry callebaut , cargill , ferrero , olam and ecom trading .",Ecom Trading,Neutral,PERSON
"signatory include hershey , mar , blommer chocolate , nestle , sucden , mondelez , touton , barry callebaut , cargill , ferrero , olam and ecom trading .",Nestle,Neutral,PERSON
"signatory include hershey , mar , blommer chocolate , nestle , sucden , mondelez , touton , barry callebaut , cargill , ferrero , olam and ecom trading .",Sucden,Neutral,PERSON
"signatory include hershey , mar , blommer chocolate , nestle , sucden , mondelez , touton , barry callebaut , cargill , ferrero , olam and ecom trading .",Blommer Chocolate,Neutral,PERSON
"signatory include hershey , mar , blommer chocolate , nestle , sucden , mondelez , touton , barry callebaut , cargill , ferrero , olam and ecom trading .",Mondelez,Neutral,PERSON
"bofa also believe that bull market signpost be scarce as only 30 of the indicator that typically precede market bottom have trigger today savita subramanian , bofa 's head of u.s . equity and quantitative strategy , look for 80 or more .",BofA,Neutral,OTHER
"bofa also believe that bull market signpost be scarce as only 30 of the indicator that typically precede market bottom have trigger today savita subramanian , bofa 's head of u.s . equity and quantitative strategy , look for 80 or more .",BofA,Neutral,OTHER
"bank of italy release august datum on italian resident deposit with domestic bank , bank lend to nonfinancial company and gross bad loan at italian bank .",Bank of Italy,Neutral,OTHER
"the deal with social leverage acquisition corp I be expect to fetch up to 345 million in proceed from the special purpose acquisition company 's spac trust account , assume no redemption .",Social Leverage Acquisition Corp I,Neutral,COMPANY
"jpmorgan , hsbc , icbc standard and ubs decline to comment when ask about how they handle investor request to sell their holding of russian gold .",HSBC,Neutral,OTHER
"jpmorgan , hsbc , icbc standard and ubs decline to comment when ask about how they handle investor request to sell their holding of russian gold .",UBS,Neutral,OTHER
"jpmorgan , hsbc , icbc standard and ubs decline to comment when ask about how they handle investor request to sell their holding of russian gold .",JPMorgan,Neutral,OTHER
"jpmorgan , hsbc , icbc standard and ubs decline to comment when ask about how they handle investor request to sell their holding of russian gold .",ICBC Standard,Neutral,OTHER
"the chinese exercise , centre on six location around the island that china claim as its own , begin on thursday and be schedule to last until midday on sunday , the official xinhua news agency report last week .",Xinhua News Agency,Neutral,ORGANIZATION
yoon hold a video call with tesla chief executive elon musk last week and yoon 's office cite musk as say south korea be among the top candidate location for a new tesla factory .,Tesla,Neutral,PERSON
yoon hold a video call with tesla chief executive elon musk last week and yoon 's office cite musk as say south korea be among the top candidate location for a new tesla factory .,Tesla,Neutral,PERSON
""" these execution amount to arbitrary deprivation of life and be another example of myanmar atrocious human right record , "" say erwin van der borght , regional director of right group amnesty international .",Amnesty International,Neutral,PERSON
""" for a market that look forward , the thought be that we be near a bottom in term of the type of news we be get and maybe price have already discount the slowdown that we be see , "" say rick meckler , partner at cherry lane investment in new vernon , new jersey .",Cherry Lane Investments,Neutral,PERSON
the geographical grouping of walmart and target store reflect the distinct strategy of each company for go after a certain type of customer .,Walmart,Neutral,PERSON
the geographical grouping of walmart and target store reflect the distinct strategy of each company for go after a certain type of customer .,Target,Neutral,PERSON
"u.s . treasury secretary janet yellen say during a visit to tokyo that sri lanka be in a "" very difficult situation "" and that one of its main debt holder , china , have an important role to play . nl1n2yt0jt",U.S. Treasury,Neutral,OTHER
"after year of redhot growth , netflix 's fortune change as rival include walt disney co , warner bros discovery and apple inc invest heavily in their own streaming service .",Warner Bros  Discovery,Neutral,PERSON
"after year of redhot growth , netflix 's fortune change as rival include walt disney co , warner bros discovery and apple inc invest heavily in their own streaming service .",Apple Inc,Neutral,COMPANY
"after year of redhot growth , netflix 's fortune change as rival include walt disney co , warner bros discovery and apple inc invest heavily in their own streaming service .",Walt Disney Co,Neutral,PERSON
"after year of redhot growth , netflix 's fortune change as rival include walt disney co , warner bros discovery and apple inc invest heavily in their own streaming service .",Netflix,Neutral,PERSON
"foreign institutional investor buy a net 3.69 billion rupee 45.17 million worth of equity on friday , while domestic investor sell a net 2.96 billion rupee 36.24 million worth of share , as per provisional nse datum .",NSE,Neutral,OTHER
"milanbase design holding , jointly control by private equity firm carlyle group and investindustrial , own brand such as bb italia , flo and louis poulsen .",Louis Poulsen,Neutral,PERSON
"milanbase design holding , jointly control by private equity firm carlyle group and investindustrial , own brand such as bb italia , flo and louis poulsen .",Design Holding,Neutral,PERSON
"milanbase design holding , jointly control by private equity firm carlyle group and investindustrial , own brand such as bb italia , flo and louis poulsen .",Flos,Neutral,PERSON
"milanbase design holding , jointly control by private equity firm carlyle group and investindustrial , own brand such as bb italia , flo and louis poulsen .",Carlyle Group,Neutral,PERSON
"milanbase design holding , jointly control by private equity firm carlyle group and investindustrial , own brand such as bb italia , flo and louis poulsen .",B&B Italia,Neutral,OTHER
"milanbase design holding , jointly control by private equity firm carlyle group and investindustrial , own brand such as bb italia , flo and louis poulsen .",Investindustrial,Neutral,PERSON
"citigroup decline to comment on friday , but on thursday , the bank say in a filing it will continue to reduce its operation and exposure to russia .",Citigroup,Neutral,PERSON
"ship giant cosco last year make a bid to take a 35 stake in one of logistic firm hhla 's three terminal in germany 's large port in hamburg , but the german coalition have be divide over whether to approve the deal .",Cosco,Neutral,PERSON
"ship giant cosco last year make a bid to take a 35 stake in one of logistic firm hhla 's three terminal in germany 's large port in hamburg , but the german coalition have be divide over whether to approve the deal .",HHLA,Neutral,OTHER
""" company be stand back from ma in the shortterm as they be more focused on the impact of a recession on their business . the timing for dealmake will come but I do not think it be quite there yet , "" say alison hardingjones , citigroup inc 's emea ma head .",Citigroup Inc,Neutral,COMPANY
"that s make it seem like much of the shift at the ftc have be about prevent transaction nl4n2tz38l before they re announce , rather than after . but two vertical deal by tech giant c microsoft 69 billion purchase of gaming group activision blizzard and amazon.com 8.5 acquisition of movie studio mgm c be now under review . the agencys decision on these deal will show whether khan be stick to the old script , or perfect a new one .",FTC,Neutral,OTHER
"that s make it seem like much of the shift at the ftc have be about prevent transaction nl4n2tz38l before they re announce , rather than after . but two vertical deal by tech giant c microsoft 69 billion purchase of gaming group activision blizzard and amazon.com 8.5 acquisition of movie studio mgm c be now under review . the agencys decision on these deal will show whether khan be stick to the old script , or perfect a new one .",Activision Blizzard,Neutral,PERSON
"that s make it seem like much of the shift at the ftc have be about prevent transaction nl4n2tz38l before they re announce , rather than after . but two vertical deal by tech giant c microsoft 69 billion purchase of gaming group activision blizzard and amazon.com 8.5 acquisition of movie studio mgm c be now under review . the agencys decision on these deal will show whether khan be stick to the old script , or perfect a new one .",MGM,Neutral,OTHER
"that s make it seem like much of the shift at the ftc have be about prevent transaction nl4n2tz38l before they re announce , rather than after . but two vertical deal by tech giant c microsoft 69 billion purchase of gaming group activision blizzard and amazon.com 8.5 acquisition of movie studio mgm c be now under review . the agencys decision on these deal will show whether khan be stick to the old script , or perfect a new one .",Microsoft,Neutral,PERSON
"that s make it seem like much of the shift at the ftc have be about prevent transaction nl4n2tz38l before they re announce , rather than after . but two vertical deal by tech giant c microsoft 69 billion purchase of gaming group activision blizzard and amazon.com 8.5 acquisition of movie studio mgm c be now under review . the agencys decision on these deal will show whether khan be stick to the old script , or perfect a new one .",Amazon.com,Neutral,OTHER
"accord to preliminary datum , the sp 500 lose 15.57 point , or 0.36 , to end at 3,910.16 point , while the nasdaq composite lose 84.94 point , or 0.73 , to 11,545.92 . the dow jones industrial average fall 148.35 point , or 0.47 , to 31,155.72 .",S&P 500,Negative,OTHER
"accord to preliminary datum , the sp 500 lose 15.57 point , or 0.36 , to end at 3,910.16 point , while the nasdaq composite lose 84.94 point , or 0.73 , to 11,545.92 . the dow jones industrial average fall 148.35 point , or 0.47 , to 31,155.72 .",Nasdaq Composite,Negative,PERSON
"accord to preliminary datum , the sp 500 lose 15.57 point , or 0.36 , to end at 3,910.16 point , while the nasdaq composite lose 84.94 point , or 0.73 , to 11,545.92 . the dow jones industrial average fall 148.35 point , or 0.47 , to 31,155.72 .",Dow Jones Industrial Average,Negative,PERSON
"still , the news make investor anxious about other big bank due to report result next week with morgan stanley fall 2.6 and goldman sach off 2.4 .",Goldman Sachs,Negative,PERSON
"still , the news make investor anxious about other big bank due to report result next week with morgan stanley fall 2.6 and goldman sach off 2.4 .",Morgan Stanley,Negative,PERSON
"bank of england boss andrew bailey be sorry for an "" apocalyptic "" view of the world , say that monetary policy face its big test in 25 year with surge inflation exacerbate by war in ukraine and china 's covid lockdown . nl5n2x853 m",Bank of England,Neutral,OTHER
"however , update guidance from the u.s . treasury department publish shortly after state the sanction that be in place on russia prohibit u.s . money manager from buy any of the country 's debt or stock in secondary market .",U.S. Treasury Department,Neutral,OTHER
"milan , 5th annual investor ' conference on "" italian banking npl management "" 0700 gmt . expect attendee include at panel "" the rise of utp "" intesa sanpaolo managing director vittorio savarese , sp global rating director giuseppina martelli .",S&P Global Ratings,Neutral,OTHER
"milan , 5th annual investor ' conference on "" italian banking npl management "" 0700 gmt . expect attendee include at panel "" the rise of utp "" intesa sanpaolo managing director vittorio savarese , sp global rating director giuseppina martelli .",Intesa Sanpaolo,Neutral,PERSON
""" the diversity of view ... be clear , with respondent from both side of the debate provide evidence that support their viewpoint , "" the lme note .",LME,Neutral,OTHER
"board meeting on q3 result banco bpm , buzzi unicem , cnh industrial follow by conference call , fincantieri , finecobank , iveco group follow by conference call , recordati , banca popolare di sondrio , industrie de nora press release on nov . 9 , salvatore ferragamo follow by conference call .",Salvatore Ferragamo,Neutral,PERSON
"board meeting on q3 result banco bpm , buzzi unicem , cnh industrial follow by conference call , fincantieri , finecobank , iveco group follow by conference call , recordati , banca popolare di sondrio , industrie de nora press release on nov . 9 , salvatore ferragamo follow by conference call .",Recordati,Neutral,PERSON
"board meeting on q3 result banco bpm , buzzi unicem , cnh industrial follow by conference call , fincantieri , finecobank , iveco group follow by conference call , recordati , banca popolare di sondrio , industrie de nora press release on nov . 9 , salvatore ferragamo follow by conference call .",Fincantieri,Neutral,COMPANY
"board meeting on q3 result banco bpm , buzzi unicem , cnh industrial follow by conference call , fincantieri , finecobank , iveco group follow by conference call , recordati , banca popolare di sondrio , industrie de nora press release on nov . 9 , salvatore ferragamo follow by conference call .",CNH Industrial,Neutral,OTHER
"board meeting on q3 result banco bpm , buzzi unicem , cnh industrial follow by conference call , fincantieri , finecobank , iveco group follow by conference call , recordati , banca popolare di sondrio , industrie de nora press release on nov . 9 , salvatore ferragamo follow by conference call .",Banco BPM,Neutral,OTHER
"board meeting on q3 result banco bpm , buzzi unicem , cnh industrial follow by conference call , fincantieri , finecobank , iveco group follow by conference call , recordati , banca popolare di sondrio , industrie de nora press release on nov . 9 , salvatore ferragamo follow by conference call .",Banca Popolare di Sondrio,Neutral,OTHER
"board meeting on q3 result banco bpm , buzzi unicem , cnh industrial follow by conference call , fincantieri , finecobank , iveco group follow by conference call , recordati , banca popolare di sondrio , industrie de nora press release on nov . 9 , salvatore ferragamo follow by conference call .",FinecoBank,Neutral,OTHER
"board meeting on q3 result banco bpm , buzzi unicem , cnh industrial follow by conference call , fincantieri , finecobank , iveco group follow by conference call , recordati , banca popolare di sondrio , industrie de nora press release on nov . 9 , salvatore ferragamo follow by conference call .",Industrie De Nora,Neutral,PERSON
"board meeting on q3 result banco bpm , buzzi unicem , cnh industrial follow by conference call , fincantieri , finecobank , iveco group follow by conference call , recordati , banca popolare di sondrio , industrie de nora press release on nov . 9 , salvatore ferragamo follow by conference call .",Iveco Group,Neutral,PERSON
"board meeting on q3 result banco bpm , buzzi unicem , cnh industrial follow by conference call , fincantieri , finecobank , iveco group follow by conference call , recordati , banca popolare di sondrio , industrie de nora press release on nov . 9 , salvatore ferragamo follow by conference call .",Buzzi Unicem,Neutral,PERSON
"rome , banking association abi start "" bancassicurazione , ensure a sustainable future "" 0700 gmt ; end on sept . 29 . on wednesday expect attendee include at plenary session abi vice director general gianfranco torriero , insurers association ania director general dario focarelli , market regulator consob vice director general tiziana togna 0700 gmt ; at roundtable discussion net insurance ceo andrea battista , banco desio ceo alessandro decio 0915 gmt .",ABI,Neutral,OTHER
"rome , banking association abi start "" bancassicurazione , ensure a sustainable future "" 0700 gmt ; end on sept . 29 . on wednesday expect attendee include at plenary session abi vice director general gianfranco torriero , insurers association ania director general dario focarelli , market regulator consob vice director general tiziana togna 0700 gmt ; at roundtable discussion net insurance ceo andrea battista , banco desio ceo alessandro decio 0915 gmt .",Net Insurance,Neutral,PERSON
"rome , banking association abi start "" bancassicurazione , ensure a sustainable future "" 0700 gmt ; end on sept . 29 . on wednesday expect attendee include at plenary session abi vice director general gianfranco torriero , insurers association ania director general dario focarelli , market regulator consob vice director general tiziana togna 0700 gmt ; at roundtable discussion net insurance ceo andrea battista , banco desio ceo alessandro decio 0915 gmt .",Banco Desio,Neutral,PERSON
"rome , banking association abi start "" bancassicurazione , ensure a sustainable future "" 0700 gmt ; end on sept . 29 . on wednesday expect attendee include at plenary session abi vice director general gianfranco torriero , insurers association ania director general dario focarelli , market regulator consob vice director general tiziana togna 0700 gmt ; at roundtable discussion net insurance ceo andrea battista , banco desio ceo alessandro decio 0915 gmt .",ANIA,Neutral,OTHER
"rome , banking association abi start "" bancassicurazione , ensure a sustainable future "" 0700 gmt ; end on sept . 29 . on wednesday expect attendee include at plenary session abi vice director general gianfranco torriero , insurers association ania director general dario focarelli , market regulator consob vice director general tiziana togna 0700 gmt ; at roundtable discussion net insurance ceo andrea battista , banco desio ceo alessandro decio 0915 gmt .",CONSOB,Neutral,OTHER
"rome , banking association abi start "" bancassicurazione , ensure a sustainable future "" 0700 gmt ; end on sept . 29 . on wednesday expect attendee include at plenary session abi vice director general gianfranco torriero , insurers association ania director general dario focarelli , market regulator consob vice director general tiziana togna 0700 gmt ; at roundtable discussion net insurance ceo andrea battista , banco desio ceo alessandro decio 0915 gmt .",ABI,Neutral,OTHER
""" we expect huge buyback then suddenly these be cancel or moderate , "" say barrington pitt miller , chief investment officer of wykeham overseas advisor .",Wykeham Overseas Advisors,Neutral,PERSON
brazilian newspaper valor economico report on tuesday about the sale and the interest from mubadala and raizen . bp bunge bioenergia own 11 produce unit with 33 million tonne of sugar cane crushing capacity .,Mubadala,Neutral,PERSON
brazilian newspaper valor economico report on tuesday about the sale and the interest from mubadala and raizen . bp bunge bioenergia own 11 produce unit with 33 million tonne of sugar cane crushing capacity .,Valor Economico,Neutral,PERSON
brazilian newspaper valor economico report on tuesday about the sale and the interest from mubadala and raizen . bp bunge bioenergia own 11 produce unit with 33 million tonne of sugar cane crushing capacity .,Raizen,Neutral,PERSON
brazilian newspaper valor economico report on tuesday about the sale and the interest from mubadala and raizen . bp bunge bioenergia own 11 produce unit with 33 million tonne of sugar cane crushing capacity .,BP Bunge Bioenergia,Neutral,OTHER
"ricky sandler 's eminence capital buy 2.6 million share . scott ferguson 's sachem head capital management take a new stake with 1.6 million share , the filing show .",Sachem Head Capital Management,Neutral,PERSON
"ricky sandler 's eminence capital buy 2.6 million share . scott ferguson 's sachem head capital management take a new stake with 1.6 million share , the filing show .",Eminence Capital,Neutral,PERSON
the guardian and le monde newspaper report in july that uber technologies inc break law and secretly lobby politician as part of an aggressive drive to expand into new market from 2013 to 2017 . nl1n2ys13i,Guardian,Neutral,PERSON
the guardian and le monde newspaper report in july that uber technologies inc break law and secretly lobby politician as part of an aggressive drive to expand into new market from 2013 to 2017 . nl1n2ys13i,Le Monde,Neutral,PERSON
the guardian and le monde newspaper report in july that uber technologies inc break law and secretly lobby politician as part of an aggressive drive to expand into new market from 2013 to 2017 . nl1n2ys13i,Uber Technologies Inc,Negative,COMPANY
"cheikh be speak on the sideline of an event by rati figeac maroc , a subsidiary of collins aerospace , part of raytheon technology .",Collins Aerospace,Neutral,PERSON
"cheikh be speak on the sideline of an event by rati figeac maroc , a subsidiary of collins aerospace , part of raytheon technology .",Raytheon Technologies,Neutral,PERSON
"cheikh be speak on the sideline of an event by rati figeac maroc , a subsidiary of collins aerospace , part of raytheon technology .",Ratier Figeac Maroc,Neutral,PERSON
"lufthansa decline to comment on the letter , though its chief executive apologise to employee and customer in late june , say the airline "" do go too far in cut cost here and there . "" sas ab",Lufthansa,Negative,PERSON
"the emea dc , which help apply the term of cd contract to specific case , determine on june 1 that a "" failure to pay credit event "" have occur after russia fail to add accrued interest on a payment make early this year .",EMEA DC,Neutral,OTHER
"tech heavyweights alphabet inc , amazon.com inc and apple inc have also announce stock split in the recent past .",Alphabet Inc,Neutral,COMPANY
"tech heavyweights alphabet inc , amazon.com inc and apple inc have also announce stock split in the recent past .",Apple Inc,Neutral,COMPANY
"tech heavyweights alphabet inc , amazon.com inc and apple inc have also announce stock split in the recent past .",Amazon.com Inc,Neutral,COMPANY
""" the lifting of travel restriction and another relaxation of testing requirement in february come as a much need shot of medicine after the setback of the omicron variant "" , hargreave lansdown analyst susannah streeter comment on tuesday before the ftse russell announcement .",FTSE Russell,Neutral,OTHER
""" the lifting of travel restriction and another relaxation of testing requirement in february come as a much need shot of medicine after the setback of the omicron variant "" , hargreave lansdown analyst susannah streeter comment on tuesday before the ftse russell announcement .",Hargreaves Lansdown,Neutral,PERSON
""" we be unlikely to see a large number of megadeal and buyout getting do over the next couple of quarter . ma be hard to do when company be trade at a 52week low , "" say marc cooper , chief executive of u.s . advisory firm solomon partner .",Solomon Partners,Neutral,PERSON
"u.s . gas use have already be reduce for month by the outage at the freeport lng export plant in texas , the secondbigg u.s . lng export plant . it be consume about 2 bcfd of gas before it shut on june 8 . freeport lng expect the facility to return to at least partial service in early to midnovember .",Freeport LNG,Negative,OTHER
"u.s . gas use have already be reduce for month by the outage at the freeport lng export plant in texas , the secondbigg u.s . lng export plant . it be consume about 2 bcfd of gas before it shut on june 8 . freeport lng expect the facility to return to at least partial service in early to midnovember .",Freeport LNG,Neutral,OTHER
""" while we have not yet speak to jana , we welcome new investor in freshpet and look forward to hear their perspective , "" freshpet add .",Freshpet,Neutral,PERSON
""" while we have not yet speak to jana , we welcome new investor in freshpet and look forward to hear their perspective , "" freshpet add .",Freshpet,Neutral,PERSON
""" while we have not yet speak to jana , we welcome new investor in freshpet and look forward to hear their perspective , "" freshpet add .",Jana,Neutral,PERSON
"before become ceo , fraser be responsible for the mexico business and for citigroup 's global consumer bank . in that role she work to build on investment the bank make to refurbish the mexico consumer business which have be know as banamex .",Citigroup,Neutral,PERSON
"before become ceo , fraser be responsible for the mexico business and for citigroup 's global consumer bank . in that role she work to build on investment the bank make to refurbish the mexico consumer business which have be know as banamex .",Banamex,Neutral,PERSON
"the social media giant announce plan to remove the facebook login requirement last year , after a backlash from user who have previously access the headset use separate account from oculus , the virtual reality company that meta , then know as facebook , acquire in 2014 .",Facebook,Neutral,PERSON
"the social media giant announce plan to remove the facebook login requirement last year , after a backlash from user who have previously access the headset use separate account from oculus , the virtual reality company that meta , then know as facebook , acquire in 2014 .",Facebook,Neutral,PERSON
"the social media giant announce plan to remove the facebook login requirement last year , after a backlash from user who have previously access the headset use separate account from oculus , the virtual reality company that meta , then know as facebook , acquire in 2014 .",Meta,Neutral,PERSON
"the social media giant announce plan to remove the facebook login requirement last year , after a backlash from user who have previously access the headset use separate account from oculus , the virtual reality company that meta , then know as facebook , acquire in 2014 .",Oculus,Neutral,PERSON
"on the watchlist be unilever share which could stand up after the company effectively abandon its plan to buy gsk 's consumer healthcare business , say that it would not raise its 50 billion pound offer that gsk previously reject .",GSK,Neutral,OTHER
"on the watchlist be unilever share which could stand up after the company effectively abandon its plan to buy gsk 's consumer healthcare business , say that it would not raise its 50 billion pound offer that gsk previously reject .",GSK,Neutral,OTHER
"on the watchlist be unilever share which could stand up after the company effectively abandon its plan to buy gsk 's consumer healthcare business , say that it would not raise its 50 billion pound offer that gsk previously reject .",Unilever,Neutral,PERSON
"over the past week or so , the spx have be churn around its 200day move average dma , which now reside around 4,475 .",SPX,Neutral,OTHER
"sportswear firm adida also quantify the cost of scale back its operation , say it would take a hit to sale of up to 250 million euro . nl5n2vc10i",Adidas,Negative,PERSON
"that send micron 's share and the philadelphia se semiconductor index down 5.7 and 4.3 , as investor look past u.s . president joe biden sign a landmark bill for 52.7 billion in subsidy for semiconductor production and research . micron chief executive sanjay mehrotra be among the attendee at the signing . nl1n2zl17z",Micron,Negative,PERSON
"that send micron 's share and the philadelphia se semiconductor index down 5.7 and 4.3 , as investor look past u.s . president joe biden sign a landmark bill for 52.7 billion in subsidy for semiconductor production and research . micron chief executive sanjay mehrotra be among the attendee at the signing . nl1n2zl17z",Micron,Neutral,PERSON
"that send micron 's share and the philadelphia se semiconductor index down 5.7 and 4.3 , as investor look past u.s . president joe biden sign a landmark bill for 52.7 billion in subsidy for semiconductor production and research . micron chief executive sanjay mehrotra be among the attendee at the signing . nl1n2zl17z",Philadelphia SE Semiconductor index,Negative,OTHER
""" less corporate funding mean less capex and a weight on growth , "" write ts lombard analyst skylar montgomery koning and andrea cicione . for financial specifically , few deal mean low profit , while low bond price erode underwriter fee , they add .",TS Lombard,Neutral,OTHER
"shipping giant cosco make a bid last year to take a 35 stake in one of logistic firm hhla 's three terminal in germany 's large port , but the german coalition have be divide over whether to let the deal go ahead .",HHLA,Neutral,OTHER
"shipping giant cosco make a bid last year to take a 35 stake in one of logistic firm hhla 's three terminal in germany 's large port , but the german coalition have be divide over whether to let the deal go ahead .",Cosco,Neutral,PERSON
""" growth in china be likely to remain hostage to the course of the pandemic for most of the year , "" analyst at fathom consulting say in a note .",Fathom Consulting,Neutral,PERSON
"bit chute ltd be incorporate in britain in 2017 by vahey and two other brit . rich jones , a software developer by training , be the company chief operation officer . he be 53 , live in england and , on his linkedin page , describe vahey as a former classmate and longtime friend . jones also decline to comment .",Bit Chute Ltd,Neutral,COMPANY
"the dxy have fall as much as 7 over the past 8 week to the 106.50 area , while the disparity have contract to about 1.1x the 200wma .",DXY,Negative,OTHER
spain 's cellnex offer deutsche telekom a small stake in its business as part of a bind offer which be back by canada 's brookfield asset management . nl1n2yh0 nm,Cellnex,Neutral,PERSON
spain 's cellnex offer deutsche telekom a small stake in its business as part of a bind offer which be back by canada 's brookfield asset management . nl1n2yh0 nm,Deutsche Telekom,Neutral,PERSON
spain 's cellnex offer deutsche telekom a small stake in its business as part of a bind offer which be back by canada 's brookfield asset management . nl1n2yh0 nm,Brookfield Asset Management,Neutral,PERSON
"the company have also join re100 , a group of global corporation include apple , intel and tsmc that be commit to use 100 renewable energy across their own operation .",RE100,Neutral,OTHER
"the company have also join re100 , a group of global corporation include apple , intel and tsmc that be commit to use 100 renewable energy across their own operation .",TSMC,Neutral,OTHER
"the company have also join re100 , a group of global corporation include apple , intel and tsmc that be commit to use 100 renewable energy across their own operation .",Intel,Neutral,PERSON
"the company have also join re100 , a group of global corporation include apple , intel and tsmc that be commit to use 100 renewable energy across their own operation .",Apple,Neutral,PERSON
takeover target spirit airlines inc say it be in talk with jetblue airways corp over a 3.4 billion sweeten offer and expect to decide on the proposal by the end of this month . nl4n2y12dk,Spirit Airlines Inc,Positive,COMPANY
takeover target spirit airlines inc say it be in talk with jetblue airways corp over a 3.4 billion sweeten offer and expect to decide on the proposal by the end of this month . nl4n2y12dk,JetBlue Airways Corp,Neutral,COMPANY
""" you be in a slightly different situation and it do look like the biden presidency have not be deal a massive blow by these midterm election , so the market be in a waitandsee mode , "" say danni hewson , financial analyst at aj bell in london .",AJ Bell,Neutral,OTHER
"jetblue have sweeten its offer for spirit by increase its reverse breakup fee by 150 million to 350 million , raise the overall value of its propose deal to 3.4 billion . the new yorkbase airline have offer to pay a portion of the fee upfront after spirit shareholder approve the deal . nl4n2xt21e",JetBlue,Neutral,OTHER
"jetblue have sweeten its offer for spirit by increase its reverse breakup fee by 150 million to 350 million , raise the overall value of its propose deal to 3.4 billion . the new yorkbase airline have offer to pay a portion of the fee upfront after spirit shareholder approve the deal . nl4n2xt21e",Spirit,Neutral,PERSON
"jetblue have sweeten its offer for spirit by increase its reverse breakup fee by 150 million to 350 million , raise the overall value of its propose deal to 3.4 billion . the new yorkbase airline have offer to pay a portion of the fee upfront after spirit shareholder approve the deal . nl4n2xt21e",Spirit,Neutral,PERSON
"with uncertainty be the only thing certain about the current market situation , goldman sachs chief u.s . equity strategist david kostin come out with some research lay out estimate for different scenario .",Goldman Sachs,Neutral,PERSON
meme stock trading where company see their value fuel more by social medium attention than fundamental continue with cosmetic maker revlon inc the late example . nl1n2y927i,Revlon Inc,Neutral,COMPANY
"ti report revenue of 5.24 billion in the third quarter , compare with analyst ' average estimate of 5.14 billion , per refinitiv datum . report by chavi mehta in bengaluru ; edit by shinjini ganguli chavi.mehtathomsonreuters.com ;",TI,Positive,OTHER
"ti report revenue of 5.24 billion in the third quarter , compare with analyst ' average estimate of 5.14 billion , per refinitiv datum . report by chavi mehta in bengaluru ; edit by shinjini ganguli chavi.mehtathomsonreuters.com ;",Refinitiv,Neutral,PERSON
"abu dhabi investment firm chimera investment llc say it have acquire a control stake in egypt 's beltone financial holding , part of a strategy to expand in the middle east and north africa region . nl4n2zl2ah",Beltone Financial Holding,Neutral,PERSON
"abu dhabi investment firm chimera investment llc say it have acquire a control stake in egypt 's beltone financial holding , part of a strategy to expand in the middle east and north africa region . nl4n2zl2ah",Chimera Investment LLC,Neutral,OTHER
"milan , 9th edition conference to award the "" premio eccellenze d'impresa "" 0830 gmt . borsa italiana ceo fabrizio testa deliver introductory remark 0900 gmt ; unicredit chairman pier carlo padoan give speech 0910 gmt ; follow by roundtable discussion on "" inclusiveness and esg as competitiveness factor for italian company "" with ariston group chairman paolo merloni , seco ceo massimo mauri , ediliziaacrobatica ceo riccardo iovino 1000 gmt .",UniCredit,Neutral,OTHER
"milan , 9th edition conference to award the "" premio eccellenze d'impresa "" 0830 gmt . borsa italiana ceo fabrizio testa deliver introductory remark 0900 gmt ; unicredit chairman pier carlo padoan give speech 0910 gmt ; follow by roundtable discussion on "" inclusiveness and esg as competitiveness factor for italian company "" with ariston group chairman paolo merloni , seco ceo massimo mauri , ediliziaacrobatica ceo riccardo iovino 1000 gmt .",Borsa Italiana,Neutral,PERSON
"milan , 9th edition conference to award the "" premio eccellenze d'impresa "" 0830 gmt . borsa italiana ceo fabrizio testa deliver introductory remark 0900 gmt ; unicredit chairman pier carlo padoan give speech 0910 gmt ; follow by roundtable discussion on "" inclusiveness and esg as competitiveness factor for italian company "" with ariston group chairman paolo merloni , seco ceo massimo mauri , ediliziaacrobatica ceo riccardo iovino 1000 gmt .",Seco,Neutral,PERSON
"milan , 9th edition conference to award the "" premio eccellenze d'impresa "" 0830 gmt . borsa italiana ceo fabrizio testa deliver introductory remark 0900 gmt ; unicredit chairman pier carlo padoan give speech 0910 gmt ; follow by roundtable discussion on "" inclusiveness and esg as competitiveness factor for italian company "" with ariston group chairman paolo merloni , seco ceo massimo mauri , ediliziaacrobatica ceo riccardo iovino 1000 gmt .",Ariston Group,Neutral,PERSON
"milan , 9th edition conference to award the "" premio eccellenze d'impresa "" 0830 gmt . borsa italiana ceo fabrizio testa deliver introductory remark 0900 gmt ; unicredit chairman pier carlo padoan give speech 0910 gmt ; follow by roundtable discussion on "" inclusiveness and esg as competitiveness factor for italian company "" with ariston group chairman paolo merloni , seco ceo massimo mauri , ediliziaacrobatica ceo riccardo iovino 1000 gmt .",EdiliziaAcrobatica,Neutral,OTHER
"pfizer have a 32 stake in the business , which the u.s . drug maker have say it intend on sell over time .",Pfizer,Neutral,PERSON
"qatarenergy and german utility firm have be thrash out longterm lng deal for much of this year as berlin look for alternative to russia , which be germany 's big gas supplier .",QatarEnergy,Neutral,OTHER
"both uber and lyft have enter a partnership with getupside , which offer cashback program for fuel purchase , in an attempt to ameliorate the situation .",GetUpside,Neutral,OTHER
"both uber and lyft have enter a partnership with getupside , which offer cashback program for fuel purchase , in an attempt to ameliorate the situation .",Uber,Neutral,PERSON
"both uber and lyft have enter a partnership with getupside , which offer cashback program for fuel purchase , in an attempt to ameliorate the situation .",Lyft,Neutral,PERSON
"as expectation of even big u.s . rate hike grip market , investor ramp up bet on ecb tightening . market now price in around 167 basis point by yearend c indicate a chance of at least two 50 halfpoint rate hike compare with 135 basis point before thursday 's ecb meeting . they fully price 75 bps by september .",ECB,Neutral,OTHER
"as expectation of even big u.s . rate hike grip market , investor ramp up bet on ecb tightening . market now price in around 167 basis point by yearend c indicate a chance of at least two 50 halfpoint rate hike compare with 135 basis point before thursday 's ecb meeting . they fully price 75 bps by september .",ECB,Neutral,OTHER
"the company also own a 70 stake in the cambo development in the north sea , with shell seek to sell its 30 stake , which have be at the centre of protest by climate activist in recent year .",Shell,Neutral,PERSON
"musk , who also run rocket company spacex , brainchip startup neuralink and tunneling firm the boring company , fire twitter 's previous chief , parag agrawal , and other top company official last week .",Neuralink,Neutral,PERSON
"musk , who also run rocket company spacex , brainchip startup neuralink and tunneling firm the boring company , fire twitter 's previous chief , parag agrawal , and other top company official last week .",Twitter,Neutral,PERSON
"musk , who also run rocket company spacex , brainchip startup neuralink and tunneling firm the boring company , fire twitter 's previous chief , parag agrawal , and other top company official last week .",SpaceX,Neutral,OTHER
"musk , who also run rocket company spacex , brainchip startup neuralink and tunneling firm the boring company , fire twitter 's previous chief , parag agrawal , and other top company official last week .",Boring Company,Neutral,PERSON
"this would impact factororiente fund such as those with "" low volatility , "" "" dividend , "" or "" growth "" in their name , and thematic fund , such as "" esg , "" or "" fintech , "" say aniket ullal , head of etf datum analytic at cfra .",CFRA,Neutral,OTHER
"in an update post on its website , rmi say it have previously base its approval of itsci on a 2018 assessment of the scheme from the organisation for economic cooperation and development with a validity period of three year , which be extend but have now expire because it do not receive "" itsci 's affirmative response to the rmi 's invitation to reapply . """,Organisation for Economic Co-operation and Development,Neutral,OTHER
"in an update post on its website , rmi say it have previously base its approval of itsci on a 2018 assessment of the scheme from the organisation for economic cooperation and development with a validity period of three year , which be extend but have now expire because it do not receive "" itsci 's affirmative response to the rmi 's invitation to reapply . """,ITSCI,Neutral,OTHER
"in an update post on its website , rmi say it have previously base its approval of itsci on a 2018 assessment of the scheme from the organisation for economic cooperation and development with a validity period of three year , which be extend but have now expire because it do not receive "" itsci 's affirmative response to the rmi 's invitation to reapply . """,ITSCI,Neutral,OTHER
"in an update post on its website , rmi say it have previously base its approval of itsci on a 2018 assessment of the scheme from the organisation for economic cooperation and development with a validity period of three year , which be extend but have now expire because it do not receive "" itsci 's affirmative response to the rmi 's invitation to reapply . """,RMI,Neutral,OTHER
"in an update post on its website , rmi say it have previously base its approval of itsci on a 2018 assessment of the scheme from the organisation for economic cooperation and development with a validity period of three year , which be extend but have now expire because it do not receive "" itsci 's affirmative response to the rmi 's invitation to reapply . """,RMI,Neutral,OTHER
"miratorg say it be a supplier for vkusno tochka , the russian successor to mcdonald 's , and do not directly address the question of kazakh sale .",McDonald's,Neutral,OTHER
"miratorg say it be a supplier for vkusno tochka , the russian successor to mcdonald 's , and do not directly address the question of kazakh sale .",Vkusno & Tochka,Neutral,OTHER
"miratorg say it be a supplier for vkusno tochka , the russian successor to mcdonald 's , and do not directly address the question of kazakh sale .",Miratorg,Neutral,PERSON
femsa ceo rodriguez rule out raise the company 's bid to compete with a rival . valora executive say they have not talk to any other potential bidder but would be oblige to consider any counter offer .,Valora,Neutral,PERSON
femsa ceo rodriguez rule out raise the company 's bid to compete with a rival . valora executive say they have not talk to any other potential bidder but would be oblige to consider any counter offer .,Femsa,Neutral,PERSON
"we still believe the recession will start in 2022 but be push out the trough of the recession to winter 2023 . the reason be that the rate hike now appear to be frontloade into 2022 . that imply that the impact of the rate hike should come as quantitative tightening be have a more noticeable effect on the liquidity , say paul christopher , head of global market strategy at wells fargo investment institute .",Wells Fargo Investment Institute,Neutral,PERSON
irish ingredient giant kerry group sell its russian subsidiary to local management and agree to offload its belarusian unit to a local operator nl8n2z9arb,Kerry Group,Neutral,PERSON
west texas sour rise 15 cent to a midpoint of a 40cent discount and be bid and offer between a 1.15 and a 35cent a barrel discount to u.s . crude future .,U.S. crude futures,Neutral,OTHER
west texas sour rise 15 cent to a midpoint of a 40cent discount and be bid and offer between a 1.15 and a 35cent a barrel discount to u.s . crude future .,West Texas Sour,Positive,PERSON
"accord to cfra , sp 500 bear market since 1946 have take an average of 389 calendar day to bottom , and then another two year to return to their prior high .",S&P 500,Neutral,OTHER
"accord to cfra , sp 500 bear market since 1946 have take an average of 389 calendar day to bottom , and then another two year to return to their prior high .",CFRA,Neutral,OTHER
"but for those look for an equity market bottom , chris haverland , global equity strategist at the wells fargo investment institute wfii , make the follow observation",Wells Fargo Investment Institute,Neutral,PERSON
"pemex have propose to develop lakach with new fortress energy use a service contract , a formula use prior to the nation 's energy sector opening in 201314 . under a service contract , pemex would retain full ownership but bear the risk if price fall .",Pemex,Neutral,PERSON
"pemex have propose to develop lakach with new fortress energy use a service contract , a formula use prior to the nation 's energy sector opening in 201314 . under a service contract , pemex would retain full ownership but bear the risk if price fall .",Pemex,Neutral,PERSON
"pemex have propose to develop lakach with new fortress energy use a service contract , a formula use prior to the nation 's energy sector opening in 201314 . under a service contract , pemex would retain full ownership but bear the risk if price fall .",Lakach,Neutral,PERSON
"pemex have propose to develop lakach with new fortress energy use a service contract , a formula use prior to the nation 's energy sector opening in 201314 . under a service contract , pemex would retain full ownership but bear the risk if price fall .",New Fortress Energy,Neutral,PERSON
"other tech giant such as apple inc and intel corp also issue bond early this week , raise 5.5 billion and 6 billion , respectively .",Intel Corp,Neutral,COMPANY
"other tech giant such as apple inc and intel corp also issue bond early this week , raise 5.5 billion and 6 billion , respectively .",Apple Inc,Neutral,COMPANY
morgan stanley decline to comment . brookfield do not immediately respond to a request for comment . representative for musk and twitter could not be reach .,Brookfield,Neutral,PERSON
morgan stanley decline to comment . brookfield do not immediately respond to a request for comment . representative for musk and twitter could not be reach .,Twitter,Neutral,PERSON
morgan stanley decline to comment . brookfield do not immediately respond to a request for comment . representative for musk and twitter could not be reach .,Morgan Stanley,Neutral,PERSON
"the foreign currency debt include 13 billion in international sovereign bond hold largely by private creditor , such as asset manager blackrock and ashmore .",Ashmore,Neutral,PERSON
"the foreign currency debt include 13 billion in international sovereign bond hold largely by private creditor , such as asset manager blackrock and ashmore .",BlackRock,Neutral,OTHER
"pressure to act be build as ma activity in the 3 trillion emerge market giant grow . deal involve an indian target amount to 121 billion in the first half of the year , per refinitiv , almost 6 of the total global value . that put the country fourth after the united states , china and the uk .",Refinitiv,Neutral,PERSON
"a shift to a subscriptionlike model could add roughly 1 trillion to apple 's current market capitalization , say analyst at morgan stanley .",Apple,Positive,PERSON
"a shift to a subscriptionlike model could add roughly 1 trillion to apple 's current market capitalization , say analyst at morgan stanley .",Morgan Stanley,Neutral,PERSON
""" if the bank of canada be not raise as much as expect , maybe that set the tone for other central bank . """,Bank of Canada,Neutral,OTHER
"overnight , the monetary authority of singapore and the philippines central bank surprised market by tighten monetary policy in off cycle move . nl1n2yv00knl1n2yv043",Monetary Authority of Singapore,Neutral,OTHER
"overnight , the monetary authority of singapore and the philippines central bank surprised market by tighten monetary policy in off cycle move . nl1n2yv00knl1n2yv043",Philippines central bank,Neutral,OTHER
"linde report a 15 rise in quarterly adjust ep to 3.10 , ahead of the 2.96 forecast from analyst poll by refinitiv .",Refinitiv,Neutral,PERSON
"linde report a 15 rise in quarterly adjust ep to 3.10 , ahead of the 2.96 forecast from analyst poll by refinitiv .",Linde,Positive,PERSON
"a 2.6 gain in spirit airline lead gain among air carrier , while melco resort jump 10.3 to lead the rise in the casino sector .",Melco Resorts,Positive,PERSON
"a 2.6 gain in spirit airline lead gain among air carrier , while melco resort jump 10.3 to lead the rise in the casino sector .",Spirit Airlines,Positive,PERSON
"the company 's result , which analyst at credit suisse describe as the ' good quarter ever ' , be bolster by tight global crude supply after western sanction on russia , at a time when fuel demand be soar past prepandemic level .",Credit Suisse,Neutral,PERSON
analyst at daiwa capital market in taipei say in a report demand for server from u.s.based cloud service provider help propel doubledigit growth for the sector . they expect foxconn 's operating profit to grow 1219 this year .,Daiwa Capital Markets,Neutral,PERSON
analyst at daiwa capital market in taipei say in a report demand for server from u.s.based cloud service provider help propel doubledigit growth for the sector . they expect foxconn 's operating profit to grow 1219 this year .,Foxconn,Positive,PERSON
""" price condition in the u.s . be well understand by break out good inflation from service inflation as good inflation be slow , "" say jeffrey roach , chief economist at lpl financial . "" however , this be a net positive for investor as the core year over year growth rate have consistently fall since february . """,LPL Financial,Neutral,OTHER
"sap gain 6.5 after the german business software maker report fasterthanexpecte revenue growth for the third quarter , while logitech international jump 12.5 after the computer peripheral maker reaffirm its fullyear forecast .",Logitech International,Positive,PERSON
"sap gain 6.5 after the german business software maker report fasterthanexpecte revenue growth for the third quarter , while logitech international jump 12.5 after the computer peripheral maker reaffirm its fullyear forecast .",SAP,Positive,OTHER
"european and asian stock market track a wall street rally on friday , when betterthanexpecte earning and ease worry of a big 100basispoint rate hike by the federal reserve this month boost sentiment . .n",Federal Reserve,Neutral,PERSON
"walmart inc give a muchneeded boost to the u.s . earning picture , with its share jump more than 7 tuesday after it lift its annual sale and profit forecast . nl4n32b362",Walmart Inc,Positive,COMPANY
"as more people resume travel and plan vacation , retailer and consumer product company include u.s . discount chain target and cosmetic maker coty be benefit from a jump in luggage sale and increase spending at airport . nl2n2xb0vd",Coty,Positive,PERSON
"as more people resume travel and plan vacation , retailer and consumer product company include u.s . discount chain target and cosmetic maker coty be benefit from a jump in luggage sale and increase spending at airport . nl2n2xb0vd",Target,Positive,PERSON
"early in september , aig inc 's life insurance and retirement division corebridge financial inc raise 1.68 billion in the year 's big ipo , brave market volatility and end a sevenmonth lull in major listing . nl1n30l2x0",Corebridge Financial Inc,Positive,COMPANY
"early in september , aig inc 's life insurance and retirement division corebridge financial inc raise 1.68 billion in the year 's big ipo , brave market volatility and end a sevenmonth lull in major listing . nl1n30l2x0",AIG Inc,Positive,COMPANY
"global asset manager include blackrock and fidelity have boost their presence in china in recent year , partly lure by its nascent private pension sector that be expect to surpass 1.7 trillion by 2025 from 300 billion now .",Fidelity,Neutral,PERSON
"global asset manager include blackrock and fidelity have boost their presence in china in recent year , partly lure by its nascent private pension sector that be expect to surpass 1.7 trillion by 2025 from 300 billion now .",BlackRock,Neutral,OTHER
"wall street be rebound strongly on wednesday , brush aside fear of a slow economy , as gain in apple inc and microsoft corp and a surge in paypal holding be help the nasdaq to more than a 1 advance .",Apple Inc,Positive,COMPANY
"wall street be rebound strongly on wednesday , brush aside fear of a slow economy , as gain in apple inc and microsoft corp and a surge in paypal holding be help the nasdaq to more than a 1 advance .",Nasdaq,Positive,PERSON
"wall street be rebound strongly on wednesday , brush aside fear of a slow economy , as gain in apple inc and microsoft corp and a surge in paypal holding be help the nasdaq to more than a 1 advance .",PayPal Holdings,Positive,OTHER
"wall street be rebound strongly on wednesday , brush aside fear of a slow economy , as gain in apple inc and microsoft corp and a surge in paypal holding be help the nasdaq to more than a 1 advance .",Microsoft Corp,Positive,COMPANY
""" this softening of inflation expectation be one reason why we expect the fomc will not accelerate the nearterm hiking pace and will deliver a 75bp hike at the july fomc meeting , "" say analyst at goldman sachs in a note .",FOMC,Neutral,OTHER
""" this softening of inflation expectation be one reason why we expect the fomc will not accelerate the nearterm hiking pace and will deliver a 75bp hike at the july fomc meeting , "" say analyst at goldman sachs in a note .",FOMC,Neutral,OTHER
""" this softening of inflation expectation be one reason why we expect the fomc will not accelerate the nearterm hiking pace and will deliver a 75bp hike at the july fomc meeting , "" say analyst at goldman sachs in a note .",Goldman Sachs,Neutral,PERSON
"victoria 's secret climb 9.5 after the lingerie brand top firstquarter profit estimate as cost fall . nl4n2xo21j decline issue outnumber advance one on the nyse by a 1.59to1 ratio ; on nasdaq , a 1.79to1 ratio favor decliner .",NYSE,Neutral,OTHER
"victoria 's secret climb 9.5 after the lingerie brand top firstquarter profit estimate as cost fall . nl4n2xo21j decline issue outnumber advance one on the nyse by a 1.59to1 ratio ; on nasdaq , a 1.79to1 ratio favor decliner .",Nasdaq,Neutral,PERSON
"victoria 's secret climb 9.5 after the lingerie brand top firstquarter profit estimate as cost fall . nl4n2xo21j decline issue outnumber advance one on the nyse by a 1.59to1 ratio ; on nasdaq , a 1.79to1 ratio favor decliner .",Victoria's Secret,Positive,OTHER
"rival graphic chip maker nvidia jump over 5 , mobile chipmaker qualcomm add over 2 and memory chip manufacturer micron technology climb 1.5 .",Qualcomm,Positive,PERSON
"rival graphic chip maker nvidia jump over 5 , mobile chipmaker qualcomm add over 2 and memory chip manufacturer micron technology climb 1.5 .",Micron Technology,Positive,PERSON
"rival graphic chip maker nvidia jump over 5 , mobile chipmaker qualcomm add over 2 and memory chip manufacturer micron technology climb 1.5 .",Nvidia,Positive,PERSON
"opec be set to raise its oil output goal by 100,000 barrel per day , an amount analyst say be a setback to u.s . president joe biden after his trip to saudi arabia to ask the producer group 's leader to pump more to help the united states and the global economy . nl1n2zf13i",OPEC+,Neutral,OTHER
"investor be also position ahead of earning in big company such as apple , microsoft and amazon.com , as well as secondquarter gdp datum .",Microsoft,Neutral,PERSON
"investor be also position ahead of earning in big company such as apple , microsoft and amazon.com , as well as secondquarter gdp datum .",Amazon.com,Neutral,OTHER
"investor be also position ahead of earning in big company such as apple , microsoft and amazon.com , as well as secondquarter gdp datum .",Apple,Neutral,PERSON
""" increase in social transfer and tax cut should cushion the slowdown in the second half , "" write david beker , head of brazil economic at bofa .",BofA,Neutral,OTHER
""" the new 408 focus on the most request trim level , "" say peugeot product director jr?me micheron . "" this will simplify the customer journey . """,Peugeot,Neutral,PERSON
""" the spending plan that it appear the new uk government will implement will effectively provide a fiscal boost which the boe can leverage off to tighten policy hard and fast . """,BoE,Neutral,OTHER
"at the same time , estimate thirdquarter profit growth be edge high as the majority of company be beat expectation , with earning now expect to have increase 4.8 in the third quarter over a year ago , refinitiv data show .",Refinitiv,Neutral,PERSON
""" the fed chairman have add little to what we know already , and so perhaps risk asset feel a bit well about rallying than they do when european market open this morning "" , comment ig analyst chris beauchamp .",Fed,Neutral,PERSON
""" the fed chairman have add little to what we know already , and so perhaps risk asset feel a bit well about rallying than they do when european market open this morning "" , comment ig analyst chris beauchamp .",IG,Neutral,OTHER
"apollo say its private equity portfolio appreciate by 8 in the first quarter . the private equity fund of blackstone and carlyle rise by 2.8 and 7 , respectively , while those of kkr fall 5 in the same period .",Apollo,Positive,PERSON
"apollo say its private equity portfolio appreciate by 8 in the first quarter . the private equity fund of blackstone and carlyle rise by 2.8 and 7 , respectively , while those of kkr fall 5 in the same period .",KKR,Negative,OTHER
"apollo say its private equity portfolio appreciate by 8 in the first quarter . the private equity fund of blackstone and carlyle rise by 2.8 and 7 , respectively , while those of kkr fall 5 in the same period .",Carlyle,Positive,PERSON
"apollo say its private equity portfolio appreciate by 8 in the first quarter . the private equity fund of blackstone and carlyle rise by 2.8 and 7 , respectively , while those of kkr fall 5 in the same period .",Blackstone,Positive,PERSON
"foxconn say it be optimistic about its business in the third quarter , add it could see "" significant growth "" compare with a year early .",Foxconn,Positive,PERSON
"snap 's stock have lose about 77 of its value so far this year , while alphabet , meta and pinter have lose between 30 and 60 . twitter , however , have gain 21 on the prospect of billionaire musk buy the company .",Twitter,Positive,PERSON
"snap 's stock have lose about 77 of its value so far this year , while alphabet , meta and pinter have lose between 30 and 60 . twitter , however , have gain 21 on the prospect of billionaire musk buy the company .",Meta,Negative,PERSON
"snap 's stock have lose about 77 of its value so far this year , while alphabet , meta and pinter have lose between 30 and 60 . twitter , however , have gain 21 on the prospect of billionaire musk buy the company .",Alphabet,Negative,PERSON
"snap 's stock have lose about 77 of its value so far this year , while alphabet , meta and pinter have lose between 30 and 60 . twitter , however , have gain 21 on the prospect of billionaire musk buy the company .",Pinterest,Negative,PERSON
"snap 's stock have lose about 77 of its value so far this year , while alphabet , meta and pinter have lose between 30 and 60 . twitter , however , have gain 21 on the prospect of billionaire musk buy the company .",Snap,Negative,PERSON
""" halliburton continue to benefit from momentum in activityexposure to pressure pumping in north america , along with high contribution from international operation , "" write analyst for investment banking firm jefferie in a note .",Halliburton,Positive,PERSON
""" halliburton continue to benefit from momentum in activityexposure to pressure pumping in north america , along with high contribution from international operation , "" write analyst for investment banking firm jefferie in a note .",Jefferies,Neutral,PERSON
"boeing co surge 4.7 after china southern airlines co ltd this week conduct test flight with a 737 max plane for the first time since march , in a sign the jet 's return in china could be near as demand rebound . nl8n2y218s",Boeing Co,Positive,PERSON
"boeing co surge 4.7 after china southern airlines co ltd this week conduct test flight with a 737 max plane for the first time since march , in a sign the jet 's return in china could be near as demand rebound . nl8n2y218s",China Southern Airlines Co Ltd,Neutral,COMPANY
"on the corporate front , there be downbeat news from the world 's no.2 fashion retailer hm which report a smallerthanexpecte rise in juneaugust net sale . bank be also in focus after morgan stanley upgrade the ratesensitive sector to overweight , cite cheap valuation and resilient earning .",H&M,Negative,OTHER
"on the corporate front , there be downbeat news from the world 's no.2 fashion retailer hm which report a smallerthanexpecte rise in juneaugust net sale . bank be also in focus after morgan stanley upgrade the ratesensitive sector to overweight , cite cheap valuation and resilient earning .",Morgan Stanley,Neutral,PERSON
""" once again the macro influence have seep back into this market especially as it relate to friday 's employment number the economic of that should be give we much well gasoline demand than we be see , "" say john kilduff , partner at again capital llc in new york .",Again Capital LLC,Neutral,OTHER
"the company with the high buyback total in q2 be apple , alphabet , microsoft , meta platform and lowe 's .",Lowe's,Positive,OTHER
"the company with the high buyback total in q2 be apple , alphabet , microsoft , meta platform and lowe 's .",Alphabet,Positive,PERSON
"the company with the high buyback total in q2 be apple , alphabet , microsoft , meta platform and lowe 's .",Apple,Positive,PERSON
"the company with the high buyback total in q2 be apple , alphabet , microsoft , meta platform and lowe 's .",Microsoft,Positive,PERSON
"the company with the high buyback total in q2 be apple , alphabet , microsoft , meta platform and lowe 's .",Microsoft,Positive,PERSON
"the company with the high buyback total in q2 be apple , alphabet , microsoft , meta platform and lowe 's .",Meta Platforms,Positive,PERSON
curevac and gsk say in april that their secondgeneration vaccine candidate target two recent covid19 variant have be show to be highly effective in preclinical study on mouse . nl5n2wj49 g,GSK,Positive,OTHER
curevac and gsk say in april that their secondgeneration vaccine candidate target two recent covid19 variant have be show to be highly effective in preclinical study on mouse . nl5n2wj49 g,CureVac,Positive,OTHER
"ftx file for bankruptcy on friday , one of the high profile crypto blowup , after trader rush to withdraw 6 billion from the platform in just 72 hour and rival exchange binance abandon a propose rescue deal .",FTX,Negative,OTHER
"ftx file for bankruptcy on friday , one of the high profile crypto blowup , after trader rush to withdraw 6 billion from the platform in just 72 hour and rival exchange binance abandon a propose rescue deal .",Binance,Neutral,PERSON
"share of chipmaker heavily expose to china be trade mostly higher , rebound after early decline . advanced micro device rally about 3 ahead of its quarterly report after the bell .",Advanced Micro Devices,Positive,PERSON
"a mix of nationalunion affiliation and grassroots support by young , progressive starbuck worker have power the coffeechain campaign , say logan . win at amazon instead entail gain traction in farlarger facility which have employee turnover .",Starbucks,Neutral,PERSON
"a mix of nationalunion affiliation and grassroots support by young , progressive starbuck worker have power the coffeechain campaign , say logan . win at amazon instead entail gain traction in farlarger facility which have employee turnover .",Amazon,Neutral,PERSON
""" I have zero confidence in credit suisse 's ability to turn around the bank , "" say thomas hayes , chairman and managing member of great hill capital .",Credit Suisse,Negative,PERSON
""" I have zero confidence in credit suisse 's ability to turn around the bank , "" say thomas hayes , chairman and managing member of great hill capital .",Great Hill Capital,Neutral,PERSON
""" this remove a major overhang for the sector , particularly for the u.s . operator , and should be take as a strong positive by the market , "" ubs write in a research note on monday .",UBS,Neutral,OTHER
"dollar general corp and dollar tree gain 11.4 and 15.3 respectively , after raise their annual sale forecast , as more americans turn to discount store shopping with inflation at a fourdecade high . nl3n2xi295nl3n2xi2cj",Dollar General Corp,Positive,COMPANY
"dollar general corp and dollar tree gain 11.4 and 15.3 respectively , after raise their annual sale forecast , as more americans turn to discount store shopping with inflation at a fourdecade high . nl3n2xi295nl3n2xi2cj",Dollar Tree,Positive,PERSON
"it be not all doom and gloom as it giant ibm corp rise 2.6 after say it expect to hit the top end of its revenue growth forecast for 2022 , even as it flag a 300 million knock to revenue from the suspension of its russia business . nl3n2wh3ae",IBM Corp,Positive,COMPANY
"among other stock , home improvement retailer lowe 's company inc jump 4.3 after increase its annual profit forecast on steady demand .",Lowe's Companies Inc,Positive,COMPANY
"the spasx 200 close 0.4 high at 6,650.60 point , extend gain to a third consecutive session . the benchmark have rise 0.2 on wednesday .",S&P/ASX 200,Positive,OTHER
"blackstone inc , carlyle inc , and kkr co inc have report record fourthquarter earning that outperform analyst estimate . nl1n2u7194 nl1n2ue002 nl1n2uj1ru",Carlyle Inc,Positive,COMPANY
"blackstone inc , carlyle inc , and kkr co inc have report record fourthquarter earning that outperform analyst estimate . nl1n2u7194 nl1n2ue002 nl1n2uj1ru",Blackstone Inc,Positive,COMPANY
"blackstone inc , carlyle inc , and kkr co inc have report record fourthquarter earning that outperform analyst estimate . nl1n2u7194 nl1n2ue002 nl1n2uj1ru",KKR & Co Inc,Positive,COMPANY
""" the safety and health of our workforce be always our top priority . whenever there be an incident , we double our effort to reinforce safety , "" exxon say in response to question about the standdown .",Exxon,Neutral,PERSON
"wells fargo , bank of america and citigroup advance more than 1 each premarket , lead gain among big bank .",Wells Fargo,Positive,PERSON
"wells fargo , bank of america and citigroup advance more than 1 each premarket , lead gain among big bank .",Citigroup,Positive,PERSON
"wells fargo , bank of america and citigroup advance more than 1 each premarket , lead gain among big bank .",Bank of America,Positive,OTHER
"dubai 's main share index edge up 0.1 , help by a 0.8 rise in dubai islamic bank and a 0.8 increase in emirate integrate telecommunication .",Dubai's main share index,Positive,OTHER
"dubai 's main share index edge up 0.1 , help by a 0.8 rise in dubai islamic bank and a 0.8 increase in emirate integrate telecommunication .",Emirates Integrated Telecommunications,Positive,PERSON
"dubai 's main share index edge up 0.1 , help by a 0.8 rise in dubai islamic bank and a 0.8 increase in emirate integrate telecommunication .",Dubai Islamic Bank,Positive,PERSON
"amtd digital have all the ambition that inflate growthfocuse technology stock in recent year , promise in its prospectus to act as a fusion reactor for a wide ecosystem . yet its not the potential to supercharge 10month net profit of hk187 million 24 million so much as its inexplicable surge that have produce comparison with pandemicera socalle meme stock nl4n2zf373 like gamestop or amc entertainment .",AMTD Digital,Neutral,OTHER
"amtd digital have all the ambition that inflate growthfocuse technology stock in recent year , promise in its prospectus to act as a fusion reactor for a wide ecosystem . yet its not the potential to supercharge 10month net profit of hk187 million 24 million so much as its inexplicable surge that have produce comparison with pandemicera socalle meme stock nl4n2zf373 like gamestop or amc entertainment .",AMC Entertainment,Neutral,OTHER
"amtd digital have all the ambition that inflate growthfocuse technology stock in recent year , promise in its prospectus to act as a fusion reactor for a wide ecosystem . yet its not the potential to supercharge 10month net profit of hk187 million 24 million so much as its inexplicable surge that have produce comparison with pandemicera socalle meme stock nl4n2zf373 like gamestop or amc entertainment .",GameStop,Neutral,OTHER
"cocacola , pepsico and other international brand in january call for a global pact that include call to cut plastic production , a key growth area for the oil industry .",Coca-Cola,Neutral,OTHER
"cocacola , pepsico and other international brand in january call for a global pact that include call to cut plastic production , a key growth area for the oil industry .",PepsiCo,Neutral,OTHER
"add to the positive mood on thursday , a survey by the ifo institute show that german business morale rise more than expect in november and pessimism head into the come month ease considerably .",Ifo Institute,Neutral,PERSON
"citigroup will report result later on friday . wells fargo co report an 86 jump in fourthquarter profit on friday , prop up by gain from the sale of its corporate trust and asset management business . nl4n2tu32f",Wells Fargo & Co,Positive,OTHER
"citigroup will report result later on friday . wells fargo co report an 86 jump in fourthquarter profit on friday , prop up by gain from the sale of its corporate trust and asset management business . nl4n2tu32f",Citigroup,Neutral,PERSON
""" the trend in residential construction remain weak , "" say rubeela farooqi , chief u.s . economist at high frequency economic . "" but it be positive for nonresidential and public so far in q3 . """,High Frequency Economics,Neutral,PERSON
"share in deliveroo , their most preferred name in the sector , be up 10.4 . ocado , perhaps the least preferred , but it be still gain 6.8 today .",Deliveroo,Positive,PERSON
"share in deliveroo , their most preferred name in the sector , be up 10.4 . ocado , perhaps the least preferred , but it be still gain 6.8 today .",Ocado,Positive,PERSON
"singapore stock rise 0.7 on friday , to their high level since june 10 and be also up 2.4 this week . stock in malaysia and indonesia gain 2.7 and 3.4 , respectively , for the week .",Singapore stocks,Positive,OTHER
"singapore stock rise 0.7 on friday , to their high level since june 10 and be also up 2.4 this week . stock in malaysia and indonesia gain 2.7 and 3.4 , respectively , for the week .",Stocks in Malaysia,Positive,OTHER
"singapore stock rise 0.7 on friday , to their high level since june 10 and be also up 2.4 this week . stock in malaysia and indonesia gain 2.7 and 3.4 , respectively , for the week .",Indonesia,Positive,PERSON
the rbi have be focusse on control inflation that have stay above its tolerance range for an eighth straight month . the rbi target inflation in the 26 band and have hike the repo rate by 140 basis point in the mayaugust period .,RBI,Neutral,OTHER
the rbi have be focusse on control inflation that have stay above its tolerance range for an eighth straight month . the rbi target inflation in the 26 band and have hike the repo rate by 140 basis point in the mayaugust period .,RBI,Neutral,OTHER
"those and other digital initiative be expect to help up win roughly 2 billion in new business this year from retailer and small business that sell via platform like ebay and shopify , tom say .",eBay,Neutral,OTHER
"those and other digital initiative be expect to help up win roughly 2 billion in new business this year from retailer and small business that sell via platform like ebay and shopify , tom say .",UPS,Positive,OTHER
"those and other digital initiative be expect to help up win roughly 2 billion in new business this year from retailer and small business that sell via platform like ebay and shopify , tom say .",Shopify,Neutral,PERSON
""" countercyclical nature of exchange business model reduce their downside risk during market turmoil relative to peer financial sector company and the broad market , "" say gautam sawant , cfa , credit suisse .",Credit Suisse,Neutral,PERSON
"share of netflix jump 14 in afterhours trading , boost in part by the streaming giant 's forecast that it would pick up 4.5 million customer in the fourth quarter . the company 's stock , an investor favorite during its year of rapid growth , have fall nearly 60 this year before the earning report .",Netflix,Positive,PERSON
"danish drugmaker novo nordisk gain 4.3 after increase its sale and operating profit outlook for the year , while french construction material group saintgobain rise 2.6 after report record firstquarter sale . nl2n2wr0ev nl2n2wq27o",Saint-Gobain,Positive,OTHER
"danish drugmaker novo nordisk gain 4.3 after increase its sale and operating profit outlook for the year , while french construction material group saintgobain rise 2.6 after report record firstquarter sale . nl2n2wr0ev nl2n2wq27o",Novo Nordisk,Positive,PERSON
"with the coming of cool autumn weather , refinitiv project average u.s . gas demand , include export , would slip from 93.9 bcfd this week to 93.7 bcfd next week . those forecast be high than refinitiv 's outlook on tuesday .",Refinitiv,Neutral,PERSON
"with the coming of cool autumn weather , refinitiv project average u.s . gas demand , include export , would slip from 93.9 bcfd this week to 93.7 bcfd next week . those forecast be high than refinitiv 's outlook on tuesday .",Refinitiv,Neutral,PERSON
spirit airlines inc jump 17 after it and frontier group holding unveil plan to create the fifthlarg u.s . airline in a 2.9 billion tieup . that lift the sp 1500 airline index over 3 . nl4n2ui2il,S&P 1500 Airlines Index,Positive,OTHER
spirit airlines inc jump 17 after it and frontier group holding unveil plan to create the fifthlarg u.s . airline in a 2.9 billion tieup . that lift the sp 1500 airline index over 3 . nl4n2ui2il,Frontier Group Holdings,Positive,PERSON
spirit airlines inc jump 17 after it and frontier group holding unveil plan to create the fifthlarg u.s . airline in a 2.9 billion tieup . that lift the sp 1500 airline index over 3 . nl4n2ui2il,Spirit Airlines Inc,Positive,COMPANY
""" the policy response require to what be go on be clear a large , intermeete rate hike from the bank of england as soon as next week to regain credibility with the market . and , a strong signal that it be willing to do ' whatever it take ' to bring inflation down quickly and real yield into positive territory , "" he add .",Bank of England,Neutral,OTHER
"european future contract be barely move ahead of the open , with stoxx future lose a tiny 0.03 while ftse future be up 0.08 after betterthanexpecte british gdp datum .",FTSE futures,Positive,OTHER
"european future contract be barely move ahead of the open , with stoxx future lose a tiny 0.03 while ftse future be up 0.08 after betterthanexpecte british gdp datum .",STOXX futures,Negative,OTHER
ease supply snarl and improve staffing have help campbell meet robust demand for its soup and sauce as consumer prioritize food essential over discretionary good amid surge inflation .,Campbell,Positive,PERSON
"in premarket trade , kellogg 's share be up nearly 7 after the company announce it would split into three different company by spin off its north american cereal and plantbase food business . nl4n2y822d",Kellogg,Positive,PERSON
"in europe , trader see gain in siemen after the german engineer beat profit expectation and forecast strong demand for hardware and software despite the complex macro . goodlooke news too from thyssenkrupp , which propose its first dividend in four year . burberry could also see support after the quarterly sale growth at the british luxury brand beat forecast .",Thyssenkrupp,Positive,PERSON
"in europe , trader see gain in siemen after the german engineer beat profit expectation and forecast strong demand for hardware and software despite the complex macro . goodlooke news too from thyssenkrupp , which propose its first dividend in four year . burberry could also see support after the quarterly sale growth at the british luxury brand beat forecast .",Siemens,Positive,PERSON
"in europe , trader see gain in siemen after the german engineer beat profit expectation and forecast strong demand for hardware and software despite the complex macro . goodlooke news too from thyssenkrupp , which propose its first dividend in four year . burberry could also see support after the quarterly sale growth at the british luxury brand beat forecast .",Burberry,Positive,PERSON
"the domestic financial sector notch its big rise since early june with a 1.4 rise , with three out of four of australia 's "" big four "" bank gain between 1 and 1.9 .",domestic financial sector,Positive,OTHER
"with respect to the power space , generac holdings inc will certainly be monitor as the company be view as benefit from increase demand for its home standby generator and typically see its share rise amid major storm . gnrc share be up 1.3 on wednesday and have now gain in three of the past four session . nl1n30y1a6",Generac Holdings Inc,Positive,COMPANY
"with respect to the power space , generac holdings inc will certainly be monitor as the company be view as benefit from increase demand for its home standby generator and typically see its share rise amid major storm . gnrc share be up 1.3 on wednesday and have now gain in three of the past four session . nl1n30y1a6",GNRC,Positive,OTHER
procter gamble gain 2.7 after raise its annual sale view and ibm corp jump 7.8 as it forecast hit the top end of its 2022 revenue growth estimate . nl3n2wi28e nl3n2wh3ae,IBM Corp,Positive,COMPANY
procter gamble gain 2.7 after raise its annual sale view and ibm corp jump 7.8 as it forecast hit the top end of its 2022 revenue growth estimate . nl3n2wi28e nl3n2wh3ae,Procter & Gamble,Positive,OTHER
""" support for carbonfree energy in the legislation create opportunity for we to extend the life of our nuclear fleet past midcentury and pursue hydrogen production to slash emission from difficulttodecarbonize sector of the economy , "" constellation ceo joe dominguez say in the company 's thirdquarter earning release .",Constellation,Neutral,PERSON
"however , facebook parent meta platforms inc climb after fall 9.8 last month , while microsoft corp and nvidia corp gain after sharp decline in april .",Nvidia Corp,Positive,COMPANY
"however , facebook parent meta platforms inc climb after fall 9.8 last month , while microsoft corp and nvidia corp gain after sharp decline in april .",Meta Platforms Inc,Positive,COMPANY
"however , facebook parent meta platforms inc climb after fall 9.8 last month , while microsoft corp and nvidia corp gain after sharp decline in april .",Microsoft Corp,Positive,COMPANY
"however , facebook parent meta platforms inc climb after fall 9.8 last month , while microsoft corp and nvidia corp gain after sharp decline in april .",Facebook,Positive,PERSON
"brazilian oil major petroleo brasileiro , or petrobra , jump as much as 3.2 before reverse course after the company post a strongerthanexpected 48 surge in thirdquarter profit .",Petroleo Brasileiro,Positive,PERSON
"brazilian oil major petroleo brasileiro , or petrobra , jump as much as 3.2 before reverse course after the company post a strongerthanexpected 48 surge in thirdquarter profit .",Petrobras,Positive,PERSON
""" with another 75bp rate hike deliver today and expectation for nii net interest income across many bank look unaggressive , we remain positive , "" analyst at jefferie write in a note .",Jefferies,Neutral,PERSON
"bank of america throw the week 's first earning pitch , beat profit estimate as its strong consumer business help mitigate sluggish global dealmaking . its share be last up around 2.5 . nl3n2wg1t3",Bank of America,Positive,OTHER
"for the week , brent be up about 11 and wti up about 16 . both would be the big weekly percentage gain since march .",WTI,Positive,OTHER
"for the week , brent be up about 11 and wti up about 16 . both would be the big weekly percentage gain since march .",Brent,Positive,PERSON
"in the face of aggressive rate increase by the federal reserve and the ukraine war , investor boost trading activity , help the bank 's fix income , currency and commodity division .",Federal Reserve,Neutral,PERSON
"to survive in a world where the like of general motor , ford , renault or stellantis can make hundred of thousand of van a year , superior software or technology could make all the difference for new entrant .",Stellantis,Neutral,PERSON
"to survive in a world where the like of general motor , ford , renault or stellantis can make hundred of thousand of van a year , superior software or technology could make all the difference for new entrant .",Ford,Neutral,PERSON
"to survive in a world where the like of general motor , ford , renault or stellantis can make hundred of thousand of van a year , superior software or technology could make all the difference for new entrant .",Renault,Neutral,PERSON
"to survive in a world where the like of general motor , ford , renault or stellantis can make hundred of thousand of van a year , superior software or technology could make all the difference for new entrant .",General Motors,Neutral,PERSON
"its peer general motor co report on monday a 24 jump in quarterly sale while toyota motor 's u.s . sale decline 7.1 to 526,017 vehicle in the same period . nl4n3142h2",General Motors Co,Positive,PERSON
"its peer general motor co report on monday a 24 jump in quarterly sale while toyota motor 's u.s . sale decline 7.1 to 526,017 vehicle in the same period . nl4n3142h2",Toyota Motor,Negative,PERSON
"new york wall street 's main index jump on monday as bank of america lead a rally among lender after report a smallerthanexpecte drop in profit , with its new loan benefit from high borrowing cost .",Bank of America,Positive,OTHER
""" despite the surge in case and recent protest , china have not harden its covid approach and be continue to finetune its policy , which be encouraging to investor , "" say redmond wong , great china market strategist at saxo market in hong kong .",Saxo Markets,Neutral,PERSON
tesla 's share have climb about 35 over the past year and rise 3 on thursday after its result race ahead of expectation . nl3n2wi3av,Tesla,Positive,PERSON
"rusal be the world 's large aluminium producer outside china account for 6 of global supply estimate at around 70 million tonne this year . ban its metal from the exchange could create a price surge , benefit other producer .",Rusal,Neutral,PERSON
french food group danone on thursday raise its 2022 revenue growth forecast after its thirdquarter sale beat analyst ' estimate as the firm be able to raise price to counter soar cost . nl8n31s8rj,Danone,Positive,PERSON
"bank look set to extend their climb higher , with bank of america up 1 in premarket trading , while megacap growth and technology stock that lead the overnight rally be mixed .",Bank of America,Positive,OTHER
"the msci 's index for emerge market equity rise for the first time in three day , with gain mainly lead by most region , exclude china stock .",MSCI's index for emerging market equities,Positive,OTHER
"bofa continue to believe small cap be largely discount recession risk , and that small cap value still look like a bargain relative to smallcap growth . indeed , despite economic concern , bofa say that sector with the good estimate revision trend be cyclical , while consumer discretionary now rank last .",BofA,Neutral,OTHER
"bofa continue to believe small cap be largely discount recession risk , and that small cap value still look like a bargain relative to smallcap growth . indeed , despite economic concern , bofa say that sector with the good estimate revision trend be cyclical , while consumer discretionary now rank last .",BofA,Neutral,OTHER
"today 's brent price be broadly in line with their 15year average , note morgan stanely . "" our forecast be that brent stay around the mid90s until early next year and then return to a strong trajectory after the come winter . """,Brent,Neutral,PERSON
"today 's brent price be broadly in line with their 15year average , note morgan stanely . "" our forecast be that brent stay around the mid90s until early next year and then return to a strong trajectory after the come winter . """,Morgan Stanely,Neutral,PERSON
"today 's brent price be broadly in line with their 15year average , note morgan stanely . "" our forecast be that brent stay around the mid90s until early next year and then return to a strong trajectory after the come winter . """,Brent,Neutral,PERSON
"valueoriente bank stock include bank of america , goldman sachs , jpmorgan chase co and citigroup also rise about 1 each .",Goldman Sachs,Positive,PERSON
"valueoriente bank stock include bank of america , goldman sachs , jpmorgan chase co and citigroup also rise about 1 each .",Bank of America,Positive,OTHER
"valueoriente bank stock include bank of america , goldman sachs , jpmorgan chase co and citigroup also rise about 1 each .",JPMorgan Chase & Co,Positive,OTHER
"valueoriente bank stock include bank of america , goldman sachs , jpmorgan chase co and citigroup also rise about 1 each .",Citigroup,Positive,PERSON
"all of the three major index close higher last week . the tech heavy nasdaq add 3.3 , the sp 500 2.4 and the dow gain 2 .",Dow,Positive,PERSON
"all of the three major index close higher last week . the tech heavy nasdaq add 3.3 , the sp 500 2.4 and the dow gain 2 .",Nasdaq,Positive,PERSON
"all of the three major index close higher last week . the tech heavy nasdaq add 3.3 , the sp 500 2.4 and the dow gain 2 .",S&P 500,Positive,OTHER
"nestle have also benefit from price hike and a smallerthanexpecte slowdown in demand , with the world 's large package food company post its strong ninemonth sale growth in 14 year and raise its fullyear forecast early on wednesday .",Nestle,Positive,PERSON
""" we maybe have a bit less chaos with boris johnson not run but it be not like rishi sunak have a strong programme present great horizon ahead for the uk economy when the backdrop be still the backdrop , "" say john hardy head of fx strategy at saxo bank .",Saxo Bank,Neutral,PERSON
"the sp 500 communication service index add 3.1 , rise for the first time in five day and lead sectoral gain . tech stock rise 2.8 .",S&P 500 communication services index,Positive,OTHER
"the sp 500 communication service index add 3.1 , rise for the first time in five day and lead sectoral gain . tech stock rise 2.8 .",Tech stocks,Positive,OTHER
share of lululemon rise about 2 in extend trading after the company also forecast currentquarter revenue and profit above estimate and post betterthanexpecte firstquarter earning result .,Lululemon,Positive,PERSON
"add to the upbeat mood for stock investor friday , tmobile us inc share rise after it raise its annual forecast for wireless subscriber addition . also , exxon mobil post a recordbreake quarter profit , while chevron report its secondhigh ever quarterly profit . nl1n31t0sj all three major stock index be up sharply friday .",Chevron,Positive,PERSON
"add to the upbeat mood for stock investor friday , tmobile us inc share rise after it raise its annual forecast for wireless subscriber addition . also , exxon mobil post a recordbreake quarter profit , while chevron report its secondhigh ever quarterly profit . nl1n31t0sj all three major stock index be up sharply friday .",T-Mobile US Inc,Positive,COMPANY
"add to the upbeat mood for stock investor friday , tmobile us inc share rise after it raise its annual forecast for wireless subscriber addition . also , exxon mobil post a recordbreake quarter profit , while chevron report its secondhigh ever quarterly profit . nl1n31t0sj all three major stock index be up sharply friday .",Exxon Mobil,Positive,PERSON
"the opec producer group agree this week to raise its oil output goal by 100,000 barrel per day bpd in september , but this be one of the small increase since such quota be introduce in 1982 , opec datum show . nl1n2zf13i",OPEC+,Neutral,OTHER
"the opec producer group agree this week to raise its oil output goal by 100,000 barrel per day bpd in september , but this be one of the small increase since such quota be introduce in 1982 , opec datum show . nl1n2zf13i",OPEC,Neutral,OTHER
"the nasdaq and sp 500 record their good session of 2022 , rise 1.4 and 0.9 , respectively . sp 500 future be steady in early asia trade . .n",Nasdaq,Positive,PERSON
"the nasdaq and sp 500 record their good session of 2022 , rise 1.4 and 0.9 , respectively . sp 500 future be steady in early asia trade . .n",S&P 500,Positive,OTHER
"the nasdaq and sp 500 record their good session of 2022 , rise 1.4 and 0.9 , respectively . sp 500 future be steady in early asia trade . .n",S&P 500 futures,Neutral,OTHER
"the nasdaq composite be out front of the major index , and all sp 500 sector be high . material be post the big rise , while energy be the laggard .",energy,Negative,OTHER
"the nasdaq composite be out front of the major index , and all sp 500 sector be high . material be post the big rise , while energy be the laggard .",Nasdaq Composite,Positive,PERSON
"the nasdaq composite be out front of the major index , and all sp 500 sector be high . material be post the big rise , while energy be the laggard .",S&P 500,Positive,OTHER
"the nasdaq composite be out front of the major index , and all sp 500 sector be high . material be post the big rise , while energy be the laggard .",Materials,Positive,PERSON
"join up on fossil fuel power vehicle make sense too . these will contribute less to most automaker top line as policymaker demand car be clean . but the number could stay significant for year or decade . roughly 50 million internal combustion engine model be sell last year , per the international organization of motor vehicle manufacturer and the international energy agency . meanwhile stringent environmental regulation make it increasingly irksome and costly to design and manufacture such model . offtheshelf solution would be an affordable alternative .",International Organization of Motor Vehicle Manufacturers,Neutral,ORGANIZATION
"join up on fossil fuel power vehicle make sense too . these will contribute less to most automaker top line as policymaker demand car be clean . but the number could stay significant for year or decade . roughly 50 million internal combustion engine model be sell last year , per the international organization of motor vehicle manufacturer and the international energy agency . meanwhile stringent environmental regulation make it increasingly irksome and costly to design and manufacture such model . offtheshelf solution would be an affordable alternative .",International Energy Agency,Neutral,ORGANIZATION
but share of wells fargo co gain in premarket trade after post a greaterthanexpected rise in fourthquarter profit . nl4n2tu2vt,Wells Fargo & Co,Positive,OTHER
"tuesday 's gain be be lead by qualcomm , broadcom and graphic chip maker nvidia , which hold developer and investor event on tuesday , with analyst look for update on product relate to ai and the "" multiverse "" .",Broadcom,Positive,PERSON
"tuesday 's gain be be lead by qualcomm , broadcom and graphic chip maker nvidia , which hold developer and investor event on tuesday , with analyst look for update on product relate to ai and the "" multiverse "" .",Qualcomm,Positive,PERSON
"tuesday 's gain be be lead by qualcomm , broadcom and graphic chip maker nvidia , which hold developer and investor event on tuesday , with analyst look for update on product relate to ai and the "" multiverse "" .",Nvidia,Positive,PERSON
""" he be very well informed , very good with the press . we be repeatedly surprised he absolutely know everything that be go on , "" the former heinz executive say . "" he talk to exheinz people , analyst , industry expert he have obviously do his homework . """,Heinz,Neutral,PERSON
""" he be very well informed , very good with the press . we be repeatedly surprised he absolutely know everything that be go on , "" the former heinz executive say . "" he talk to exheinz people , analyst , industry expert he have obviously do his homework . """,Heinz,Neutral,PERSON
"however , household be not struggle with these loan . debt servicing cost and household leverage remain well below historically normal level . loan delinquency rate be also extremely low and decline in the second quarter , goldman say .",Goldman,Neutral,PERSON
"lockheed martin ceo james taiclet tell biden a robust supply of chip "" be essential both to national security and to the health of the defense industrial base and the aerospace industry as a whole . """,Lockheed Martin,Neutral,PERSON
"citigroup will report result later on friday . wells fargo co report an 86 jump in fourthquarter profit on friday , prop up by gain from the sale of its corporate trust and asset management business . nl4n2tu32f",Wells Fargo & Co,Positive,OTHER
"citigroup will report result later on friday . wells fargo co report an 86 jump in fourthquarter profit on friday , prop up by gain from the sale of its corporate trust and asset management business . nl4n2tu32f",Citigroup,Neutral,PERSON
""" coke 's result be testament to its brand value because consumer be unwilling to trade down to other cola , despite increase price , "" cfra analyst garrett nelson say .",Coke,Positive,PERSON
""" coke 's result be testament to its brand value because consumer be unwilling to trade down to other cola , despite increase price , "" cfra analyst garrett nelson say .",CFRA,Neutral,OTHER
"block inc post a rise in thirdquarter revenue on thursday , send its share up 12 as the growth of its cash app help to make up for stagnant cryptocurrency price that have dog the payment platform lead by twitter founder jack dorsey in the previous quarter . ns0n31001 t",Twitter,Neutral,PERSON
"block inc post a rise in thirdquarter revenue on thursday , send its share up 12 as the growth of its cash app help to make up for stagnant cryptocurrency price that have dog the payment platform lead by twitter founder jack dorsey in the previous quarter . ns0n31001 t",Cash App,Positive,PERSON
"block inc post a rise in thirdquarter revenue on thursday , send its share up 12 as the growth of its cash app help to make up for stagnant cryptocurrency price that have dog the payment platform lead by twitter founder jack dorsey in the previous quarter . ns0n31001 t",Block Inc,Positive,COMPANY
"market leader apple , amazon.com and microsoft provide the upside muscle , while economically sensitive chip small cap and transport be underperform the broad market .",transports,Negative,OTHER
"market leader apple , amazon.com and microsoft provide the upside muscle , while economically sensitive chip small cap and transport be underperform the broad market .",chips,Negative,OTHER
"market leader apple , amazon.com and microsoft provide the upside muscle , while economically sensitive chip small cap and transport be underperform the broad market .",small caps,Negative,OTHER
"market leader apple , amazon.com and microsoft provide the upside muscle , while economically sensitive chip small cap and transport be underperform the broad market .",Amazon.com,Positive,OTHER
"market leader apple , amazon.com and microsoft provide the upside muscle , while economically sensitive chip small cap and transport be underperform the broad market .",Microsoft,Positive,PERSON
"market leader apple , amazon.com and microsoft provide the upside muscle , while economically sensitive chip small cap and transport be underperform the broad market .",Apple,Positive,PERSON
"tuesday 's rally be a continuation of that momentum , say jake dollarhide , chief executive officer at longbow asset management , add that positive quarterly result from the like of tencent music and alibaba be far aid sentiment .",Tencent Music,Positive,PERSON
"tuesday 's rally be a continuation of that momentum , say jake dollarhide , chief executive officer at longbow asset management , add that positive quarterly result from the like of tencent music and alibaba be far aid sentiment .",Alibaba,Positive,PERSON
"tuesday 's rally be a continuation of that momentum , say jake dollarhide , chief executive officer at longbow asset management , add that positive quarterly result from the like of tencent music and alibaba be far aid sentiment .",Longbow Asset Management,Neutral,PERSON
refinitiv project average u.s . gas demand include export would slide from 100.9 bcfd this week to 100.1 bcfd next week as extreme heat start to ease in some part of the country . the forecast for next week be high than refinitiv 's outlook on monday .,Refinitiv,Neutral,PERSON
refinitiv project average u.s . gas demand include export would slide from 100.9 bcfd this week to 100.1 bcfd next week as extreme heat start to ease in some part of the country . the forecast for next week be high than refinitiv 's outlook on monday .,Refinitiv,Neutral,PERSON
"with the coming of much colder weather , refinitiv project average u.s . gas demand , include export , would jump from 98.6 bcfd this week to 121.4 bcfd next week . those forecast be slightly high than refinitiv 's outlook on tuesday .",Refinitiv,Neutral,PERSON
"with the coming of much colder weather , refinitiv project average u.s . gas demand , include export , would jump from 98.6 bcfd this week to 121.4 bcfd next week . those forecast be slightly high than refinitiv 's outlook on tuesday .",Refinitiv,Neutral,PERSON
"while much of wall street have hit the brake after a monster rally on monday and tuesday , nvidia have continue to climb , albeit with a modest 0.4 rise on thursday . the graphic chipmaker have now ascend almost 10 since sept . 30 , when it close at its low level since march 2021 .",Nvidia,Positive,PERSON
"retail investor be also exploit the strong short interest in revlon . by snap up share , the investor drive up their value , force those who have short they to buy stock to close their position , lead to further gain in the price .",Revlon,Positive,PERSON
"in commodity , brent crude future rise 0.1 to 92.43 a barrel while u.s . west texas intermediate wti crude gain 0.22 to 86.72 per barrel .",U.S. West Texas Intermediate (WTI) crude,Positive,OTHER
"in commodity , brent crude future rise 0.1 to 92.43 a barrel while u.s . west texas intermediate wti crude gain 0.22 to 86.72 per barrel .",Brent crude,Positive,OTHER
""" the sentiment remain cautiously optimistic with everyone prepare for a solid q3 . however , the ongoing macro concern and the impact of a potential recession on the luxury good demand be the key worry ahead , "" write ubs analyst .",UBS,Neutral,OTHER
"good buy co inc shoot up 12.78 as the good perform stock on the sp 500 index , after the retailer forecast a small drop in annual sale than previously announce and express confidence a ramp up in deal and discount will entice more customer .",Best Buy Co Inc,Positive,COMPANY
"good buy co inc shoot up 12.78 as the good perform stock on the sp 500 index , after the retailer forecast a small drop in annual sale than previously announce and express confidence a ramp up in deal and discount will entice more customer .",S&P 500,Neutral,OTHER
"that come as europe brace for a doubledigit inflation read later in the day , as the european central bank voice support for another big interest rate hike . german inflation accelerate to 10.9 this month , far beyond market expectation . nl1n3100f2",European Central Bank,Neutral,PERSON
"oil group equinor post record pretax profit and say it would raise dividend and share buyback , and among financial , amundi beat its strategic target and abn amro announce a 500 million euro share buyback after a jump in net profit .",ABN Amro,Positive,OTHER
"oil group equinor post record pretax profit and say it would raise dividend and share buyback , and among financial , amundi beat its strategic target and abn amro announce a 500 million euro share buyback after a jump in net profit .",Equinor,Positive,PERSON
"oil group equinor post record pretax profit and say it would raise dividend and share buyback , and among financial , amundi beat its strategic target and abn amro announce a 500 million euro share buyback after a jump in net profit .",Amundi,Positive,PERSON
"eren osman , manage director of wealth management at arbuthnot latham co , say earning so far in the united states and elsewhere have show resilence as many company beat expectation .",Arbuthnot Latham & Co,Neutral,OTHER
""" we be currently see increase covid19 case notification rate and an increase trend in hospital and icu admission and occupancy in several country mainly drive by the ba 5 sublineage of omicron , "" say dr andrea ammon , the director of ecdc , in a statement .",ECDC,Neutral,OTHER
"verstappen be light up the timing screen behind leclerc and , having trade fast lap with the ferrari driver and mercede rival lewis hamilton during the final phase of qualifying , have save his good for last on a dry track .",Ferrari,Neutral,PERSON
"verstappen be light up the timing screen behind leclerc and , having trade fast lap with the ferrari driver and mercede rival lewis hamilton during the final phase of qualifying , have save his good for last on a dry track .",Mercedes,Neutral,PERSON
share of gamestop skyrocket more than 680 in 2021 thank to retail trader on social medium platform such as reddit who snap up heavily short stock in a bid to squeeze out hedge fund bet against they .,Reddit,Neutral,PERSON
share of gamestop skyrocket more than 680 in 2021 thank to retail trader on social medium platform such as reddit who snap up heavily short stock in a bid to squeeze out hedge fund bet against they .,GameStop,Positive,OTHER
"the labor department say consumer price advance 7.7 in the 12 month through october , while the core rate , which exclude volatile food and energy price , increase 6.3 on a yearonyear basis last month .",Labor Department,Neutral,PERSON
"the utility sector be the good performer and advance 1.22 on gain from company include kansai electric power co inc , tokyo gas co ltd , and osaka gas co ltd .",Tokyo Gas Co Ltd,Positive,COMPANY
"the utility sector be the good performer and advance 1.22 on gain from company include kansai electric power co inc , tokyo gas co ltd , and osaka gas co ltd .",Kansai Electric Power Co Inc,Positive,COMPANY
"the utility sector be the good performer and advance 1.22 on gain from company include kansai electric power co inc , tokyo gas co ltd , and osaka gas co ltd .",Osaka Gas Co Ltd,Positive,COMPANY
""" while increase reliance on consumer credit card be not a sustainable longterm driver of consumer spending , the available credit do help provide at least some short term relief during a time when gasoline price be daily break record high , "" say tim quinlan , a senior economist at wells fargo in charlotte , north carolina .",Wells Fargo,Neutral,PERSON
"another reason lpl think investor can be encourage that stock may soon be poise for a turn be that in recent year july have tend to be a good month . over the last decade , lpl say that , on average , the sp 500 have gain 2.5 in july .",S&P 500,Positive,OTHER
"another reason lpl think investor can be encourage that stock may soon be poise for a turn be that in recent year july have tend to be a good month . over the last decade , lpl say that , on average , the sp 500 have gain 2.5 in july .",LPL,Neutral,OTHER
"another reason lpl think investor can be encourage that stock may soon be poise for a turn be that in recent year july have tend to be a good month . over the last decade , lpl say that , on average , the sp 500 have gain 2.5 in july .",LPL,Neutral,OTHER
""" oil demand ... if you look at the late datum , it be still do ok . we be expect some demand destruction , it do not really happen , "" say frederic lasserre , global head of market research and analysis at gunvor group .",Gunvor Group,Neutral,PERSON
"however , the summer solstice occur this week on tuesday june 21 , at 513 am edt . with this first day of summer , the spx gap up at tuesday 's open and have gain more than 2 through wednesday 's close .",SPX,Positive,OTHER
microsoft corp share be up after late tuesday it forecast doubledigit revenue growth for the next fiscal year . visa inc be also up after give an upbeat outlook .,Visa Inc,Positive,COMPANY
microsoft corp share be up after late tuesday it forecast doubledigit revenue growth for the next fiscal year . visa inc be also up after give an upbeat outlook .,Microsoft Corp,Positive,COMPANY
"rivian automotive inc surge after the electricvehicle maker report a smallerthanexpecte loss , high number of preorder and reaffirm its fullyear production outlook .",Rivian Automotive Inc,Positive,COMPANY
"stock on wall street be mix on wednesday after robust quarterly earning from luxury retailer and salesforce inc , while manufacturing datum show demand for good remain strong in may .",Salesforce Inc,Positive,COMPANY
the company also add to its position in energy giant chevron corp while slice its position in healthcare name include bristolmyers squibb co and abbvie inc during the quarter that end in december .,Chevron Corp,Neutral,COMPANY
the company also add to its position in energy giant chevron corp while slice its position in healthcare name include bristolmyers squibb co and abbvie inc during the quarter that end in december .,Abbvie Inc,Neutral,COMPANY
the company also add to its position in energy giant chevron corp while slice its position in healthcare name include bristolmyers squibb co and abbvie inc during the quarter that end in december .,Bristol-Myers Squibb Co,Neutral,OTHER
""" the number one thing that stand out be that you be go to see an acceleration of buyback before the end of this year , "" say thomas hayes , chairman and managing member of new yorkbase great hill capital . "" company would rather not pay that tax ... they have this window , and you can be assure they be go to take advantage of it . """,Great Hill Capital,Neutral,PERSON
""" the steady rate of high growth and improve margin should calm market that have price in a collapse consumer demand for streaming and tv , "" seb analyst say .",SEB,Neutral,OTHER
"in company news , car sale at renault slump in the first half after the closure of its russian operation nl1n2yt0cl . statebacke italian bank monte dei paschi di siena be get positive feedback for a plan 2.5 billion euro 2.5 billion cashcall in autumn , its ceo say nl8n2yt2l3 .",Monte dei Paschi di Siena,Positive,OTHER
"in company news , car sale at renault slump in the first half after the closure of its russian operation nl1n2yt0cl . statebacke italian bank monte dei paschi di siena be get positive feedback for a plan 2.5 billion euro 2.5 billion cashcall in autumn , its ceo say nl8n2yt2l3 .",Renault,Negative,PERSON
"share of amd soar about 14 , mirror the rise in peer such as nvidia corp which gain over 13 on sign of cool inflation . the philadelphia se semiconductor index surge 8.7 .",AMD,Positive,OTHER
"share of amd soar about 14 , mirror the rise in peer such as nvidia corp which gain over 13 on sign of cool inflation . the philadelphia se semiconductor index surge 8.7 .",Nvidia Corp,Positive,COMPANY
"share of amd soar about 14 , mirror the rise in peer such as nvidia corp which gain over 13 on sign of cool inflation . the philadelphia se semiconductor index surge 8.7 .",Philadelphia SE Semiconductor index,Positive,OTHER
""" the partnership not only demonstrate that our platform business be highly competitive , but also that the meb be well on track to become one of the lead open platform for emobility . """,MEB,Positive,OTHER
"the boe be watch market condition ahead of an expect announcement of detail of its first "" quantitative tightening "" sale of gilt , which will speed up the reversal of its huge bond buying since the 200708 global financial crisis .",BoE,Neutral,OTHER
"demand , as see by an almost 9 increase in aggregate spending power , be still too strong and may lead the fed to stay aggressive long than many hope , say jack janasiewicz , lead portfolio strategist at natixis investment manager solution .",Fed,Neutral,PERSON
"demand , as see by an almost 9 increase in aggregate spending power , be still too strong and may lead the fed to stay aggressive long than many hope , say jack janasiewicz , lead portfolio strategist at natixis investment manager solution .",Natixis Investment Managers Solutions,Neutral,PERSON
"goldman sach , too , raise its policy rate forecast to a 75 basis point hike this month from 50 basis point previously . nl1n30f0a5",Goldman Sachs,Neutral,PERSON
"the number of rig drill for gas have increase to 155 up from just 104 a year ago , accord to datum from field service company baker hughe , but there have be little further increase over the last six week .",Baker Hughes,Neutral,PERSON
"the health insurer also raise the low end of its adjusted annual earning forecast by 5 cent to 5.65 per share , while maintain the upper end at 5.75 . elevance health and unitedhealth also raise their forecast early this month .",Elevance Health,Positive,PERSON
"the health insurer also raise the low end of its adjusted annual earning forecast by 5 cent to 5.65 per share , while maintain the upper end at 5.75 . elevance health and unitedhealth also raise their forecast early this month .",UnitedHealth,Positive,OTHER
""" marathon 's strong financial position and sizable share repurchase program should provide downside protection if oil demand fall ... see an opportunity for increase cash return , "" say faisal hersi , an analyst at edward jones .",Edward Jones,Neutral,PERSON
""" marathon 's strong financial position and sizable share repurchase program should provide downside protection if oil demand fall ... see an opportunity for increase cash return , "" say faisal hersi , an analyst at edward jones .",Marathon,Positive,PERSON
"this say , katzke 's high conviction recommendation , each with 30 total return potential be goldman sachs , wells fargo , bank of america and jpmorgan chase .",Goldman Sachs,Positive,PERSON
"this say , katzke 's high conviction recommendation , each with 30 total return potential be goldman sachs , wells fargo , bank of america and jpmorgan chase .",Wells Fargo,Positive,PERSON
"this say , katzke 's high conviction recommendation , each with 30 total return potential be goldman sachs , wells fargo , bank of america and jpmorgan chase .",Bank of America,Positive,OTHER
"this say , katzke 's high conviction recommendation , each with 30 total return potential be goldman sachs , wells fargo , bank of america and jpmorgan chase .",JPmorgan Chase,Positive,OTHER
"it look like energy stock still want to go higher , write lpl chief equity strategist jeffrey buchbinder . there s a healthy dose of pessimism bake into the sector while the fundamental outlook still look positive overall . the sector strong gain since midjuly have encouragingly come without much help from oil price .",LPL,Neutral,OTHER
"the oil and gas rig count , an early indicator of future output , rise 9 to 779 in the week to nov . 11 , its high since march 2020 , energy service firm baker hughe co say in its closely follow report on friday . .",Baker Hughes Co,Neutral,PERSON
"call the surge in defense aircraft order "" exceptional , "" ian shepherdson , chief economist at pantheon macroeconomic , add "" the surge in the headline do not change the big picture of a slowdown in spending , but it have not reach recessiontype proportion . """,Pantheon Macroeconomics,Neutral,PERSON
"still , the fall in oil and commodity price be offer hope brent crude be down 10 in june and set to snap a sixmonth streak of gain .",Brent,Negative,PERSON
"from july through september , netflix attract 2.4 million new subscriber worldwide , more than double the 1.07 million consensus forecast of analyst poll by refinitiv .",Refinitiv,Neutral,PERSON
"from july through september , netflix attract 2.4 million new subscriber worldwide , more than double the 1.07 million consensus forecast of analyst poll by refinitiv .",Netflix,Positive,PERSON
"raytheon technologies corp fall 2.1 after the aerospace supplier trim its 2022 sale outlook , while united parcel service inc add 3.0 on post a strongerthanexpecte quarterly adjusted profit .",United Parcel Service Inc,Positive,COMPANY
"raytheon technologies corp fall 2.1 after the aerospace supplier trim its 2022 sale outlook , while united parcel service inc add 3.0 on post a strongerthanexpecte quarterly adjusted profit .",Raytheon Technologies Corp,Negative,COMPANY
"mondelez say its ' cocoa life ' scheme be now one of the four pillar of its longterm growth strategy , add it hope its new investment will help catalyze sectorwide collaboration to address environmental and human right challenge in cocoa .",Mondelez,Neutral,PERSON
"though jetblue 's 3.7 billion offer be high , spirit have repeatedly tout frontier 's bid , cite high longterm benefit and few regulatory risk compare with jetblue .",JetBlue,Neutral,OTHER
"though jetblue 's 3.7 billion offer be high , spirit have repeatedly tout frontier 's bid , cite high longterm benefit and few regulatory risk compare with jetblue .",JetBlue,Neutral,OTHER
"though jetblue 's 3.7 billion offer be high , spirit have repeatedly tout frontier 's bid , cite high longterm benefit and few regulatory risk compare with jetblue .",Spirit,Neutral,PERSON
"though jetblue 's 3.7 billion offer be high , spirit have repeatedly tout frontier 's bid , cite high longterm benefit and few regulatory risk compare with jetblue .",Frontier,Neutral,PERSON
mkm partner analyst rohit kulkarni say uber 's global and more diversified business also give it well protection against wide macroeconomic swing .,MKM Partners,Neutral,OTHER
mkm partner analyst rohit kulkarni say uber 's global and more diversified business also give it well protection against wide macroeconomic swing .,Uber,Positive,PERSON
"delta air lines inc and united airlines jump nearly 7.5 each , after the u.s . carrier raise their currentquarter revenue forecast , even as they trim capacity . nl3n2vi2u0",Delta Air Lines Inc,Positive,COMPANY
"delta air lines inc and united airlines jump nearly 7.5 each , after the u.s . carrier raise their currentquarter revenue forecast , even as they trim capacity . nl3n2vi2u0",United Airlines,Positive,PERSON
datum from market research firm iri also show stock level for baby formula in u.s . store have improve in the recent week .,IRI,Neutral,OTHER
"indonesia see a nearly 500 surge in foreign visitor arrival in april as travel continue to bounce back after the easing of covid19 curb , datum by statistic indonesia show on thursday . nl4n2xp0v8",Statistics Indonesia,Neutral,PERSON
"exxon and chevron earn 5.5 billion and 6.3 billion , respectively , and the former return to its yearsago strategy of big share repurchase by triple expect buyback through 2023 to 30 billion . chevron get in on that as well , boost buyback to their most in more than a year .",Chevron,Positive,PERSON
"exxon and chevron earn 5.5 billion and 6.3 billion , respectively , and the former return to its yearsago strategy of big share repurchase by triple expect buyback through 2023 to 30 billion . chevron get in on that as well , boost buyback to their most in more than a year .",Chevron,Positive,PERSON
"exxon and chevron earn 5.5 billion and 6.3 billion , respectively , and the former return to its yearsago strategy of big share repurchase by triple expect buyback through 2023 to 30 billion . chevron get in on that as well , boost buyback to their most in more than a year .",Exxon,Positive,PERSON
"the average fund 's portfolio weight in its top 10 position , which be heavily skewed toward tech stock , jump to 70 , the high concentration since q1 2020 , accord to goldman 's analysis of holding of 795 hedge fund with 2.4 trillion of gross equity position .",Goldman,Neutral,PERSON
"tech giant include amazon and alphabet have also see a rise in their valuation after blockbuster result this week . a day after facebook owner meta platform suffer the deep loss of stock market value in history for a u.s . company , amazon log the great ever oneday increase in value . nl1n2uf2f8",Amazon,Positive,PERSON
"tech giant include amazon and alphabet have also see a rise in their valuation after blockbuster result this week . a day after facebook owner meta platform suffer the deep loss of stock market value in history for a u.s . company , amazon log the great ever oneday increase in value . nl1n2uf2f8",Amazon,Positive,PERSON
"tech giant include amazon and alphabet have also see a rise in their valuation after blockbuster result this week . a day after facebook owner meta platform suffer the deep loss of stock market value in history for a u.s . company , amazon log the great ever oneday increase in value . nl1n2uf2f8",Meta Platforms,Negative,PERSON
"tech giant include amazon and alphabet have also see a rise in their valuation after blockbuster result this week . a day after facebook owner meta platform suffer the deep loss of stock market value in history for a u.s . company , amazon log the great ever oneday increase in value . nl1n2uf2f8",Facebook,Negative,PERSON
"tech giant include amazon and alphabet have also see a rise in their valuation after blockbuster result this week . a day after facebook owner meta platform suffer the deep loss of stock market value in history for a u.s . company , amazon log the great ever oneday increase in value . nl1n2uf2f8",Alphabet,Positive,PERSON
"the top gainer among hshare be country garden , follow by country garden service , surge 8.13 and longfor group , up by 7.98 .",Country Garden,Positive,PERSON
"the top gainer among hshare be country garden , follow by country garden service , surge 8.13 and longfor group , up by 7.98 .",Country Garden Services,Positive,PERSON
"the top gainer among hshare be country garden , follow by country garden service , surge 8.13 and longfor group , up by 7.98 .",Longfor Group,Positive,PERSON
"buck the trend , cocacola co raise its fullyear revenue and profit forecast on tuesday as demand for sugary soda stay strong despite price increase . mcdonald 's corp also report quarterly comparable sale above market expectation even as expense soar . nl4n2z72f0 nl4n2z72fq report by medha singh in bengaluru , additional reporting by aniruddha ghosh ; edit by vinay dwivedi medha.singhthomsonreuters.com ; 91 80 6210 0592 ; twitter",McDonald's Corp,Positive,COMPANY
"buck the trend , cocacola co raise its fullyear revenue and profit forecast on tuesday as demand for sugary soda stay strong despite price increase . mcdonald 's corp also report quarterly comparable sale above market expectation even as expense soar . nl4n2z72f0 nl4n2z72fq report by medha singh in bengaluru , additional reporting by aniruddha ghosh ; edit by vinay dwivedi medha.singhthomsonreuters.com ; 91 80 6210 0592 ; twitter",Coca-Cola Co,Positive,OTHER
"silverstonebase aston martin could seek another experienced winner , perhaps even a champion , a promising young gun or complete rookie . there be driver out there in all category .",Aston Martin,Neutral,PERSON
"meta platforms inc add 5.5 ahead of its quarterly report after market close , while share of apple inc rise 1.7 and those of amazon.com inc gain 4.4 before their result on thursday .",Amazon.com Inc,Positive,COMPANY
"meta platforms inc add 5.5 ahead of its quarterly report after market close , while share of apple inc rise 1.7 and those of amazon.com inc gain 4.4 before their result on thursday .",Apple Inc,Positive,COMPANY
"meta platforms inc add 5.5 ahead of its quarterly report after market close , while share of apple inc rise 1.7 and those of amazon.com inc gain 4.4 before their result on thursday .",Meta Platforms Inc,Positive,COMPANY
""" on the one hand , he have extensive industry experience , include run sanofi for six year . on the other , he have spend the well part of the last decade as an investor , "" say stifel 's paul matteis .",Stifel,Neutral,PERSON
""" on the one hand , he have extensive industry experience , include run sanofi for six year . on the other , he have spend the well part of the last decade as an investor , "" say stifel 's paul matteis .",Sanofi,Neutral,PERSON
"a tourism subindex jump more than 3 , while stock in spring airline surge 4.6 , and utour group jump more than 7 .",Spring Airlines,Positive,PERSON
"a tourism subindex jump more than 3 , while stock in spring airline surge 4.6 , and utour group jump more than 7 .",tourism subindex,Positive,OTHER
"a tourism subindex jump more than 3 , while stock in spring airline surge 4.6 , and utour group jump more than 7 .",UTour Group,Positive,OTHER
"other chip gear maker be also rise , with asml , kla and lam research each up between 2 and 4 , with the group help lift the philadelphia chip index 0.6 .",Lam Research,Positive,PERSON
"other chip gear maker be also rise , with asml , kla and lam research each up between 2 and 4 , with the group help lift the philadelphia chip index 0.6 .",Philadelphia chip index,Positive,OTHER
"other chip gear maker be also rise , with asml , kla and lam research each up between 2 and 4 , with the group help lift the philadelphia chip index 0.6 .",ASML,Positive,OTHER
"other chip gear maker be also rise , with asml , kla and lam research each up between 2 and 4 , with the group help lift the philadelphia chip index 0.6 .",KLA,Positive,OTHER
munster say he expect tesla 's delivery to grow to 1.3 million vehicle this year despite headwind in production at its new factory and supply chain problem .,Tesla,Positive,PERSON
"centene raise the low end of its adjusted annual earning expectation by 5 cent to 5.65 per share , while maintain the upper end at 5.75 . elevance health and unitedhealth also lift their forecast early this month .",Centene,Positive,PERSON
"centene raise the low end of its adjusted annual earning expectation by 5 cent to 5.65 per share , while maintain the upper end at 5.75 . elevance health and unitedhealth also lift their forecast early this month .",UnitedHealth,Positive,OTHER
"centene raise the low end of its adjusted annual earning expectation by 5 cent to 5.65 per share , while maintain the upper end at 5.75 . elevance health and unitedhealth also lift their forecast early this month .",Elevance Health,Positive,PERSON
"the company lead gain among other growth stock , include apple inc , microsoft corp and alphabet inc , all of which rise between 0.3 and 0.4 .",Microsoft Corp,Positive,COMPANY
"the company lead gain among other growth stock , include apple inc , microsoft corp and alphabet inc , all of which rise between 0.3 and 0.4 .",Apple Inc,Positive,COMPANY
"the company lead gain among other growth stock , include apple inc , microsoft corp and alphabet inc , all of which rise between 0.3 and 0.4 .",Alphabet Inc,Positive,COMPANY
"unilever have have a rocky start to the year after mount three bid for the consumer health arm of glaxosmithkline , one for as much as 50 billion pound 53.14 billion .",GlaxoSmithKline,Neutral,OTHER
"unilever have have a rocky start to the year after mount three bid for the consumer health arm of glaxosmithkline , one for as much as 50 billion pound 53.14 billion .",Unilever,Negative,PERSON
"wedbush analyst dan ives believe both microsoft and apple will post strong number this week , which could dictate the path of tech stock over the come month .",Wedbush,Neutral,PERSON
"wedbush analyst dan ives believe both microsoft and apple will post strong number this week , which could dictate the path of tech stock over the come month .",Apple,Positive,PERSON
"wedbush analyst dan ives believe both microsoft and apple will post strong number this week , which could dictate the path of tech stock over the come month .",Microsoft,Positive,PERSON
department store chain macy 's inc gain 8.1 and personal care product retailer bath body works inc surge 21.5 after raise their annual profit forecast .,Macy's Inc,Positive,COMPANY
department store chain macy 's inc gain 8.1 and personal care product retailer bath body works inc surge 21.5 after raise their annual profit forecast .,Bath & Body Works Inc,Positive,COMPANY
"so far on thursday , there be a clear tilt toward defensive sp 500 sector . healthcare , staple and utility be post the good gain , while energy and material be among weak group .",energy,Negative,OTHER
"so far on thursday , there be a clear tilt toward defensive sp 500 sector . healthcare , staple and utility be post the good gain , while energy and material be among weak group .",staples,Positive,OTHER
"so far on thursday , there be a clear tilt toward defensive sp 500 sector . healthcare , staple and utility be post the good gain , while energy and material be among weak group .",S&P 500,Neutral,OTHER
"so far on thursday , there be a clear tilt toward defensive sp 500 sector . healthcare , staple and utility be post the good gain , while energy and material be among weak group .",materials,Negative,OTHER
"so far on thursday , there be a clear tilt toward defensive sp 500 sector . healthcare , staple and utility be post the good gain , while energy and material be among weak group .",utilities,Positive,OTHER
"so far on thursday , there be a clear tilt toward defensive sp 500 sector . healthcare , staple and utility be post the good gain , while energy and material be among weak group .",Healthcare,Positive,PERSON
"in a new york times opinion article publish on tuesday , biden say the new weapon package will help ukraine on the battlefield "" and be in the strong possible position at the negotiating table . """,New York Times,Neutral,PERSON
"with respect to its economic outlook , the bank release 48 million of reserve in the quarter , compare to rival bank jpmorgan chase co and wells fargo co , which boost loss provision in the quarter . bofa 's total loan loss provision as of june 30 be 500 million .",Wells Fargo & Co,Neutral,OTHER
"with respect to its economic outlook , the bank release 48 million of reserve in the quarter , compare to rival bank jpmorgan chase co and wells fargo co , which boost loss provision in the quarter . bofa 's total loan loss provision as of june 30 be 500 million .",JPMorgan Chase & Co,Neutral,OTHER
"with respect to its economic outlook , the bank release 48 million of reserve in the quarter , compare to rival bank jpmorgan chase co and wells fargo co , which boost loss provision in the quarter . bofa 's total loan loss provision as of june 30 be 500 million .",BofA,Neutral,OTHER
"home depot now expect fiscal 2022 comparable sale to increase about 3 , compare with its previous forecast of a slight positive growth , and estimate pershare earning to rise in the midsingle digit percentage range .",Home Depot,Positive,PERSON
"as the pandemic be effectively control and the industrial chain far recover , industrial firm ' efficiency improve markedly , nbs senior statistician zhu hong say in a statement .",NBS,Neutral,OTHER
"give that high pricing , the rise in comparable sale "" imply that traffic be about flat in the quarter , which I think be a good sign , "" say btig analyst peter saleh .",BTIG,Neutral,OTHER
"highgrowth stock such as tesla , apple inc , alphabet inc and amazon.com inc gain more than 1 each .",Amazon.com Inc,Positive,COMPANY
"highgrowth stock such as tesla , apple inc , alphabet inc and amazon.com inc gain more than 1 each .",Tesla,Positive,PERSON
"highgrowth stock such as tesla , apple inc , alphabet inc and amazon.com inc gain more than 1 each .",Alphabet Inc,Positive,COMPANY
"highgrowth stock such as tesla , apple inc , alphabet inc and amazon.com inc gain more than 1 each .",Apple Inc,Positive,COMPANY
mercedes ' hamilton have a record 103 win and 188 podium from 303 start . the seventime world champion last win a race in saudi arabia in december and be now on the long streak of his career without a win .,Mercedes,Neutral,PERSON
"the u.s . dollar , meanwhile , continue to steamroll other currency , rise briefly above parity versus the fragile euro and hit fiveweek high against a basket of peer as fed official reiterate their tighten stance .",Fed,Neutral,PERSON
"with the great mass of nasdaq troop show a positive change in morale , the ixic 's charge have the potential to be more forceful . this , as another breadthmomentum measure challenge its own barrier click here nl1n2z10x4",IXIC,Positive,OTHER
"with the great mass of nasdaq troop show a positive change in morale , the ixic 's charge have the potential to be more forceful . this , as another breadthmomentum measure challenge its own barrier click here nl1n2z10x4",Nasdaq,Positive,PERSON
"the unit of german carmaker volkswagen post an operating profit for the first three quarter of 2022 of 575 million euro 568 million , more than the 275 million euro in the same period of last year .",Volkswagen,Positive,PERSON
"for now , though , amex be benefit from bottledup demand and the easing of covid19 curb that have spark the strong summer travel season since the start of the pandemic .",AmEx,Positive,OTHER
also take centre stage will be the bank of england . the market be fully price for a rate hike of 75 basis point to its high since late 2008 at 3.0 .,Bank of England,Neutral,OTHER
"wedbush note that after robust earning from palo alto , investor sentiment have see a positive shift sectorwide , with deal pipeline , ma potential and the massive shift to cloud still underway as the sector head into 2023 .",Palo Alto,Positive,PERSON
"wedbush note that after robust earning from palo alto , investor sentiment have see a positive shift sectorwide , with deal pipeline , ma potential and the massive shift to cloud still underway as the sector head into 2023 .",Wedbush,Neutral,PERSON
"a former goldman sachs banker , a former fbi trainee and a technology executive be among those arrest . the seven defendant also face parallel civil charge by the u.s . securities and exchange commission . nl1n2z61ec",Goldman Sachs,Neutral,PERSON
"a former goldman sachs banker , a former fbi trainee and a technology executive be among those arrest . the seven defendant also face parallel civil charge by the u.s . securities and exchange commission . nl1n2z61ec",U.S. Securities and Exchange Commission,Neutral,OTHER
"a former goldman sachs banker , a former fbi trainee and a technology executive be among those arrest . the seven defendant also face parallel civil charge by the u.s . securities and exchange commission . nl1n2z61ec",FBI,Neutral,OTHER
a source familiar with the matter say on friday that mobileye may lower its ipo valuation estimate due to adverse market condition .,Mobileye,Negative,PERSON
""" excessive tightening may result in irreversible impact , and for the property market 's softlanding , the bok will have to appropriately reflect the market condition in its monetary policy decision , "" db financial 's moon add .",DB Financial,Neutral,OTHER
""" excessive tightening may result in irreversible impact , and for the property market 's softlanding , the bok will have to appropriately reflect the market condition in its monetary policy decision , "" db financial 's moon add .",BOK,Neutral,OTHER
bloomberg report that bankmanfried have tell investor that ftx face a shortfall of up to 8 billion and that the company would need to file for bankruptcy unless it receive further funding .,FTX,Negative,OTHER
bloomberg report that bankmanfried have tell investor that ftx face a shortfall of up to 8 billion and that the company would need to file for bankruptcy unless it receive further funding .,Bloomberg,Neutral,PERSON
"san francisco accuse walgreen , teva , allergan , and anda of create a "" public nuisance "" by flood the city with prescription opioid and fail to prevent the drug from be divert for illegal use .",Allergan,Negative,PERSON
"san francisco accuse walgreen , teva , allergan , and anda of create a "" public nuisance "" by flood the city with prescription opioid and fail to prevent the drug from be divert for illegal use .",Walgreens,Negative,PERSON
"san francisco accuse walgreen , teva , allergan , and anda of create a "" public nuisance "" by flood the city with prescription opioid and fail to prevent the drug from be divert for illegal use .",Anda,Negative,PERSON
"san francisco accuse walgreen , teva , allergan , and anda of create a "" public nuisance "" by flood the city with prescription opioid and fail to prevent the drug from be divert for illegal use .",Teva,Negative,PERSON
""" earning be come in less bad than fear , but they be deteriorate from what we get use to and accustom to over the last several quarter , "" say bob doll , cio at crossmark global investment .",Crossmark Global Investments,Neutral,PERSON
"speak of inflation and when be we not ? a report from the labor department show the price of good import to the united states contract more than expect in july , drop 1.4 from june . nl1n2zo0ud",Labor Department,Neutral,PERSON
""" this whole problem be create by inflation , it have to be solve by inflation . until there be a genuine slowdown in inflation momentum , I do not think anybody can rest easy , "" say rohan khanna , strategist at ubs .",UBS,Neutral,OTHER
"at 0852 a.m. et , dow emini be down 62 point , or 0.18 , sp 500 emini be down 2.25 point , or 0.05 , and nasdaq 100 emini be down 0.5 point , or flat .",Dow e-minis,Negative,OTHER
"at 0852 a.m. et , dow emini be down 62 point , or 0.18 , sp 500 emini be down 2.25 point , or 0.05 , and nasdaq 100 emini be down 0.5 point , or flat .",Nasdaq 100 e-minis,Negative,OTHER
"at 0852 a.m. et , dow emini be down 62 point , or 0.18 , sp 500 emini be down 2.25 point , or 0.05 , and nasdaq 100 emini be down 0.5 point , or flat .",S&P 500 e-minis,Negative,OTHER
"while amd have be grow its market share quickly in the datacenter , rival intel corp . have see its share slip even in its late earning report .",AMD,Positive,OTHER
"while amd have be grow its market share quickly in the datacenter , rival intel corp . have see its share slip even in its late earning report .",Intel Corp,Negative,COMPANY
"while its lending margin in the second half do recover slightly from the first half , fullyear margin be still down 13 basis point from last year . since may , the bank have move in step with the reserve bank of australia to pass on rate hike to its customer .",Reserve Bank of Australia,Neutral,OTHER
"the storm , which weaken from hurricane force overnight , be threaten baja california , other part of mexico and the u.s . southwest with heavy rain that could cause dangerous flash flooding , landslide and mudslide , the national weather service nws say .",National Weather Service,Neutral,PERSON
"spotify ceo daniel ek say late on sunday that he might disagree with the view of some individual on the platform but that it be "" important to I that we do not take on the position of be content censor . """,Spotify,Neutral,PERSON
"so far , the slump have be more than offset by lively market . revenue from flip stock and bond rise 15 at jpmorgan in the second quarter , yearonyear , and over 20 at morgan stanley , tower over shrink deal fee . trading and investment banking sit in the same division at both firm . but revenue derive from shift security be likely to go back roughly to where it be , especially as volatility in the bond market subside .",Morgan Stanley,Positive,PERSON
"so far , the slump have be more than offset by lively market . revenue from flip stock and bond rise 15 at jpmorgan in the second quarter , yearonyear , and over 20 at morgan stanley , tower over shrink deal fee . trading and investment banking sit in the same division at both firm . but revenue derive from shift security be likely to go back roughly to where it be , especially as volatility in the bond market subside .",JPMorgan,Positive,OTHER
"in response to my query , meta send a statement about its recusal effort we have previously express concern about chair khan impartiality in matter involve meta , and we have the same concern with regard to this case . an ftc spokesman refer I to the agencys recusal rule .",Meta,Neutral,PERSON
"in response to my query , meta send a statement about its recusal effort we have previously express concern about chair khan impartiality in matter involve meta , and we have the same concern with regard to this case . an ftc spokesman refer I to the agencys recusal rule .",FTC,Neutral,OTHER
"in response to my query , meta send a statement about its recusal effort we have previously express concern about chair khan impartiality in matter involve meta , and we have the same concern with regard to this case . an ftc spokesman refer I to the agencys recusal rule .",Meta,Neutral,PERSON
the dismal outlook be the late setback for novavax that have also face manufacture hurdle and regulatory delay amid competition with market leader pfizer and moderna .,Moderna,Neutral,PERSON
the dismal outlook be the late setback for novavax that have also face manufacture hurdle and regulatory delay amid competition with market leader pfizer and moderna .,Pfizer,Neutral,PERSON
the dismal outlook be the late setback for novavax that have also face manufacture hurdle and regulatory delay amid competition with market leader pfizer and moderna .,Novavax,Negative,PERSON
jefferie cut its target price for sabadell and bankinter respectively to 1 euro from 1.05 euro and to 5.7 euro from 6 euro .,Jefferies,Neutral,PERSON
jefferie cut its target price for sabadell and bankinter respectively to 1 euro from 1.05 euro and to 5.7 euro from 6 euro .,Sabadell,Negative,PERSON
jefferie cut its target price for sabadell and bankinter respectively to 1 euro from 1.05 euro and to 5.7 euro from 6 euro .,Bankinter,Negative,PERSON
"among company report result , taketwo interactive software inc plunge 16.6 premarket after the videogame publisher lower its annual sale outlook , while ridehaile firm lyft inc drop 16.3 on forecast currentquarter revenue below wall street estimate .",Lyft Inc,Negative,COMPANY
"among company report result , taketwo interactive software inc plunge 16.6 premarket after the videogame publisher lower its annual sale outlook , while ridehaile firm lyft inc drop 16.3 on forecast currentquarter revenue below wall street estimate .",Take-Two Interactive Software Inc,Negative,COMPANY
"nvidia be slide more than 7 after the chipmaker forecast currentquarter revenue above analyst ' estimate , but report flat gross margin from the previous quarter . the company also report a slowdown in sale of chip use specifically by crytocurrency miner . nl4n2ur42r",Nvidia,Negative,PERSON
"the new yorkbase carrier on tuesday surprised wall street with a 33 per share cash offer , potentially derail a 2.7 billion merger plan between spirit and frontier group holdings inc . nl4n2ui2il",Frontier Group Holdings Inc,Neutral,COMPANY
"the new yorkbase carrier on tuesday surprised wall street with a 33 per share cash offer , potentially derail a 2.7 billion merger plan between spirit and frontier group holdings inc . nl4n2ui2il",Spirit,Neutral,PERSON
"share of moderna fall nearly 2 before the bell over the delay , even though the company stick to its vaccine sale forecast of 21 billion for 2022 .",Moderna,Negative,PERSON
"joseph lavorgna , chief u.s . economist at smbc capital market , say the fed be unlikely to reach its inflation target without kick off a recession .",Fed,Neutral,PERSON
"joseph lavorgna , chief u.s . economist at smbc capital market , say the fed be unlikely to reach its inflation target without kick off a recession .",SMBC Capital Markets,Neutral,OTHER
"the dow jones industrial average fall 0.46 to 32,001.25 , the sp 500 lose 1.06 to 3,719.89 and the nasdaq composite drop 1.73 to 10,342.94 .",Nasdaq Composite,Negative,PERSON
"the dow jones industrial average fall 0.46 to 32,001.25 , the sp 500 lose 1.06 to 3,719.89 and the nasdaq composite drop 1.73 to 10,342.94 .",Dow Jones Industrial Average,Negative,PERSON
"the dow jones industrial average fall 0.46 to 32,001.25 , the sp 500 lose 1.06 to 3,719.89 and the nasdaq composite drop 1.73 to 10,342.94 .",S&P 500,Negative,OTHER
cnn say the note warn against work with virtual reality developer . wcvb say the note be anonymous and issue a general warning against work with zuckerberg .,CNN,Neutral,OTHER
cnn say the note warn against work with virtual reality developer . wcvb say the note be anonymous and issue a general warning against work with zuckerberg .,WCVB,Neutral,OTHER
"in asia , equity be mostly steady in holidaythinned trade , with both china and japan markets shut , but in hong kong , alibaba share fall as much as 9 on worry over the status of its billionaire founder jack ma .",Alibaba,Negative,PERSON
"in asia , japan 's nikkei drop 0.7 , while south korea 's kospi slip 0.2 , weigh partly by a decline in samsung share .",Kospi,Negative,PERSON
"in asia , japan 's nikkei drop 0.7 , while south korea 's kospi slip 0.2 , weigh partly by a decline in samsung share .",Samsung,Negative,PERSON
"in asia , japan 's nikkei drop 0.7 , while south korea 's kospi slip 0.2 , weigh partly by a decline in samsung share .",Nikkei,Negative,PERSON
"nor be inflation the only problem rating agency fitch warn that the czech republic , hungary and slovakia be among the most vulnerable to a russian gas supply cutoff.nl8n2yg2g4",Fitch,Neutral,PERSON
"the slowdown "" be weigh on affordability particularly for new buyer , force some into the rental market , which then create further upside pressure on rent price , say david tinsley , senior economist at the bank of america institute .",Bank of America Institute,Neutral,OTHER
""" the scenario of a soft landing be ... extremely difficult to achieve in the environment that we be in today , "" wells fargo chief executive officer , charlie scharf , say at the conference .",Wells Fargo,Neutral,PERSON
"on monday , the benchmark sp 500 mark a more than 20 decline from its most recent record closing high , confirm a bear market begin on jan . 3 , accord to a commonly use definition .",S&P 500,Negative,OTHER
"population growth have become a hot topic in the tech industry , with tesla inc ceo elon musk say birth rate be too low to sustain the united states .",Tesla Inc,Neutral,COMPANY
rise price and a lack of hit title have add to problem for video game publisher activision blizzard inc and electronic art that be also battle supplychain delay and a shift in consumer choice due to ease lockdown .,Activision Blizzard Inc,Negative,COMPANY
rise price and a lack of hit title have add to problem for video game publisher activision blizzard inc and electronic art that be also battle supplychain delay and a shift in consumer choice due to ease lockdown .,Electronic Arts,Negative,PERSON
"since 2010 , volume growth in the electric utility sector have be stagnant at 1 per year nationally , accord to ubs analyst ross fowler .",UBS,Neutral,OTHER
"drugmaker eli lilly and co issue an apology after an impost account tweet that insulin would be free , amid political backlash and scrutiny into the high price of the medicine .",Eli Lilly and Co,Negative,OTHER
"new relic generate revenue of 786 million in fiscal year 2022 , up 18 yearoveryear , while its loss widen to 229 million from 171 million . it share have lose half of its value since november 2021 .",New Relic,Negative,PERSON
"the dow jones industrial average fall 50.35 point , or 0.15 , to 33,799.11 , the sp 500 lose 12.5 point , or 0.32 , to 3,951.44 and the nasdaq composite drop 79.10 point , or 0.72 , to 10,970.40 .",Dow Jones Industrial Average,Negative,PERSON
"the dow jones industrial average fall 50.35 point , or 0.15 , to 33,799.11 , the sp 500 lose 12.5 point , or 0.32 , to 3,951.44 and the nasdaq composite drop 79.10 point , or 0.72 , to 10,970.40 .",Nasdaq Composite,Negative,PERSON
"the dow jones industrial average fall 50.35 point , or 0.15 , to 33,799.11 , the sp 500 lose 12.5 point , or 0.32 , to 3,951.44 and the nasdaq composite drop 79.10 point , or 0.72 , to 10,970.40 .",S&P 500,Negative,OTHER
""" small business owner remain very pessimistic about the second half of the year as supply chain disruption , inflation , and the labor shortage be not ease . "" write bill dunkelberg , nfib 's chief economist at nfib .",NFIB,Neutral,OTHER
""" small business owner remain very pessimistic about the second half of the year as supply chain disruption , inflation , and the labor shortage be not ease . "" write bill dunkelberg , nfib 's chief economist at nfib .",NFIB,Neutral,OTHER
"by midday , the dow jones industrial average be down 685.76 point , or 2.24 , at 29,982.77 , and the sp 500 be down 114.83 point , or 3.03 , at 3,675.16 , with both index hit their low level since january 2021 .",Dow Jones Industrial Average,Negative,PERSON
"by midday , the dow jones industrial average be down 685.76 point , or 2.24 , at 29,982.77 , and the sp 500 be down 114.83 point , or 3.03 , at 3,675.16 , with both index hit their low level since january 2021 .",S&P 500,Negative,OTHER
"at 0839 a.m. et , dow emini be down 24 point , or 0.07 , sp 500 emini be down 8.75 point , or 0.2 , and nasdaq 100 emini be down 39 point , or 0.28 .",Nasdaq 100 e-minis,Negative,OTHER
"at 0839 a.m. et , dow emini be down 24 point , or 0.07 , sp 500 emini be down 8.75 point , or 0.2 , and nasdaq 100 emini be down 39 point , or 0.28 .",S&P 500 e-minis,Negative,OTHER
"at 0839 a.m. et , dow emini be down 24 point , or 0.07 , sp 500 emini be down 8.75 point , or 0.2 , and nasdaq 100 emini be down 39 point , or 0.28 .",Dow e-minis,Negative,OTHER
"smic drop 4 , chip equipment maker naura technology group co sink 10 by the daily limit , and hua hong semiconductor plunge 9.5 .",Hua Hong Semiconductor,Negative,PERSON
"smic drop 4 , chip equipment maker naura technology group co sink 10 by the daily limit , and hua hong semiconductor plunge 9.5 .",SMIC,Negative,OTHER
"smic drop 4 , chip equipment maker naura technology group co sink 10 by the daily limit , and hua hong semiconductor plunge 9.5 .",NAURA Technology Group Co,Negative,OTHER
"musk previously say tesla 's new factory in texas and berlin be struggle to boost production , call they "" gigantic money furnace "" which be lose billion of dollar .",Tesla,Negative,PERSON
"japan 's video game giant sony group corp and nintendo co ltd already release their result in previous week , but nonetheless appear to be affect by graphic chip maker nvidia 's overnight earning that point to weakness in the gaming market .",Nvidia,Neutral,PERSON
"japan 's video game giant sony group corp and nintendo co ltd already release their result in previous week , but nonetheless appear to be affect by graphic chip maker nvidia 's overnight earning that point to weakness in the gaming market .",Sony Group Corp,Negative,COMPANY
"japan 's video game giant sony group corp and nintendo co ltd already release their result in previous week , but nonetheless appear to be affect by graphic chip maker nvidia 's overnight earning that point to weakness in the gaming market .",Nintendo Co Ltd,Negative,COMPANY
"and even though generali see potential equity return in the next 612 month , it have still increase its underweight on the asset , cite several headwind .",Generali,Neutral,PERSON
"handelsbanken analyst karri rinta say he think it unlikely that pmi would up its bid , view the likelihood of an activist investor succeed as low .",Handelsbanken,Neutral,PERSON
"last week 's collapse of crypto exchange ftx and the result plunge in cryptocurrencie seem so far not to have taint other asset class , as regulator pick through the wreckage and investor in the digital asset look on nervously .",FTX,Negative,OTHER
"pfizer rise 2.7 after the drugmaker raise fullyear sale estimate for its covid19 vaccine , while eli lilly slip 4.6 on trim its profit forecast .",Eli Lilly,Negative,PERSON
"pfizer rise 2.7 after the drugmaker raise fullyear sale estimate for its covid19 vaccine , while eli lilly slip 4.6 on trim its profit forecast .",Pfizer,Positive,PERSON
"walmart share sink 7.6 after the retailer cut its fullyear profit forecast late on monday . walmart blame surge price for food and fuel , and say it need to cut price to pare inventory . nl4n2z63a4",Walmart,Negative,PERSON
"walmart share sink 7.6 after the retailer cut its fullyear profit forecast late on monday . walmart blame surge price for food and fuel , and say it need to cut price to pare inventory . nl4n2z63a4",Walmart,Negative,PERSON
"the warning hit share of other delivery company as well as retailer in extended trading . united parcel service drop 5 , while amazon drop 1.6 and target dip nearly 1 .",Target,Negative,PERSON
"the warning hit share of other delivery company as well as retailer in extended trading . united parcel service drop 5 , while amazon drop 1.6 and target dip nearly 1 .",United Parcel Service,Negative,PERSON
"the warning hit share of other delivery company as well as retailer in extended trading . united parcel service drop 5 , while amazon drop 1.6 and target dip nearly 1 .",Amazon,Negative,PERSON
"justify or not , the price plunge itself be problematic . first , the credit default swap selloff imply high funding cost . analyst at citigroup peg the increase at around 300 million swiss franc , equivalent to 5 of 2021 adjusted pretax profit . it could also deter trading counterpartie , imply more pain for its already lossmake investment bank . similarly , spook privatebanke client could pull asset , infect the core wealth management franchise .",Citigroup,Neutral,PERSON
"and accord to a deutsche bank survey of 475 financial professional around the world , expectation of economic contraction be indeed sharply on the rise .",Deutsche Bank,Neutral,PERSON
"the railroad ' costcutte move stoke profit but "" there be not any buffer "" for demand shock and service disruption cause by homebound shopper ' binge on exercise equipment , furniture , appliance and other good , stifel analyst ben nolan say .",Stifel,Neutral,PERSON
"share of chipmaker , which have a large exposure to china , fall in premarket trading . advanced micro devices , qualcomm , intel corp , micron technology inc and nvidia corp be down between 0.9 and 1.3 .",Nvidia Corp,Negative,COMPANY
"share of chipmaker , which have a large exposure to china , fall in premarket trading . advanced micro devices , qualcomm , intel corp , micron technology inc and nvidia corp be down between 0.9 and 1.3 .",Qualcomm,Negative,PERSON
"share of chipmaker , which have a large exposure to china , fall in premarket trading . advanced micro devices , qualcomm , intel corp , micron technology inc and nvidia corp be down between 0.9 and 1.3 .",Micron Technology Inc,Negative,COMPANY
"share of chipmaker , which have a large exposure to china , fall in premarket trading . advanced micro devices , qualcomm , intel corp , micron technology inc and nvidia corp be down between 0.9 and 1.3 .",Advanced Micro Devices,Negative,PERSON
"share of chipmaker , which have a large exposure to china , fall in premarket trading . advanced micro devices , qualcomm , intel corp , micron technology inc and nvidia corp be down between 0.9 and 1.3 .",Intel Corp,Negative,COMPANY
"the pain in the apriljune quarter come fresh after the closely watch vision fund post a record 26 billion loss in may , hit by rise interest rate and political instability that disrupt global market .",Vision Fund,Negative,PERSON
""" output and new order continue to fall with the sector still feel the repercussion of material shortage and delivery delay , "" shreeya patel , an economist at sp global , say in a statement .",S&P Global,Neutral,OTHER
"brent crude future be down 2 cent , or 0.02 , to 91.67 a barrel by 1137 a.m. edt 1537 gmt , recover from a 6.4 fall last week . u.s . west texas intermediate crude be up 4 cent , or 0.4 , at 85.57 after a 7.6 decline last week .",Brent crude futures,Negative,OTHER
"brent crude future be down 2 cent , or 0.02 , to 91.67 a barrel by 1137 a.m. edt 1537 gmt , recover from a 6.4 fall last week . u.s . west texas intermediate crude be up 4 cent , or 0.4 , at 85.57 after a 7.6 decline last week .",U.S. West Texas Intermediate crude,Positive,OTHER
"meanwhile , earning report from facebook parent meta platforms inc on wednesday and samsung electronics co ltd spur worry of a downturn after some of europe 's large bank also warn of grow risk as the economy fizzle .",Samsung Electronics Co Ltd,Negative,COMPANY
"meanwhile , earning report from facebook parent meta platforms inc on wednesday and samsung electronics co ltd spur worry of a downturn after some of europe 's large bank also warn of grow risk as the economy fizzle .",Meta Platforms Inc,Negative,COMPANY
"meanwhile , earning report from facebook parent meta platforms inc on wednesday and samsung electronics co ltd spur worry of a downturn after some of europe 's large bank also warn of grow risk as the economy fizzle .",Facebook,Negative,PERSON
"a second person say it be too early to say whether faa concern would lead to a new delay in resume delivery , which have be suspend for the past year due to production flaw .",FAA,Neutral,OTHER
""" stock market volatility be a big headwind to strategic ma . when you have stock market volatility , it be tough to have value conversation and make it hard to use stock as currency , "" say damien zoubek , cohead of u.s . corporate practice and ma at freshfields bruckhaus deringer .",Freshfields Bruckhaus Deringer,Neutral,PERSON
"european tech index slip 0.8 , while new yorklisted share of chinese firm alibaba , jd.com and pinduoduo fall nearly 1.5 each .",European tech index,Negative,OTHER
"european tech index slip 0.8 , while new yorklisted share of chinese firm alibaba , jd.com and pinduoduo fall nearly 1.5 each .",Alibaba,Negative,PERSON
"european tech index slip 0.8 , while new yorklisted share of chinese firm alibaba , jd.com and pinduoduo fall nearly 1.5 each .",JD.com,Negative,OTHER
"european tech index slip 0.8 , while new yorklisted share of chinese firm alibaba , jd.com and pinduoduo fall nearly 1.5 each .",Pinduoduo,Negative,PERSON
"in the trial , the drug be use in combination with pfizer 's establish ibrance and compare to a different group of patient on standard hormone therapy .",Pfizer,Neutral,PERSON
"in the trial , the drug be use in combination with pfizer 's establish ibrance and compare to a different group of patient on standard hormone therapy .",Ibrance,Neutral,PERSON
"for a start , it would be difficult for investor to get any more bearish . bank of america 's ' bull bear ' have be at "" max bearish "" for an unprecedented four week in a row and , accord to the bank 's strategist , investor with traditional "" 6040 "" portfolio be face the bad return this year for a century .",Bank of America,Neutral,OTHER
"last week , the nasdaq composite flirt with its bearmarket low . in fact , on thursday , it end down 35.6 from its nov . 19 , 2021 record finish .",Nasdaq Composite,Negative,PERSON
""" the recent recovery in oil import falter in september , "" anz analyst say in a note , add that independent refiner fail to utilise increase quota as ongoing covidrelated lockdown weigh on demand .",ANZ,Neutral,OTHER
"just 2.6 million square foot 241,548 square metre of space be let in the third quarter , 30 down from the second quarter and 14 below the 10year quarterly average , cbre say .",CBRE,Negative,OTHER
"deutsche , which have face sting criticism from some investor and politician for its ongoing tie to russia , announce late on friday that it would wind down its business there . nl2n2vh0b1",Deutsche,Negative,PERSON
oil major exxon mobil corp and chevron corp rise about 0.2 each in premarket trading after crude price extend their rally on fear of tight global supply . or,Chevron Corp,Positive,COMPANY
oil major exxon mobil corp and chevron corp rise about 0.2 each in premarket trading after crude price extend their rally on fear of tight global supply . or,Exxon Mobil Corp,Positive,COMPANY
"cifis plight be particularly alarming . it manage to avoid default on any of its publiclytraded debt , and even pay an interest payment for an offshore bond due in 2024 . that bond , though , rally to 60 cent on the dollar last month , but now trade at just 28 cent . cifis chairman have also flag that the company be not able to tap its 4.1 billion of cash on its balance sheet due to government control on its escrow account . the strong part of the property market be weaken , and fast . by yawen chen",CIFI,Negative,OTHER
"cifis plight be particularly alarming . it manage to avoid default on any of its publiclytraded debt , and even pay an interest payment for an offshore bond due in 2024 . that bond , though , rally to 60 cent on the dollar last month , but now trade at just 28 cent . cifis chairman have also flag that the company be not able to tap its 4.1 billion of cash on its balance sheet due to government control on its escrow account . the strong part of the property market be weaken , and fast . by yawen chen",CIFI,Negative,OTHER
"ubs ' small crosstown rival credit suisse , which report earning on wednesday , have warn of a likely secondquarter loss . analyst on average expect the bank to report a loss of 60 u.s . cent per share . nl8n2xv0fz nl8n2z60fd",Credit Suisse,Negative,PERSON
"ubs ' small crosstown rival credit suisse , which report earning on wednesday , have warn of a likely secondquarter loss . analyst on average expect the bank to report a loss of 60 u.s . cent per share . nl8n2xv0fz nl8n2z60fd",UBS,Neutral,OTHER
an official at a large hyundai supplier who have speak to senior official at the company tell reuter that the automaker be catch off guard by the law .,Hyundai,Negative,PERSON
an official at a large hyundai supplier who have speak to senior official at the company tell reuter that the automaker be catch off guard by the law .,Reuters,Neutral,PERSON
medical diagnostic firm dr . lal pathlabs ltd on tuesday report a 24.5 drop in september quarter profit as a sustained decline in revenue and volume from its covid19 relate business and high expense weigh .,Dr. Lal PathLabs Ltd,Negative,COMPANY
"cme emini nasdaq 100 future be off around 2 in premarket trade wednesday , after disappointing result from technologygiant microsoft , as well as alphabet , spark loss in other megacap company and raise fear of slow economic growth . .n",CME e-mini Nasdaq 100 futures,Negative,OTHER
"cme emini nasdaq 100 future be off around 2 in premarket trade wednesday , after disappointing result from technologygiant microsoft , as well as alphabet , spark loss in other megacap company and raise fear of slow economic growth . .n",Microsoft,Negative,PERSON
"cme emini nasdaq 100 future be off around 2 in premarket trade wednesday , after disappointing result from technologygiant microsoft , as well as alphabet , spark loss in other megacap company and raise fear of slow economic growth . .n",Alphabet,Negative,PERSON
his exit come as facebook face a host of regulatory challenge in the country where prime minister narendra modi 's administration have be tighten law govern big tech company .,Facebook,Negative,PERSON
"nigeria have allege jpmorgan be "" grossly negligent "" in its transfer of fund pay by the energy major to a company link to the country 's disgrace former oil minister dan etete , as per instruction receive from nigerian government official .",JPMorgan,Negative,OTHER
"with hotter weather come , refinitiv project average u.s . gas demand , include export , would rise from 92.8 bcfd this week to 95.5 bcfd next week . those forecast be low than refinitiv 's outlook on tuesday .",Refinitiv,Neutral,PERSON
"with hotter weather come , refinitiv project average u.s . gas demand , include export , would rise from 92.8 bcfd this week to 95.5 bcfd next week . those forecast be low than refinitiv 's outlook on tuesday .",Refinitiv,Neutral,PERSON
verizon share fall as much as 6 to nearly fiveyear low of 44.64 . they close down about 3 low in the prior session when rival att warn some of its customer be delay bill payment . att share be trade nearly 2 low .,AT&T,Negative,OTHER
verizon share fall as much as 6 to nearly fiveyear low of 44.64 . they close down about 3 low in the prior session when rival att warn some of its customer be delay bill payment . att share be trade nearly 2 low .,Verizon,Negative,PERSON
verizon share fall as much as 6 to nearly fiveyear low of 44.64 . they close down about 3 low in the prior session when rival att warn some of its customer be delay bill payment . att share be trade nearly 2 low .,AT&T,Negative,OTHER
""" we deplore russia 's military action that violate the territorial integrity of ukraine and endanger its people , "" exxon say . ford say in its condemnation "" the situation have compel we to reassess our operation in russia . """,Ford,Neutral,PERSON
""" we deplore russia 's military action that violate the territorial integrity of ukraine and endanger its people , "" exxon say . ford say in its condemnation "" the situation have compel we to reassess our operation in russia . """,Exxon,Neutral,PERSON
""" anytime you have a government who be basically change their mind , it be very hard to plan and you have to have a risk premium on uk asset because of the uncertainty , "" say patrick armstrong , chief investment officer at plurimi wealth .",Plurimi Wealth,Neutral,PERSON
"the dow jones industrial average rise 0.27 by 130 p.m. et 1730 gmt . the sp 500 lose 0.44 and the nasdaq composite drop 1.69 , drag by disappointing earning and warning from microsoft and alphabet .",S&P 500,Negative,OTHER
"the dow jones industrial average rise 0.27 by 130 p.m. et 1730 gmt . the sp 500 lose 0.44 and the nasdaq composite drop 1.69 , drag by disappointing earning and warning from microsoft and alphabet .",Alphabet,Negative,PERSON
"the dow jones industrial average rise 0.27 by 130 p.m. et 1730 gmt . the sp 500 lose 0.44 and the nasdaq composite drop 1.69 , drag by disappointing earning and warning from microsoft and alphabet .",Dow Jones Industrial Average,Positive,PERSON
"the dow jones industrial average rise 0.27 by 130 p.m. et 1730 gmt . the sp 500 lose 0.44 and the nasdaq composite drop 1.69 , drag by disappointing earning and warning from microsoft and alphabet .",Nasdaq Composite,Negative,PERSON
"the dow jones industrial average rise 0.27 by 130 p.m. et 1730 gmt . the sp 500 lose 0.44 and the nasdaq composite drop 1.69 , drag by disappointing earning and warning from microsoft and alphabet .",Microsoft,Negative,PERSON
"the sp 500 slump about 2.4 in the prior three session and recently join the dow , nasdaq and russell 2000 in form a "" death cross "" technical pattern , when a shortterm move average crosse below a longerterm move average , which some investor believe signal more nearterm weakness be likely . nl2n2vi1wc",Russell 2000,Negative,OTHER
"the sp 500 slump about 2.4 in the prior three session and recently join the dow , nasdaq and russell 2000 in form a "" death cross "" technical pattern , when a shortterm move average crosse below a longerterm move average , which some investor believe signal more nearterm weakness be likely . nl2n2vi1wc",S&P 500,Negative,OTHER
"the sp 500 slump about 2.4 in the prior three session and recently join the dow , nasdaq and russell 2000 in form a "" death cross "" technical pattern , when a shortterm move average crosse below a longerterm move average , which some investor believe signal more nearterm weakness be likely . nl2n2vi1wc",Dow,Negative,PERSON
"the sp 500 slump about 2.4 in the prior three session and recently join the dow , nasdaq and russell 2000 in form a "" death cross "" technical pattern , when a shortterm move average crosse below a longerterm move average , which some investor believe signal more nearterm weakness be likely . nl2n2vi1wc",Nasdaq,Negative,PERSON
"plaintiff have score some significant trial victory against pharmacy chain , include a 650.6 million judgment in favor of two ohio county against cvs , walgreen boot alliance and walmart , and a ruling that walgreen contribute to the opioid epidemic in san francisco .",Walgreens,Negative,PERSON
"plaintiff have score some significant trial victory against pharmacy chain , include a 650.6 million judgment in favor of two ohio county against cvs , walgreen boot alliance and walmart , and a ruling that walgreen contribute to the opioid epidemic in san francisco .",Walmart,Negative,PERSON
"plaintiff have score some significant trial victory against pharmacy chain , include a 650.6 million judgment in favor of two ohio county against cvs , walgreen boot alliance and walmart , and a ruling that walgreen contribute to the opioid epidemic in san francisco .",CVS,Negative,OTHER
"plaintiff have score some significant trial victory against pharmacy chain , include a 650.6 million judgment in favor of two ohio county against cvs , walgreen boot alliance and walmart , and a ruling that walgreen contribute to the opioid epidemic in san francisco .",Walgreens Boots Alliance,Negative,PERSON
""" a recession be go to materially impact wework 's operation because sme small and mediumsize enterprise be go to cut cost . this may lead to an increase in wfh workfromhome setup , "" third bridge analyst max georgiou say .",WeWork,Negative,OTHER
""" a recession be go to materially impact wework 's operation because sme small and mediumsize enterprise be go to cut cost . this may lead to an increase in wfh workfromhome setup , "" third bridge analyst max georgiou say .",Third Bridge,Neutral,PERSON
"the sp 500 , for instance , have fall as low as 23.6 from its january record high this year , in line with the 24 median decline the index have register in past recession , indicate that "" at least some of the challenge environment be reflect in stock price , "" keith lerner , cochief investment officer at truist advisory service , say in a report .",S&P 500,Negative,OTHER
"the sp 500 , for instance , have fall as low as 23.6 from its january record high this year , in line with the 24 median decline the index have register in past recession , indicate that "" at least some of the challenge environment be reflect in stock price , "" keith lerner , cochief investment officer at truist advisory service , say in a report .",Truist Advisory Services,Neutral,PERSON
"british commercial property firm land security slump to a halfyear loss , as property valuation fall due to surge interest rate and inflation , while vodafone cut its fullyear free cash flow forecast and say earning would come in towards the bottom of its range .",Land Securities,Negative,PERSON
"british commercial property firm land security slump to a halfyear loss , as property valuation fall due to surge interest rate and inflation , while vodafone cut its fullyear free cash flow forecast and say earning would come in towards the bottom of its range .",Vodafone,Negative,PERSON
""" yesterday 's news about apple suspend its production increase cause the market to factor in a global recession , "" tokai tokyo research institute senior strategist takashi nakamura say .",Apple,Neutral,PERSON
""" yesterday 's news about apple suspend its production increase cause the market to factor in a global recession , "" tokai tokyo research institute senior strategist takashi nakamura say .",Tokai Tokyo Research Institute,Neutral,PERSON
"the dji be last up 3.42 this month , while the sp 500 have rise 2.21 . however , as stand , the nasdaq be down 0.04 for the month .",Nasdaq,Negative,PERSON
"the dji be last up 3.42 this month , while the sp 500 have rise 2.21 . however , as stand , the nasdaq be down 0.04 for the month .",DJI,Positive,OTHER
"the dji be last up 3.42 this month , while the sp 500 have rise 2.21 . however , as stand , the nasdaq be down 0.04 for the month .",S&P 500,Positive,OTHER
"late on tuesday , united airlines say it have temporarily suspend fly over russian airspace , join other major u.s . carrier who have take the step after russia 's invasion of ukraine .",United Airlines,Neutral,PERSON
"share of tower semiconductor , which agree in february to sell itself to intel corp for 5.4 billion , be down 4 on wednesday afternoon at 41.31 , a significant discount to the 53 per share deal price , reflect doubt among investor over whether the transaction will be complete .",Intel Corp,Neutral,COMPANY
"share of tower semiconductor , which agree in february to sell itself to intel corp for 5.4 billion , be down 4 on wednesday afternoon at 41.31 , a significant discount to the 53 per share deal price , reflect doubt among investor over whether the transaction will be complete .",Tower Semiconductor,Negative,PERSON
"sp say the insurance sector likely to be most impact be aviation , trade credit , political risk such as nationalisation , cyber , political violence and marine war .",S&P,Neutral,OTHER
"walmart , a bellwether for the retail sector that cater to costconscious shopper , say its fullyear profit would decline 11 to 13 , compare to the 1 fall it previously forecast nl4n2z63a4",Walmart,Negative,PERSON
""" there be still some uncertainty base on whether or not elon can find the actual financing to do the deal , "" say randy frederick , manage director of trading and derivative for the schwab center .",Schwab Center,Neutral,PERSON
"musk say last month that tesla 's new factory in texas and berlin be "" lose billion of dollar "" as they struggle to increase production because of a shortage of battery and chinese port issue . nl1n2y92yn",Tesla,Negative,PERSON
"jeff walczak , ceo at ground contractor consultancy etruckbiz.com , say 2025 of his client be struggle to turn a profit about double the normal rate .",eTruckBiz.com,Neutral,OTHER
""" the market believe that the fed will get inflation under control at the expense of the economy . the question be will they achieve this through a soft landing or a hard landing . """,Fed,Neutral,PERSON
"add to tuesday 's gloom be the international monetary fund forecast for global real gdp growth of 3.2 in 2022 , down from its 3.6 forecast issue in april , with downside risk from high inflation and the ukraine war potentially push the world economy to the brink of recession . nl1n2z60z2",International Monetary Fund,Neutral,PERSON
"once with 36 billion in asset , archego collapse in march 2021 when it be catch short after make huge bet on stock through security know as total return swap . that spark a fire sale in stock , result in large loss for credit suisse group ag , nomura holdings inc and other bank .",Credit Suisse Group AG,Negative,OTHER
"once with 36 billion in asset , archego collapse in march 2021 when it be catch short after make huge bet on stock through security know as total return swap . that spark a fire sale in stock , result in large loss for credit suisse group ag , nomura holdings inc and other bank .",Nomura Holdings Inc,Negative,COMPANY
"once with 36 billion in asset , archego collapse in march 2021 when it be catch short after make huge bet on stock through security know as total return swap . that spark a fire sale in stock , result in large loss for credit suisse group ag , nomura holdings inc and other bank .",Archegos,Negative,PERSON
wall street 's main index be low thursday after gloomy forecast from meta and qualcomm and an early gdp read that show the u.s . economy contract again in the second quarter . .n,Qualcomm,Negative,PERSON
wall street 's main index be low thursday after gloomy forecast from meta and qualcomm and an early gdp read that show the u.s . economy contract again in the second quarter . .n,Meta,Negative,PERSON
"investor closely await a crucial supply decision from opec due later wednesday , which could have global implication for already high energy price and inflation .",OPEC+,Neutral,OTHER
"accord to the late epfr datum , capital have be flow out of european equity for six week in a row as the war in ukraine prompt investor to pull out .",EPFR,Neutral,OTHER
"the minute also show that fed official see "" little evidence "" late last month that u.s . inflation pressure be ease , and that participant say it may take long than anticipate for inflation to dissipate . nl1n2zt0wb",Fed,Neutral,PERSON
the standoff between u.s . railroad operator and their union worker disrupt flow of hazardous material such as chemical use in fertilizer and disrupt u.s . passenger railroad amtrak service in september as railroad prepare for a possible work stoppage .,Amtrak,Negative,PERSON
"lowcost carrier frontier group holdings inc have decline to far raise its bid for takeover target spirit airlines inc , potentially draw curtain on its monthslong bid war with jetblue airways corp . nl4n2ys2ef",Spirit Airlines Inc,Neutral,COMPANY
"lowcost carrier frontier group holdings inc have decline to far raise its bid for takeover target spirit airlines inc , potentially draw curtain on its monthslong bid war with jetblue airways corp . nl4n2ys2ef",JetBlue Airways Corp,Neutral,COMPANY
"lowcost carrier frontier group holdings inc have decline to far raise its bid for takeover target spirit airlines inc , potentially draw curtain on its monthslong bid war with jetblue airways corp . nl4n2ys2ef",Frontier Group Holdings Inc,Neutral,COMPANY
""" the recent surge in mortgage rate have shut most borrower out of rateterm refinance , cause the refinance index to fall for the sixth consecutive week , "" say joel kan , associate vice president of economic and industry forecasting at mba . "" in a housing market face affordability challenge and low inventory , high rate be cause a pullback or delay in home purchase demand as well . """,MBA,Neutral,OTHER
"morgan stanley join rival , jpmorgan chase and co and well fargo co who also report a similar hit to their quarterly profit on friday amid an uncertain economic condition that have lead bank to build rainy day fund .",JPMorgan Chase and Co,Negative,OTHER
"morgan stanley join rival , jpmorgan chase and co and well fargo co who also report a similar hit to their quarterly profit on friday amid an uncertain economic condition that have lead bank to build rainy day fund .",Morgan Stanley,Negative,PERSON
"morgan stanley join rival , jpmorgan chase and co and well fargo co who also report a similar hit to their quarterly profit on friday amid an uncertain economic condition that have lead bank to build rainy day fund .",Well Fargo & Co,Negative,OTHER
epic game have largely lose a trial last year over whether apple 's payment rule for app be anticompetitive . that decision find apple have suitable reason to force some app maker such as epic to use its payment system and take commission of 15 to 30 on their sale .,Apple,Positive,PERSON
epic game have largely lose a trial last year over whether apple 's payment rule for app be anticompetitive . that decision find apple have suitable reason to force some app maker such as epic to use its payment system and take commission of 15 to 30 on their sale .,Epic,Negative,PERSON
epic game have largely lose a trial last year over whether apple 's payment rule for app be anticompetitive . that decision find apple have suitable reason to force some app maker such as epic to use its payment system and take commission of 15 to 30 on their sale .,Apple,Positive,PERSON
epic game have largely lose a trial last year over whether apple 's payment rule for app be anticompetitive . that decision find apple have suitable reason to force some app maker such as epic to use its payment system and take commission of 15 to 30 on their sale .,Epic Games,Negative,PERSON
"when it come to offer advice on merger , meanwhile , lowreturne european bank struggle to match the salary rainmaker can earn at u.s . firm or boutique like robey warshaw , centerview partner , evercore and other .",Centerview Partners,Neutral,PERSON
"when it come to offer advice on merger , meanwhile , lowreturne european bank struggle to match the salary rainmaker can earn at u.s . firm or boutique like robey warshaw , centerview partner , evercore and other .",Evercore,Neutral,PERSON
"when it come to offer advice on merger , meanwhile , lowreturne european bank struggle to match the salary rainmaker can earn at u.s . firm or boutique like robey warshaw , centerview partner , evercore and other .",Robey Warshaw,Neutral,PERSON
"while executive and analyst debate the impact of the slow growth in the cloud market , super micro computer inc . , which specialize in customize server for new technology , say development such as selfdrive car and the metaverse be still bring new wave of demand .",Super Micro Computer Inc,Neutral,COMPANY
the ftc file a lawsuit in 2020 ask a court to undo thenfacebook 's acquisition of instagram for 1 billion in 2012 and whatsapp for 19 billion in 2014 . it say that the company act illegally to maintain its social network monopoly . report by diane bartz edit by bill berkrot diane.bartzthomsonreuters.com ; 1 202 898 8313 ;,Instagram,Neutral,PERSON
the ftc file a lawsuit in 2020 ask a court to undo thenfacebook 's acquisition of instagram for 1 billion in 2012 and whatsapp for 19 billion in 2014 . it say that the company act illegally to maintain its social network monopoly . report by diane bartz edit by bill berkrot diane.bartzthomsonreuters.com ; 1 202 898 8313 ;,FTC,Neutral,OTHER
the ftc file a lawsuit in 2020 ask a court to undo thenfacebook 's acquisition of instagram for 1 billion in 2012 and whatsapp for 19 billion in 2014 . it say that the company act illegally to maintain its social network monopoly . report by diane bartz edit by bill berkrot diane.bartzthomsonreuters.com ; 1 202 898 8313 ;,WhatsApp,Neutral,OTHER
the ftc file a lawsuit in 2020 ask a court to undo thenfacebook 's acquisition of instagram for 1 billion in 2012 and whatsapp for 19 billion in 2014 . it say that the company act illegally to maintain its social network monopoly . report by diane bartz edit by bill berkrot diane.bartzthomsonreuters.com ; 1 202 898 8313 ;,Facebook,Negative,PERSON
"with hotter weather expect , refinitiv project that average u.s . gas demand include export would rise from 98.9 bcfd this week to 100.8 bcfd next week before slide to 99.2 bcfd in two week as heat start to ease . refinitiv 's forecast for this week and next be low than on thursday .",Refinitiv,Neutral,PERSON
"with hotter weather expect , refinitiv project that average u.s . gas demand include export would rise from 98.9 bcfd this week to 100.8 bcfd next week before slide to 99.2 bcfd in two week as heat start to ease . refinitiv 's forecast for this week and next be low than on thursday .",Refinitiv,Neutral,PERSON
"restaurant across the united states have be struggle to staff their outlet adequately amid a tight labor market , which lead to a decline in domino 's pizza inc and yum brand ' pizza hut quarterly sale .",Domino's Pizza Inc,Negative,COMPANY
"restaurant across the united states have be struggle to staff their outlet adequately amid a tight labor market , which lead to a decline in domino 's pizza inc and yum brand ' pizza hut quarterly sale .",Yum Brands' Pizza Hut,Negative,OTHER
"a first batch of earning result have not help much either . amongst london blue chip , admiral be the top faller , down 8.1 after small peer insurer sabre profit warning . sabre share be down 36 .",Admiral,Negative,PERSON
"a first batch of earning result have not help much either . amongst london blue chip , admiral be the top faller , down 8.1 after small peer insurer sabre profit warning . sabre share be down 36 .",Sabre,Negative,PERSON
"a first batch of earning result have not help much either . amongst london blue chip , admiral be the top faller , down 8.1 after small peer insurer sabre profit warning . sabre share be down 36 .",Sabre,Negative,PERSON
"top u.s . bank , include jpmorgan chase , citigroup , goldman sachs , and morgan stanley , shed 35 in premarket trade . that be a heavy fall than the broad market , where future track the sp be down 2.6 . nl4n2uz3fz",Goldman Sachs,Negative,PERSON
"top u.s . bank , include jpmorgan chase , citigroup , goldman sachs , and morgan stanley , shed 35 in premarket trade . that be a heavy fall than the broad market , where future track the sp be down 2.6 . nl4n2uz3fz",Citigroup,Negative,PERSON
"top u.s . bank , include jpmorgan chase , citigroup , goldman sachs , and morgan stanley , shed 35 in premarket trade . that be a heavy fall than the broad market , where future track the sp be down 2.6 . nl4n2uz3fz",Morgan Stanley,Negative,PERSON
"top u.s . bank , include jpmorgan chase , citigroup , goldman sachs , and morgan stanley , shed 35 in premarket trade . that be a heavy fall than the broad market , where future track the sp be down 2.6 . nl4n2uz3fz",JPMorgan & Chase,Negative,OTHER
"top u.s . bank , include jpmorgan chase , citigroup , goldman sachs , and morgan stanley , shed 35 in premarket trade . that be a heavy fall than the broad market , where future track the sp be down 2.6 . nl4n2uz3fz",S&P,Negative,OTHER
"online british supermarket group ocado , germany 's mealkit delivery firm hellofresh and food delivery company delivery hero which emerge as european stayathome champion in the early day of the pandemic have underperform the paneuropean stoxx 600 so far in 2022 .",STOXX 600,Neutral,OTHER
"online british supermarket group ocado , germany 's mealkit delivery firm hellofresh and food delivery company delivery hero which emerge as european stayathome champion in the early day of the pandemic have underperform the paneuropean stoxx 600 so far in 2022 .",Ocado,Negative,PERSON
"online british supermarket group ocado , germany 's mealkit delivery firm hellofresh and food delivery company delivery hero which emerge as european stayathome champion in the early day of the pandemic have underperform the paneuropean stoxx 600 so far in 2022 .",Delivery Hero,Negative,PERSON
"online british supermarket group ocado , germany 's mealkit delivery firm hellofresh and food delivery company delivery hero which emerge as european stayathome champion in the early day of the pandemic have underperform the paneuropean stoxx 600 so far in 2022 .",HelloFresh,Negative,OTHER
"lyft forecast secondquarter revenue below wall street expectation and share fall 26 in afterhours trade . share of rival uber technologies inc , which report its own result on wednesday , fall 11 .",Lyft,Negative,PERSON
"lyft forecast secondquarter revenue below wall street expectation and share fall 26 in afterhours trade . share of rival uber technologies inc , which report its own result on wednesday , fall 11 .",Uber Technologies Inc,Negative,COMPANY
tripadvisor inc lose 2.50 after the hotel search website operator post a surprise fourthquarter loss . albemarle corp plunge 19.91 as the lithium producer forecast downbeat annual earning . nl4n2ur440,Albemarle Corp,Negative,COMPANY
tripadvisor inc lose 2.50 after the hotel search website operator post a surprise fourthquarter loss . albemarle corp plunge 19.91 as the lithium producer forecast downbeat annual earning . nl4n2ur440,TripAdvisor Inc,Negative,COMPANY
"in 2021 , trecora 's stock price gain 15 but lag the broad russell 3000 index which climb 25.6 last year . over the last five year , trecora 's stock price have fall 33.52 .",Trecora,Positive,PERSON
"in 2021 , trecora 's stock price gain 15 but lag the broad russell 3000 index which climb 25.6 last year . over the last five year , trecora 's stock price have fall 33.52 .",Russell 3000 Index,Positive,OTHER
"in 2021 , trecora 's stock price gain 15 but lag the broad russell 3000 index which climb 25.6 last year . over the last five year , trecora 's stock price have fall 33.52 .",Trecora,Negative,PERSON
the sector have be crush by disappointing earning from retailer include target and walmart and even with wednesday 's gain be last 7.8 below its last close before target 's may 18 report trigger the selloff . nl3n2xa1xu,Target,Negative,PERSON
the sector have be crush by disappointing earning from retailer include target and walmart and even with wednesday 's gain be last 7.8 below its last close before target 's may 18 report trigger the selloff . nl3n2xa1xu,Target,Negative,PERSON
the sector have be crush by disappointing earning from retailer include target and walmart and even with wednesday 's gain be last 7.8 below its last close before target 's may 18 report trigger the selloff . nl3n2xa1xu,Walmart,Negative,PERSON
""" look ahead , industrial production will have a relatively tough time grow in an economic environment of high inflation , rise interest rate , persistent supply chain problem , and weaken domestic demand , "" say oren klachkin , lead u.s . economist at oe .",OE,Neutral,OTHER
"of course , crypto be hardly alone in fly through heavy 2022 turbulence . the stock market officially dip into bear territory early in june c the sp 500 be down more than 19 yeartodate as of wednesday , and the nasdaq be down more than 28 over that time frame .",Nasdaq,Negative,PERSON
"of course , crypto be hardly alone in fly through heavy 2022 turbulence . the stock market officially dip into bear territory early in june c the sp 500 be down more than 19 yeartodate as of wednesday , and the nasdaq be down more than 28 over that time frame .",S&P 500,Negative,OTHER
"still , the news send brenntag share down some 9 on monday . a deal would be big than the bolton transaction expect by investor and may require some equity issuance . any megadeal look risky on the eve of a downturn . and give the healthy u.s . market , there s a risk brenntag get stuck in a bidding war c or end up overpay . by neil unmack",Brenntag,Negative,PERSON
"still , the news send brenntag share down some 9 on monday . a deal would be big than the bolton transaction expect by investor and may require some equity issuance . any megadeal look risky on the eve of a downturn . and give the healthy u.s . market , there s a risk brenntag get stuck in a bidding war c or end up overpay . by neil unmack",Brenntag,Negative,PERSON
"new york , sept 12 reuter wall street advance to twoweek high on monday with few impediment to thwart a threeday win streak as investor await crucial inflation datum .",Reuters,Neutral,PERSON
"the spill halt operation of two pipeline that bring oil from several production facility off the louisiana coast , curtail about 600,000 barrel per day of output from shell , chevron corp and equinor , accord to two people familiar with offshore operation .",Chevron Corp,Negative,COMPANY
"the spill halt operation of two pipeline that bring oil from several production facility off the louisiana coast , curtail about 600,000 barrel per day of output from shell , chevron corp and equinor , accord to two people familiar with offshore operation .",Shell,Negative,PERSON
"the spill halt operation of two pipeline that bring oil from several production facility off the louisiana coast , curtail about 600,000 barrel per day of output from shell , chevron corp and equinor , accord to two people familiar with offshore operation .",Equinor,Negative,PERSON
"but the abu dhabi index close 0.7 low , hit by a 2 slump in the country 's large lender first abu dhabi bank and a 0.2 drop in conglomerate international hold company .",International Holding Company,Negative,PERSON
"but the abu dhabi index close 0.7 low , hit by a 2 slump in the country 's large lender first abu dhabi bank and a 0.2 drop in conglomerate international hold company .",First Abu Dhabi Bank,Negative,PERSON
"but the abu dhabi index close 0.7 low , hit by a 2 slump in the country 's large lender first abu dhabi bank and a 0.2 drop in conglomerate international hold company .",Abu Dhabi index,Negative,OTHER
"disney 's streaming effort be still lose money , report a loss of 1.1 billion for the quarter . that put a drag on the medium and entertainment unit , whose profit decline by 32 to nearly 1.4 billion .",Disney,Negative,PERSON
"russianexpose stock try to rebound but overall the picture be mixed , show investor still lack conviction , while poorlyreceived earning update from the like of flutter , hellofresh and zalando add some gloom .",Hellofresh,Negative,PERSON
"russianexpose stock try to rebound but overall the picture be mixed , show investor still lack conviction , while poorlyreceived earning update from the like of flutter , hellofresh and zalando add some gloom .",Flutter,Negative,PERSON
"russianexpose stock try to rebound but overall the picture be mixed , show investor still lack conviction , while poorlyreceived earning update from the like of flutter , hellofresh and zalando add some gloom .",Zalando,Negative,PERSON
"the company also drag down share of other insure include admiral group and direct line insurance , which tumble 12 and 7 , respectively .",Direct Line Insurance,Negative,PERSON
"the company also drag down share of other insure include admiral group and direct line insurance , which tumble 12 and 7 , respectively .",Admiral Group,Negative,PERSON
"crowdstrike 's share sink nearly 19 in morning trading after the company forecast currentquarter revenue on tuesday that fall short of analyst ' estimate , while peer zscaler inc , sentinelone inc and palo alto networks inc fall between 2 and 11 .",Palo Alto Networks Inc,Negative,COMPANY
"crowdstrike 's share sink nearly 19 in morning trading after the company forecast currentquarter revenue on tuesday that fall short of analyst ' estimate , while peer zscaler inc , sentinelone inc and palo alto networks inc fall between 2 and 11 .",SentinelOne Inc,Negative,COMPANY
"crowdstrike 's share sink nearly 19 in morning trading after the company forecast currentquarter revenue on tuesday that fall short of analyst ' estimate , while peer zscaler inc , sentinelone inc and palo alto networks inc fall between 2 and 11 .",Zscaler Inc,Negative,COMPANY
"crowdstrike 's share sink nearly 19 in morning trading after the company forecast currentquarter revenue on tuesday that fall short of analyst ' estimate , while peer zscaler inc , sentinelone inc and palo alto networks inc fall between 2 and 11 .",Crowdstrike,Negative,PERSON
"shell say in response to the announcement that "" the energy sector need to have confidence that there will now be a stable investment climate follow a period of considerable uncertainty "" .",Shell,Neutral,PERSON
"share of small electricvehicle maker include rivian automotive inc , fisker inc and lucid group be also down between 2.7 and 6.8 in early trading .",Rivian Automotive Inc,Negative,COMPANY
"share of small electricvehicle maker include rivian automotive inc , fisker inc and lucid group be also down between 2.7 and 6.8 in early trading .",Lucid Group,Negative,PERSON
"share of small electricvehicle maker include rivian automotive inc , fisker inc and lucid group be also down between 2.7 and 6.8 in early trading .",Fisker Inc,Negative,COMPANY
"the report offset some of the gloom that be surround earning from tech and growth company this week , include a weakerthanexpecte holidayquarter sale forecast from amazon.com late thursday and a more than 9 drop in its share on friday .",Amazon.com,Negative,OTHER
""" the sentiment datum have be slide sideways as consumer try to reconcile solid economic and labor market condition against expectation of a recession and harmful inflation , "" say thomas simons , an economist at jefferies llc .",Jefferies LLC,Neutral,OTHER
"hca slump 19 after report a downbeat profit view , while other hospital operator feel the contagion tenet healthcare , community health system and universal health service fall between 12.9 and 18.8 .",Community Health Systems,Negative,PERSON
"hca slump 19 after report a downbeat profit view , while other hospital operator feel the contagion tenet healthcare , community health system and universal health service fall between 12.9 and 18.8 .",Tenet Healthcare,Negative,PERSON
"hca slump 19 after report a downbeat profit view , while other hospital operator feel the contagion tenet healthcare , community health system and universal health service fall between 12.9 and 18.8 .",Universal Health Services,Negative,PERSON
"hca slump 19 after report a downbeat profit view , while other hospital operator feel the contagion tenet healthcare , community health system and universal health service fall between 12.9 and 18.8 .",HCA,Negative,OTHER
california make a full stop demand on teslas fsd california regulator have accuse tesla of falsely advertise that its autopilot and full self drive fsd technology be equivalent to autonomous vehicle control .,Tesla,Negative,PERSON
california make a full stop demand on teslas fsd california regulator have accuse tesla of falsely advertise that its autopilot and full self drive fsd technology be equivalent to autonomous vehicle control .,Tesla,Negative,PERSON
""" with a gap of 8 billion between liability and asset , when ftx be insolvent , it will trigger a domino effect , which will lead to a series of investor relate to ftx go bankrupt or be force to sell asset . """,FTX,Negative,OTHER
""" with a gap of 8 billion between liability and asset , when ftx be insolvent , it will trigger a domino effect , which will lead to a series of investor relate to ftx go bankrupt or be force to sell asset . """,FTX,Negative,OTHER
"the philadelphia semiconductor index be drop 2.8 , down for a second straight session . follow a hefty rebound since the start of july , the sox remain off 24 in 2022 , with many investor speculate the chip industry be head for its first revenue downturn since 2019 .",SOX,Negative,OTHER
"the philadelphia semiconductor index be drop 2.8 , down for a second straight session . follow a hefty rebound since the start of july , the sox remain off 24 in 2022 , with many investor speculate the chip industry be head for its first revenue downturn since 2019 .",Philadelphia semiconductor index,Negative,OTHER
"the same can be say of decision on how to treat chinese stateaffiliate twitter account , give the countrys outsize importance to tesla operation . the car company controversial 2016 acquisition of solar panel installer solarcity , where musk also sit on the board , even justify some degree of fear about a twitter deal . tesla shareholder can be forgive any doomscrolling .",Twitter,Neutral,PERSON
"the same can be say of decision on how to treat chinese stateaffiliate twitter account , give the countrys outsize importance to tesla operation . the car company controversial 2016 acquisition of solar panel installer solarcity , where musk also sit on the board , even justify some degree of fear about a twitter deal . tesla shareholder can be forgive any doomscrolling .",Tesla,Neutral,PERSON
"the same can be say of decision on how to treat chinese stateaffiliate twitter account , give the countrys outsize importance to tesla operation . the car company controversial 2016 acquisition of solar panel installer solarcity , where musk also sit on the board , even justify some degree of fear about a twitter deal . tesla shareholder can be forgive any doomscrolling .",Twitter,Neutral,PERSON
"the same can be say of decision on how to treat chinese stateaffiliate twitter account , give the countrys outsize importance to tesla operation . the car company controversial 2016 acquisition of solar panel installer solarcity , where musk also sit on the board , even justify some degree of fear about a twitter deal . tesla shareholder can be forgive any doomscrolling .",SolarCity,Neutral,OTHER
"the same can be say of decision on how to treat chinese stateaffiliate twitter account , give the countrys outsize importance to tesla operation . the car company controversial 2016 acquisition of solar panel installer solarcity , where musk also sit on the board , even justify some degree of fear about a twitter deal . tesla shareholder can be forgive any doomscrolling .",Tesla,Neutral,PERSON
"estee lauder cos inc slip 1.2 as it forecast fullyear sale and profit below estimate , due to a hit from pandemicrelated lockdown in china . nl4n2zu23o report by bansari mayur kamdar and devik jain in bengaluru ; edit by shounak dasgupta bansarimayur.kamdarthomsonreuters.com",Estee Lauder Cos Inc,Negative,COMPANY
"even before the suit , demand for lbc be falter . after hit a high of 160 in 2016 , lbcs value have since fall to about two cent .",LBC,Negative,OTHER
"even before the suit , demand for lbc be falter . after hit a high of 160 in 2016 , lbcs value have since fall to about two cent .",LBC,Negative,OTHER
"investor also fret about the health of major cryptocurrency exchange ftx with some question whether a rescue deal from big rival binance would materialize , while the firm be report to be part of a regulatory probe .",FTX,Negative,OTHER
"investor also fret about the health of major cryptocurrency exchange ftx with some question whether a rescue deal from big rival binance would materialize , while the firm be report to be part of a regulatory probe .",Binance,Neutral,PERSON
bank of japan have say it would not withdraw monetary stimulus because inflation be due to soar fuel and raw material cost blame on russia 's invasion of ukraine and will likely prove temporary .,Bank of Japan,Neutral,OTHER
"early this month , manulife report a drop in thirdquarter profit , as escalating worry of an economic downturn impair earning at its wealth and asset management unit . 1 1.3336 canadian dollar report by niket nishant and bhanvi satija in bengaluru and divya rajagopal in toronto ; edit by jason neely and jonathan oatis niket.nishantthomsonreuters.com ;",Manulife,Negative,PERSON
paul pelosi 's purchase of apple and microsoft option in may follow a steep wall street selloff this year relate to worry about inflation and rise interest rate . apple and microsoft be each up about 4 since the may 24 trade .,Microsoft,Neutral,PERSON
paul pelosi 's purchase of apple and microsoft option in may follow a steep wall street selloff this year relate to worry about inflation and rise interest rate . apple and microsoft be each up about 4 since the may 24 trade .,Apple,Neutral,PERSON
paul pelosi 's purchase of apple and microsoft option in may follow a steep wall street selloff this year relate to worry about inflation and rise interest rate . apple and microsoft be each up about 4 since the may 24 trade .,Microsoft,Positive,PERSON
paul pelosi 's purchase of apple and microsoft option in may follow a steep wall street selloff this year relate to worry about inflation and rise interest rate . apple and microsoft be each up about 4 since the may 24 trade .,Apple,Positive,PERSON
"in well news , production at renault and stellantis car plant be set to resume in a more normal manner than at the end of august 2021 , when chip shortage lead to a series of production halt , spokesperson for both company say nl8n2zy3s5 .",Stellantis,Positive,PERSON
"in well news , production at renault and stellantis car plant be set to resume in a more normal manner than at the end of august 2021 , when chip shortage lead to a series of production halt , spokesperson for both company say nl8n2zy3s5 .",Renault,Positive,PERSON
"a grow list of financial firm be look to exit russia , with deutsche bank , goldman sachs and jpmorgan chase wind down business there . other be under pressure from investor to detail their financial exposure to russia . nl2n2vh0b1 nl3n2vd3du",JPMorgan Chase,Neutral,OTHER
"a grow list of financial firm be look to exit russia , with deutsche bank , goldman sachs and jpmorgan chase wind down business there . other be under pressure from investor to detail their financial exposure to russia . nl2n2vh0b1 nl3n2vd3du",Goldman Sachs,Neutral,PERSON
"a grow list of financial firm be look to exit russia , with deutsche bank , goldman sachs and jpmorgan chase wind down business there . other be under pressure from investor to detail their financial exposure to russia . nl2n2vh0b1 nl3n2vd3du",Deutsche Bank,Neutral,PERSON
amc entertainment holdings inc tumble 39 after the cinema chain 's preferred stock listing start trade and its ukbased rival cineworld group warn of a possible bankruptcy filing . nl4n2zy27 m,Cineworld Group,Negative,PERSON
amc entertainment holdings inc tumble 39 after the cinema chain 's preferred stock listing start trade and its ukbased rival cineworld group warn of a possible bankruptcy filing . nl4n2zy27 m,AMC Entertainment Holdings Inc,Negative,COMPANY
"note the risk pose by u.s . sanction , nobitex 's public term of use recommend customer avoid the "" direct transfer "" of crypto from nobitex to binance and instead create multiple digital wallet to move fund in separate stage .",Nobitex,Neutral,PERSON
"note the risk pose by u.s . sanction , nobitex 's public term of use recommend customer avoid the "" direct transfer "" of crypto from nobitex to binance and instead create multiple digital wallet to move fund in separate stage .",Nobitex,Neutral,PERSON
"note the risk pose by u.s . sanction , nobitex 's public term of use recommend customer avoid the "" direct transfer "" of crypto from nobitex to binance and instead create multiple digital wallet to move fund in separate stage .",Binance,Neutral,PERSON
multinational company such as abbott laboratories and johnson johnson have be hit by the dollar 's strength against a basket of currency .,Johnson & Johnson,Negative,OTHER
multinational company such as abbott laboratories and johnson johnson have be hit by the dollar 's strength against a basket of currency .,Abbott Laboratories,Negative,PERSON
oil major such as bp and shell fall about 1 as crude price continue to retreat as investor weigh the impact of interest rate hike . or,BP,Negative,OTHER
oil major such as bp and shell fall about 1 as crude price continue to retreat as investor weigh the impact of interest rate hike . or,Shell,Negative,PERSON
"britain be close for a holiday , though a new report from goldman sachs predict the country will fall into recession in the fourth quarter will not be cheerful park bench read for investor .",Goldman Sachs,Neutral,PERSON
"intel be sink over 4 after citi cut its estimate on the u.s . chipmaker for the second time in a week , spur by what analyst christopher danely say be negative comment make by company executive at an investor conference .",Intel,Negative,PERSON
"intel be sink over 4 after citi cut its estimate on the u.s . chipmaker for the second time in a week , spur by what analyst christopher danely say be negative comment make by company executive at an investor conference .",Citi,Neutral,PERSON
"the sprawl vision fund , which upend the world of technology with its big bet on startup , will also write down its investment in troubled crypto exchange ftx to zero , a source close to softbank say . the source say those investment amount to less than 100 million .",Vision Fund,Neutral,PERSON
"the sprawl vision fund , which upend the world of technology with its big bet on startup , will also write down its investment in troubled crypto exchange ftx to zero , a source close to softbank say . the source say those investment amount to less than 100 million .",FTX,Negative,OTHER
"the sprawl vision fund , which upend the world of technology with its big bet on startup , will also write down its investment in troubled crypto exchange ftx to zero , a source close to softbank say . the source say those investment amount to less than 100 million .",SoftBank,Neutral,OTHER
"share price of public buynow , paylater company have be under pressure this year , with affirm down more than 75 and zip down 79 . klarna 's valuation plunge around 85 in july . nl8n2ys34n",Klarna,Negative,PERSON
"share price of public buynow , paylater company have be under pressure this year , with affirm down more than 75 and zip down 79 . klarna 's valuation plunge around 85 in july . nl8n2ys34n",Zip,Negative,PERSON
"share price of public buynow , paylater company have be under pressure this year , with affirm down more than 75 and zip down 79 . klarna 's valuation plunge around 85 in july . nl8n2ys34n",Affirm,Negative,PERSON
""" we see recession in europe as likely even absent big rate hike as broad economic stress from an energy crisis bite ... the european central bank and market underappreciate the risk of the energy crunch cause a recession , and the ecb will eventually accept this and rethink its rate path , "" write strategist at blackrock in a note .",BlackRock,Neutral,OTHER
""" we see recession in europe as likely even absent big rate hike as broad economic stress from an energy crisis bite ... the european central bank and market underappreciate the risk of the energy crunch cause a recession , and the ecb will eventually accept this and rethink its rate path , "" write strategist at blackrock in a note .",ECB,Negative,OTHER
""" we see recession in europe as likely even absent big rate hike as broad economic stress from an energy crisis bite ... the european central bank and market underappreciate the risk of the energy crunch cause a recession , and the ecb will eventually accept this and rethink its rate path , "" write strategist at blackrock in a note .",European Central Bank,Negative,PERSON
"morgan stanley cut the company to "" equal weight "" from "" overweight "" and cut target price to 11 euro from 12 euro . nfwn31y2nv",Morgan Stanley,Neutral,PERSON
"share of the company fall 4.4 in extended trading . "" I think the market be extremely pessimistic about the macro factor , "" futurum research analyst daniel newman say .",Futurum Research,Neutral,PERSON
""" some crack be begin to appear in the labor market , "" write andrew challenger , senior vice president at cgc . "" hire be slow and downsize event be begin to occur . """,CGC,Neutral,OTHER
"on kenya , egypt , tunisia and ghana , moody 's david rogovic say "" these country be the most vulnerable just because of the amount of debt come due relative to reserve , and the fiscal challenge in term of stabilise debt burden . """,Moody,Neutral,PERSON
"with cool weather come , refinitiv project average u.s . gas demand , include export , would slide to 92.3 bcfd next week from 96.8 bcfd this week . the forecast for next week be low than refinitiv 's outlook on friday before the u.s . labor day holiday on monday .",Refinitiv,Neutral,PERSON
"with cool weather come , refinitiv project average u.s . gas demand , include export , would slide to 92.3 bcfd next week from 96.8 bcfd this week . the forecast for next week be low than refinitiv 's outlook on friday before the u.s . labor day holiday on monday .",Refinitiv,Neutral,PERSON
"goldman sachs cut its 2023 oil price forecast on tuesday , due to expectation of weak demand and a strong u.s . dollar but say global supply disappointment only reinforce its longterm bullish outlook .",Goldman Sachs,Neutral,PERSON
"a spokeswoman for ford , which announce a software deal with alphabet 's google last year , decline to comment on apple 's announcement . ford and other automaker have form a number of alliance with big technology industry company include apple , google and amazon.com . but automaker remain wary of allow the tech giant unfettere access to the datum generate by connected car , or to allow they to displace the automaker ' brand with their own in dashboard display .",Apple,Neutral,PERSON
"a spokeswoman for ford , which announce a software deal with alphabet 's google last year , decline to comment on apple 's announcement . ford and other automaker have form a number of alliance with big technology industry company include apple , google and amazon.com . but automaker remain wary of allow the tech giant unfettere access to the datum generate by connected car , or to allow they to displace the automaker ' brand with their own in dashboard display .",Google,Neutral,PERSON
"a spokeswoman for ford , which announce a software deal with alphabet 's google last year , decline to comment on apple 's announcement . ford and other automaker have form a number of alliance with big technology industry company include apple , google and amazon.com . but automaker remain wary of allow the tech giant unfettere access to the datum generate by connected car , or to allow they to displace the automaker ' brand with their own in dashboard display .",Ford,Neutral,PERSON
"a spokeswoman for ford , which announce a software deal with alphabet 's google last year , decline to comment on apple 's announcement . ford and other automaker have form a number of alliance with big technology industry company include apple , google and amazon.com . but automaker remain wary of allow the tech giant unfettere access to the datum generate by connected car , or to allow they to displace the automaker ' brand with their own in dashboard display .",Alphabet,Neutral,PERSON
"a spokeswoman for ford , which announce a software deal with alphabet 's google last year , decline to comment on apple 's announcement . ford and other automaker have form a number of alliance with big technology industry company include apple , google and amazon.com . but automaker remain wary of allow the tech giant unfettere access to the datum generate by connected car , or to allow they to displace the automaker ' brand with their own in dashboard display .",Apple,Neutral,PERSON
"a spokeswoman for ford , which announce a software deal with alphabet 's google last year , decline to comment on apple 's announcement . ford and other automaker have form a number of alliance with big technology industry company include apple , google and amazon.com . but automaker remain wary of allow the tech giant unfettere access to the datum generate by connected car , or to allow they to displace the automaker ' brand with their own in dashboard display .",Amazon.com,Neutral,OTHER
"a spokeswoman for ford , which announce a software deal with alphabet 's google last year , decline to comment on apple 's announcement . ford and other automaker have form a number of alliance with big technology industry company include apple , google and amazon.com . but automaker remain wary of allow the tech giant unfettere access to the datum generate by connected car , or to allow they to displace the automaker ' brand with their own in dashboard display .",Google,Neutral,PERSON
"a spokeswoman for ford , which announce a software deal with alphabet 's google last year , decline to comment on apple 's announcement . ford and other automaker have form a number of alliance with big technology industry company include apple , google and amazon.com . but automaker remain wary of allow the tech giant unfettere access to the datum generate by connected car , or to allow they to displace the automaker ' brand with their own in dashboard display .",Ford,Neutral,PERSON
"even though capital market activity have slow dramatically , net interest income growth be accelerate , mcgratty say , add that overall revenue growth should exceed expense growth . for the first six month , the efficiency ratio of jpmorgan leapt to 60 while citigroup 's jump to 66 , both high since 2014 , accord to earning presentation . analyst widely consider a range between 50 and 60 as optimal for bank , and see rise efficiency ratio as a negative sign .",Citigroup,Positive,PERSON
"even though capital market activity have slow dramatically , net interest income growth be accelerate , mcgratty say , add that overall revenue growth should exceed expense growth . for the first six month , the efficiency ratio of jpmorgan leapt to 60 while citigroup 's jump to 66 , both high since 2014 , accord to earning presentation . analyst widely consider a range between 50 and 60 as optimal for bank , and see rise efficiency ratio as a negative sign .",JPMorgan,Positive,OTHER
""" a lot of investor be expect inflation datum to really start to come down . but what we be find be that it be a lot more challenging , and that the inflation datum be remain elevate for long and probably have not peak , "" say sam stovall , chief investment strategist at cfra .",CFRA,Neutral,OTHER
"advertiser on twitter , include big company such as general motor , mondelez international , volkswagen ag , have pause advertising on the platform , as they grapple with the new boss . nl8n31z37e",Twitter,Negative,PERSON
"advertiser on twitter , include big company such as general motor , mondelez international , volkswagen ag , have pause advertising on the platform , as they grapple with the new boss . nl8n31z37e",Volkswagen AG,Neutral,OTHER
"advertiser on twitter , include big company such as general motor , mondelez international , volkswagen ag , have pause advertising on the platform , as they grapple with the new boss . nl8n31z37e",Mondelez International,Neutral,PERSON
"advertiser on twitter , include big company such as general motor , mondelez international , volkswagen ag , have pause advertising on the platform , as they grapple with the new boss . nl8n31z37e",General Motors,Neutral,PERSON
"here be a timeline of the company , which operate under the cinema city , picturehouse , regal and yes planet brand , and its past and present struggle .",Regal,Neutral,PERSON
"here be a timeline of the company , which operate under the cinema city , picturehouse , regal and yes planet brand , and its past and present struggle .",Cinema City,Neutral,PERSON
"here be a timeline of the company , which operate under the cinema city , picturehouse , regal and yes planet brand , and its past and present struggle .",Yes Planet,Neutral,PERSON
"here be a timeline of the company , which operate under the cinema city , picturehouse , regal and yes planet brand , and its past and present struggle .",Picturehouse,Neutral,PERSON
"investor rush to dump meta platform inc 's stock after hour , push it down 20 and wipe 67 billion off its market value after the company post its fourth straight decline in quarterly profit .",Meta Platforms Inc,Negative,COMPANY
"other factor be motivate concern about a potential sale slowdown . amid scrutiny from antitrust regulator on five continent , google be take a small cut from sale of app develop by outside software maker .",Google,Negative,PERSON
"recession fear be continue to blaze this week . on tuesday goldman sachs up the chance of a u.s . recession over the next year to 30 chance , from the previous 15 . meanwhile germany face certain recession if falter russian gas supply stop completely , an industry body warn on tuesday .",Goldman Sachs,Neutral,PERSON
devanathan 's appointment come at a time when facebook be face regulatory challenge in india with prime minister narendra modi 's administration tighten law govern big tech company .,Facebook,Negative,PERSON
"investor wipe almost 25 off target share on wednesday after its profit halve as it have to discount big item , and walmart have drop more than 17 since it report weak result early on tuesday .",Walmart,Negative,PERSON
"investor wipe almost 25 off target share on wednesday after its profit halve as it have to discount big item , and walmart have drop more than 17 since it report weak result early on tuesday .",Target,Negative,PERSON
"analyst be temper their profit estimate as the earning season start in earnest this week , with report from jpmorgan chase co , citigroup inc and wells fargo co among others.nl4n2yt25 g",JPMorgan Chase & Co,Neutral,OTHER
"analyst be temper their profit estimate as the earning season start in earnest this week , with report from jpmorgan chase co , citigroup inc and wells fargo co among others.nl4n2yt25 g",Wells Fargo & Co,Neutral,OTHER
"analyst be temper their profit estimate as the earning season start in earnest this week , with report from jpmorgan chase co , citigroup inc and wells fargo co among others.nl4n2yt25 g",Citigroup Inc,Neutral,COMPANY
""" the view of investor that I have be speak to over the last day or so be that effectively the uk bank be say there be no front book at these rate , "" john cronin , head of financial at stockbroker goodbody say , refer to the price of service available to new customer .",Goodbody,Neutral,PERSON
"other signatory include international brotherhood of teamster , main street alliance , demand progress education fund , institute for local selfreliance and open market institute . report by diane bartz edit by alistair bell diane.bartzthomsonreuters.com ; 1 202 898 8313 ;",Institute for Local Self-Reliance,Neutral,OTHER
"other signatory include international brotherhood of teamster , main street alliance , demand progress education fund , institute for local selfreliance and open market institute . report by diane bartz edit by alistair bell diane.bartzthomsonreuters.com ; 1 202 898 8313 ;",Main Street Alliance,Neutral,PERSON
"other signatory include international brotherhood of teamster , main street alliance , demand progress education fund , institute for local selfreliance and open market institute . report by diane bartz edit by alistair bell diane.bartzthomsonreuters.com ; 1 202 898 8313 ;",International Brotherhood of Teamsters,Neutral,OTHER
"other signatory include international brotherhood of teamster , main street alliance , demand progress education fund , institute for local selfreliance and open market institute . report by diane bartz edit by alistair bell diane.bartzthomsonreuters.com ; 1 202 898 8313 ;",Demand Progress Education Fund,Neutral,PERSON
"other signatory include international brotherhood of teamster , main street alliance , demand progress education fund , institute for local selfreliance and open market institute . report by diane bartz edit by alistair bell diane.bartzthomsonreuters.com ; 1 202 898 8313 ;",Open Markets Institute,Neutral,PERSON
"that s make it seem like much of the shift at the ftc have be about prevent transaction nl4n2tz38l before they re announce , rather than after . but two vertical deal by tech giant c microsoft 69 billion purchase of gaming group activision blizzard and amazon.com 8.5 acquisition of movie studio mgm c be now under review . the agencys decision on these deal will show whether khan be stick to the old script , or perfect a new one .",Amazon.com,Neutral,OTHER
"that s make it seem like much of the shift at the ftc have be about prevent transaction nl4n2tz38l before they re announce , rather than after . but two vertical deal by tech giant c microsoft 69 billion purchase of gaming group activision blizzard and amazon.com 8.5 acquisition of movie studio mgm c be now under review . the agencys decision on these deal will show whether khan be stick to the old script , or perfect a new one .",FTC,Neutral,OTHER
"that s make it seem like much of the shift at the ftc have be about prevent transaction nl4n2tz38l before they re announce , rather than after . but two vertical deal by tech giant c microsoft 69 billion purchase of gaming group activision blizzard and amazon.com 8.5 acquisition of movie studio mgm c be now under review . the agencys decision on these deal will show whether khan be stick to the old script , or perfect a new one .",Microsoft,Neutral,PERSON
"that s make it seem like much of the shift at the ftc have be about prevent transaction nl4n2tz38l before they re announce , rather than after . but two vertical deal by tech giant c microsoft 69 billion purchase of gaming group activision blizzard and amazon.com 8.5 acquisition of movie studio mgm c be now under review . the agencys decision on these deal will show whether khan be stick to the old script , or perfect a new one .",MGM,Neutral,OTHER
"that s make it seem like much of the shift at the ftc have be about prevent transaction nl4n2tz38l before they re announce , rather than after . but two vertical deal by tech giant c microsoft 69 billion purchase of gaming group activision blizzard and amazon.com 8.5 acquisition of movie studio mgm c be now under review . the agencys decision on these deal will show whether khan be stick to the old script , or perfect a new one .",Activision Blizzard,Neutral,PERSON
"the narrowing at the top be even more extreme . sohn reckon there have never be a time when the top two individual weight each account for more than 6 of the index . right now , apple be almost 7 and microsoft be almost 6 .",Apple,Neutral,PERSON
"the narrowing at the top be even more extreme . sohn reckon there have never be a time when the top two individual weight each account for more than 6 of the index . right now , apple be almost 7 and microsoft be almost 6 .",Microsoft,Neutral,PERSON
"in a further sign finance minister jeremy hunt be try to restore credibility , he announce a new economic advisory council consist of four finance expert rupert harrison a former chief of staff of exfinance minister george osborne who now work for blackrock ; former boe member sushil wadhwani ; another exboe official gertjan vlieghe now at new yorkbase hedge fund element capital ; and jpmorgan strategist karen ward .",BoE,Neutral,OTHER
"in a further sign finance minister jeremy hunt be try to restore credibility , he announce a new economic advisory council consist of four finance expert rupert harrison a former chief of staff of exfinance minister george osborne who now work for blackrock ; former boe member sushil wadhwani ; another exboe official gertjan vlieghe now at new yorkbase hedge fund element capital ; and jpmorgan strategist karen ward .",BlackRock,Neutral,OTHER
"in a further sign finance minister jeremy hunt be try to restore credibility , he announce a new economic advisory council consist of four finance expert rupert harrison a former chief of staff of exfinance minister george osborne who now work for blackrock ; former boe member sushil wadhwani ; another exboe official gertjan vlieghe now at new yorkbase hedge fund element capital ; and jpmorgan strategist karen ward .",BoE,Neutral,OTHER
"in a further sign finance minister jeremy hunt be try to restore credibility , he announce a new economic advisory council consist of four finance expert rupert harrison a former chief of staff of exfinance minister george osborne who now work for blackrock ; former boe member sushil wadhwani ; another exboe official gertjan vlieghe now at new yorkbase hedge fund element capital ; and jpmorgan strategist karen ward .",JPMorgan,Neutral,OTHER
"in a further sign finance minister jeremy hunt be try to restore credibility , he announce a new economic advisory council consist of four finance expert rupert harrison a former chief of staff of exfinance minister george osborne who now work for blackrock ; former boe member sushil wadhwani ; another exboe official gertjan vlieghe now at new yorkbase hedge fund element capital ; and jpmorgan strategist karen ward .",Economic Advisory Council,Neutral,PERSON
"in a further sign finance minister jeremy hunt be try to restore credibility , he announce a new economic advisory council consist of four finance expert rupert harrison a former chief of staff of exfinance minister george osborne who now work for blackrock ; former boe member sushil wadhwani ; another exboe official gertjan vlieghe now at new yorkbase hedge fund element capital ; and jpmorgan strategist karen ward .",Element Capital,Neutral,PERSON
""" moderate inflation be key to high equity price and at the moment inflation be run hot . that imply volatility will remain more the norm than the exception into yearend . "" say terry sandven chief equity strategist at us bank wealth management in minneapolis .",US Bank Wealth Management,Neutral,OTHER
"the market mood will be test by earning from jpmorgan and morgan stanley on thursday , with citigroup and wells fargo the day after .",Citigroup,Neutral,PERSON
"the market mood will be test by earning from jpmorgan and morgan stanley on thursday , with citigroup and wells fargo the day after .",Wells Fargo,Neutral,PERSON
"the market mood will be test by earning from jpmorgan and morgan stanley on thursday , with citigroup and wells fargo the day after .",JPMorgan,Neutral,OTHER
"the market mood will be test by earning from jpmorgan and morgan stanley on thursday , with citigroup and wells fargo the day after .",Morgan Stanley,Neutral,PERSON
"but zoom out , it might be a good idea to gear up for a broad semiconductor down cycle , say amit chanda , equity sector analyst at wells fargo investment institute .",Wells Fargo Investment Institute,Neutral,PERSON
the source request anonymity because the matter be confidential . the ftc and encap decline comment . ep energy and xcl do not respond to request for comment .,FTC,Neutral,OTHER
the source request anonymity because the matter be confidential . the ftc and encap decline comment . ep energy and xcl do not respond to request for comment .,XCL,Neutral,OTHER
the source request anonymity because the matter be confidential . the ftc and encap decline comment . ep energy and xcl do not respond to request for comment .,EnCap,Neutral,OTHER
the source request anonymity because the matter be confidential . the ftc and encap decline comment . ep energy and xcl do not respond to request for comment .,EP Energy,Neutral,OTHER
"goldman sachs say last month it expect an inclusion in 2023 , while a medium report say jpmorgan be in talk with major investor to include india in its bond index .",Goldman Sachs,Neutral,PERSON
"goldman sachs say last month it expect an inclusion in 2023 , while a medium report say jpmorgan be in talk with major investor to include india in its bond index .",JPMorgan,Neutral,OTHER
"the iso project power demand would reach 46,278 megawatt mw on friday and 35,013 mw on saturday . that compare with the preliminary record of 52,061 mw on tuesday , which break the prior alltime high of 50,270 mw in 2006 .",ISO,Neutral,OTHER
""" you be go to see private equity ma continue to make up a large portion of the ma activity overall as the dry powder to deploy remain at record level , "" say jim langston , cohead of u.s . ma at cleary gottlieb steen hamilton llp .",Cleary Gottlieb Steen & Hamilton LLP,Neutral,OTHER
frontier group holding chief executive barry biffle say the company 's revise offer for spirit airlines inc will be enough to secure a merger deal with the ultralowcost carrier . nl1n2ye2ie compile by rajarshi roy and rithika krishna in bengaluru rajarshi.roythomsonreuters.com ;,Spirit Airlines Inc,Neutral,COMPANY
frontier group holding chief executive barry biffle say the company 's revise offer for spirit airlines inc will be enough to secure a merger deal with the ultralowcost carrier . nl1n2ye2ie compile by rajarshi roy and rithika krishna in bengaluru rajarshi.roythomsonreuters.com ;,Frontier Group Holdings,Neutral,PERSON
"ubs analyst say that the basic reason the fomc do not need to raise rate by 50 bps be that they can signal a high path , tighten financial condition far and do so in a more methodical and less disruptive way .",UBS,Neutral,OTHER
"ubs analyst say that the basic reason the fomc do not need to raise rate by 50 bps be that they can signal a high path , tighten financial condition far and do so in a more methodical and less disruptive way .",FOMC,Neutral,OTHER
"south africa 's telkom say on thursday it be hope for a final offer to buy the company from big rival mtn within two month , as the telecom firm continue talk on a potential deal . nj8n2si00h",MTN,Neutral,OTHER
"south africa 's telkom say on thursday it be hope for a final offer to buy the company from big rival mtn within two month , as the telecom firm continue talk on a potential deal . nj8n2si00h",Telkom,Neutral,PERSON
"amazon agree to pay 18 for each share of one medical , represent a premium of 76.8 to the healthcare firm 's last close . one medical share be trade at 17.27 .",One Medical,Positive,PERSON
"amazon agree to pay 18 for each share of one medical , represent a premium of 76.8 to the healthcare firm 's last close . one medical share be trade at 17.27 .",One Medical,Positive,PERSON
"amazon agree to pay 18 for each share of one medical , represent a premium of 76.8 to the healthcare firm 's last close . one medical share be trade at 17.27 .",Amazon,Neutral,PERSON
"while nasa and white house official have acknowledge the existence of contingency plan before , they have avoid discuss they in public to avoid inflame tension with russia . nasa official instead stress the close relationship they have with russia 's space agency , roscosmo . ns0n2x502w",NASA,Neutral,OTHER
"while nasa and white house official have acknowledge the existence of contingency plan before , they have avoid discuss they in public to avoid inflame tension with russia . nasa official instead stress the close relationship they have with russia 's space agency , roscosmo . ns0n2x502w",White House,Neutral,PERSON
"while nasa and white house official have acknowledge the existence of contingency plan before , they have avoid discuss they in public to avoid inflame tension with russia . nasa official instead stress the close relationship they have with russia 's space agency , roscosmo . ns0n2x502w",Roscosmos,Neutral,PERSON
"while nasa and white house official have acknowledge the existence of contingency plan before , they have avoid discuss they in public to avoid inflame tension with russia . nasa official instead stress the close relationship they have with russia 's space agency , roscosmo . ns0n2x502w",NASA,Neutral,OTHER
an employee at the bailiff decline to comment when contact by reuter because they be not authorize to speak to party not involve in the case .,Reuters,Neutral,PERSON
"u.s . treasury secretary janet yellen say on sunday that u.s . economic growth be slow and she acknowledge the risk of a recession , but she say a downturn be not inevitable . nl1n2z50ee ? no long silent , japan asset manager flex muscle in legacy to abe",U.S. Treasury,Neutral,OTHER
"maslany , though , wish marvel fan do not see it as "" the female superhero show "" when it begin stream on walt disney co 's disney on thursday .",Walt Disney Co,Neutral,PERSON
"maslany , though , wish marvel fan do not see it as "" the female superhero show "" when it begin stream on walt disney co 's disney on thursday .",Disney+,Neutral,OTHER
"maslany , though , wish marvel fan do not see it as "" the female superhero show "" when it begin stream on walt disney co 's disney on thursday .",Marvel,Neutral,PERSON
"musk , ceo of spacex , and neuralink and boring company , say on wednesday that he do not have a current plan to combine they with twitter under one umbrella . report by hyunjoo jin and peter henderson in san francisco and akash sriram in bangalore ; edit by sandra maler peter.hendersonthomsonreuters.com ; 323 251 4827 ;",Boring Company,Neutral,PERSON
"musk , ceo of spacex , and neuralink and boring company , say on wednesday that he do not have a current plan to combine they with twitter under one umbrella . report by hyunjoo jin and peter henderson in san francisco and akash sriram in bangalore ; edit by sandra maler peter.hendersonthomsonreuters.com ; 323 251 4827 ;",Neuralink,Neutral,PERSON
"musk , ceo of spacex , and neuralink and boring company , say on wednesday that he do not have a current plan to combine they with twitter under one umbrella . report by hyunjoo jin and peter henderson in san francisco and akash sriram in bangalore ; edit by sandra maler peter.hendersonthomsonreuters.com ; 323 251 4827 ;",Twitter,Neutral,PERSON
"musk , ceo of spacex , and neuralink and boring company , say on wednesday that he do not have a current plan to combine they with twitter under one umbrella . report by hyunjoo jin and peter henderson in san francisco and akash sriram in bangalore ; edit by sandra maler peter.hendersonthomsonreuters.com ; 323 251 4827 ;",SpaceX,Neutral,OTHER
"the iss be design more than two decade ago to be technically interdependent between nasa and roscosmo . nasa provide gyroscope for the space station 's balance and solar array for electricity , and roscosmo control the propulsion that keep the football fieldsize laboratory in orbit .",NASA,Neutral,OTHER
"the iss be design more than two decade ago to be technically interdependent between nasa and roscosmo . nasa provide gyroscope for the space station 's balance and solar array for electricity , and roscosmo control the propulsion that keep the football fieldsize laboratory in orbit .",Roscosmos,Neutral,PERSON
"the iss be design more than two decade ago to be technically interdependent between nasa and roscosmo . nasa provide gyroscope for the space station 's balance and solar array for electricity , and roscosmo control the propulsion that keep the football fieldsize laboratory in orbit .",Roscosmos,Neutral,PERSON
"the iss be design more than two decade ago to be technically interdependent between nasa and roscosmo . nasa provide gyroscope for the space station 's balance and solar array for electricity , and roscosmo control the propulsion that keep the football fieldsize laboratory in orbit .",NASA,Neutral,OTHER
"the iss be design more than two decade ago to be technically interdependent between nasa and roscosmo . nasa provide gyroscope for the space station 's balance and solar array for electricity , and roscosmo control the propulsion that keep the football fieldsize laboratory in orbit .",ISS,Neutral,OTHER
"these include executive from bae systems plc , general dynamics corp , lockheed martin corp , huntington ingalls industry , l3harris technology , boeing co , raytheon technologies corp and northrop grumman corp .",Boeing Co,Neutral,PERSON
"these include executive from bae systems plc , general dynamics corp , lockheed martin corp , huntington ingalls industry , l3harris technology , boeing co , raytheon technologies corp and northrop grumman corp .",Northrop Grumman Corp,Neutral,COMPANY
"these include executive from bae systems plc , general dynamics corp , lockheed martin corp , huntington ingalls industry , l3harris technology , boeing co , raytheon technologies corp and northrop grumman corp .",General Dynamics Corp,Neutral,COMPANY
"these include executive from bae systems plc , general dynamics corp , lockheed martin corp , huntington ingalls industry , l3harris technology , boeing co , raytheon technologies corp and northrop grumman corp .",Huntington Ingalls Industries,Neutral,PERSON
"these include executive from bae systems plc , general dynamics corp , lockheed martin corp , huntington ingalls industry , l3harris technology , boeing co , raytheon technologies corp and northrop grumman corp .",L3Harris Technologies,Neutral,OTHER
"these include executive from bae systems plc , general dynamics corp , lockheed martin corp , huntington ingalls industry , l3harris technology , boeing co , raytheon technologies corp and northrop grumman corp .",Raytheon Technologies Corp,Neutral,COMPANY
"these include executive from bae systems plc , general dynamics corp , lockheed martin corp , huntington ingalls industry , l3harris technology , boeing co , raytheon technologies corp and northrop grumman corp .",BAE Systems Plc,Neutral,OTHER
"these include executive from bae systems plc , general dynamics corp , lockheed martin corp , huntington ingalls industry , l3harris technology , boeing co , raytheon technologies corp and northrop grumman corp .",Lockheed Martin Corp,Neutral,COMPANY
"meanwhile , share in credit suisse hit a twoweek low after it outline an overhaul that plan to raise 4 billion swiss franc 4.06 billion and separate out its investment bank . 1 0.9859 swiss franc",Credit Suisse,Negative,PERSON
"the deal with smith financial include a "" goshop "" period until dec . 30 , during which home capital will be allow to seek other bid .",Smith Financial,Neutral,PERSON
"the deal with smith financial include a "" goshop "" period until dec . 30 , during which home capital will be allow to seek other bid .",Home Capital,Neutral,PERSON
"board meeting on q3 result a2a , atlantia , nexi , prysmian follow by conference call , unipol , arnoldo mondadori editore follow by conference call , banca ifis , credito emiliano , dovalue , illimity bank , banca monte dei paschi di siena , rai way follow by conference call , rcs mediagroup , seco , tod 's , unipolsai , webuild .",illimity Bank,Neutral,OTHER
"board meeting on q3 result a2a , atlantia , nexi , prysmian follow by conference call , unipol , arnoldo mondadori editore follow by conference call , banca ifis , credito emiliano , dovalue , illimity bank , banca monte dei paschi di siena , rai way follow by conference call , rcs mediagroup , seco , tod 's , unipolsai , webuild .",Nexi,Neutral,PERSON
"board meeting on q3 result a2a , atlantia , nexi , prysmian follow by conference call , unipol , arnoldo mondadori editore follow by conference call , banca ifis , credito emiliano , dovalue , illimity bank , banca monte dei paschi di siena , rai way follow by conference call , rcs mediagroup , seco , tod 's , unipolsai , webuild .",Arnoldo Mondadori Editore,Neutral,PERSON
"board meeting on q3 result a2a , atlantia , nexi , prysmian follow by conference call , unipol , arnoldo mondadori editore follow by conference call , banca ifis , credito emiliano , dovalue , illimity bank , banca monte dei paschi di siena , rai way follow by conference call , rcs mediagroup , seco , tod 's , unipolsai , webuild .",Seco,Neutral,PERSON
"board meeting on q3 result a2a , atlantia , nexi , prysmian follow by conference call , unipol , arnoldo mondadori editore follow by conference call , banca ifis , credito emiliano , dovalue , illimity bank , banca monte dei paschi di siena , rai way follow by conference call , rcs mediagroup , seco , tod 's , unipolsai , webuild .",Banca Monte dei Paschi di Siena,Neutral,OTHER
"board meeting on q3 result a2a , atlantia , nexi , prysmian follow by conference call , unipol , arnoldo mondadori editore follow by conference call , banca ifis , credito emiliano , dovalue , illimity bank , banca monte dei paschi di siena , rai way follow by conference call , rcs mediagroup , seco , tod 's , unipolsai , webuild .",A2A,Neutral,OTHER
"board meeting on q3 result a2a , atlantia , nexi , prysmian follow by conference call , unipol , arnoldo mondadori editore follow by conference call , banca ifis , credito emiliano , dovalue , illimity bank , banca monte dei paschi di siena , rai way follow by conference call , rcs mediagroup , seco , tod 's , unipolsai , webuild .",UnipolSai,Neutral,OTHER
"board meeting on q3 result a2a , atlantia , nexi , prysmian follow by conference call , unipol , arnoldo mondadori editore follow by conference call , banca ifis , credito emiliano , dovalue , illimity bank , banca monte dei paschi di siena , rai way follow by conference call , rcs mediagroup , seco , tod 's , unipolsai , webuild .",Credito Emiliano,Neutral,PERSON
"board meeting on q3 result a2a , atlantia , nexi , prysmian follow by conference call , unipol , arnoldo mondadori editore follow by conference call , banca ifis , credito emiliano , dovalue , illimity bank , banca monte dei paschi di siena , rai way follow by conference call , rcs mediagroup , seco , tod 's , unipolsai , webuild .",Banca Ifis,Neutral,PERSON
"board meeting on q3 result a2a , atlantia , nexi , prysmian follow by conference call , unipol , arnoldo mondadori editore follow by conference call , banca ifis , credito emiliano , dovalue , illimity bank , banca monte dei paschi di siena , rai way follow by conference call , rcs mediagroup , seco , tod 's , unipolsai , webuild .",Unipol,Neutral,PERSON
"board meeting on q3 result a2a , atlantia , nexi , prysmian follow by conference call , unipol , arnoldo mondadori editore follow by conference call , banca ifis , credito emiliano , dovalue , illimity bank , banca monte dei paschi di siena , rai way follow by conference call , rcs mediagroup , seco , tod 's , unipolsai , webuild .",RCS MediaGroup,Neutral,OTHER
"board meeting on q3 result a2a , atlantia , nexi , prysmian follow by conference call , unipol , arnoldo mondadori editore follow by conference call , banca ifis , credito emiliano , dovalue , illimity bank , banca monte dei paschi di siena , rai way follow by conference call , rcs mediagroup , seco , tod 's , unipolsai , webuild .",Atlantia,Neutral,PERSON
"board meeting on q3 result a2a , atlantia , nexi , prysmian follow by conference call , unipol , arnoldo mondadori editore follow by conference call , banca ifis , credito emiliano , dovalue , illimity bank , banca monte dei paschi di siena , rai way follow by conference call , rcs mediagroup , seco , tod 's , unipolsai , webuild .",Rai Way,Neutral,PERSON
"board meeting on q3 result a2a , atlantia , nexi , prysmian follow by conference call , unipol , arnoldo mondadori editore follow by conference call , banca ifis , credito emiliano , dovalue , illimity bank , banca monte dei paschi di siena , rai way follow by conference call , rcs mediagroup , seco , tod 's , unipolsai , webuild .",Prysmian,Neutral,PERSON
"board meeting on q3 result a2a , atlantia , nexi , prysmian follow by conference call , unipol , arnoldo mondadori editore follow by conference call , banca ifis , credito emiliano , dovalue , illimity bank , banca monte dei paschi di siena , rai way follow by conference call , rcs mediagroup , seco , tod 's , unipolsai , webuild .",doValue,Neutral,OTHER
"board meeting on q3 result a2a , atlantia , nexi , prysmian follow by conference call , unipol , arnoldo mondadori editore follow by conference call , banca ifis , credito emiliano , dovalue , illimity bank , banca monte dei paschi di siena , rai way follow by conference call , rcs mediagroup , seco , tod 's , unipolsai , webuild .",Tod's,Neutral,OTHER
"board meeting on q3 result a2a , atlantia , nexi , prysmian follow by conference call , unipol , arnoldo mondadori editore follow by conference call , banca ifis , credito emiliano , dovalue , illimity bank , banca monte dei paschi di siena , rai way follow by conference call , rcs mediagroup , seco , tod 's , unipolsai , webuild .",Webuild,Neutral,PERSON
"momenta do not disclose the size of its investment in saic mobility , which tap momenta last year to jointly develop autonomous technology .",Momenta,Neutral,PERSON
"momenta do not disclose the size of its investment in saic mobility , which tap momenta last year to jointly develop autonomous technology .",SAIC Mobility,Neutral,OTHER
"momenta do not disclose the size of its investment in saic mobility , which tap momenta last year to jointly develop autonomous technology .",Momenta,Neutral,PERSON
"other candidate include femsa 's marquee oxxo convenience store chain as well as its spin fintech business , which aim to reach 10 million user by 2023 .",FEMSA,Neutral,OTHER
"other candidate include femsa 's marquee oxxo convenience store chain as well as its spin fintech business , which aim to reach 10 million user by 2023 .",Oxxo,Neutral,PERSON
"other candidate include femsa 's marquee oxxo convenience store chain as well as its spin fintech business , which aim to reach 10 million user by 2023 .",Spin,Neutral,PERSON
"one way of quantify the hit be to look at how much high energy bill will be , base on forward gas price . utility analyst at goldman sachs calculate customer will have to pay 1.3 trillion euro more next year than last year c even if price be cap at a level that stop power generator make excess profit .",Goldman Sachs,Neutral,PERSON
"the imply probability of departure this year be now as high as 26 and 2022 and 2023 combine be close to 80 , rbc say .",RBC,Neutral,OTHER
"musk have also secure a financing commitment from bank include morgan stanley , bank of america corp , mitsubishi ufj financial group inc and barclays plc to provide a 12.5 billion margin loan to support his twitter acquisition .",Morgan Stanley,Neutral,PERSON
"musk have also secure a financing commitment from bank include morgan stanley , bank of america corp , mitsubishi ufj financial group inc and barclays plc to provide a 12.5 billion margin loan to support his twitter acquisition .",Mitsubishi UFJ Financial Group Inc,Neutral,COMPANY
"musk have also secure a financing commitment from bank include morgan stanley , bank of america corp , mitsubishi ufj financial group inc and barclays plc to provide a 12.5 billion margin loan to support his twitter acquisition .",Twitter,Neutral,PERSON
"musk have also secure a financing commitment from bank include morgan stanley , bank of america corp , mitsubishi ufj financial group inc and barclays plc to provide a 12.5 billion margin loan to support his twitter acquisition .",Bank of America Corp,Neutral,COMPANY
"musk have also secure a financing commitment from bank include morgan stanley , bank of america corp , mitsubishi ufj financial group inc and barclays plc to provide a 12.5 billion margin loan to support his twitter acquisition .",Barclays Plc,Neutral,PERSON
"some analyst , however , be not sure the administration will buy the argument that the acquisition would translate into low consumer cost as jetblue 's fare be high than spirit 's . jetblue also have plan to remove some seat on spirit 's plane .",Spirit,Neutral,PERSON
"some analyst , however , be not sure the administration will buy the argument that the acquisition would translate into low consumer cost as jetblue 's fare be high than spirit 's . jetblue also have plan to remove some seat on spirit 's plane .",Spirit,Neutral,PERSON
"some analyst , however , be not sure the administration will buy the argument that the acquisition would translate into low consumer cost as jetblue 's fare be high than spirit 's . jetblue also have plan to remove some seat on spirit 's plane .",JetBlue,Neutral,OTHER
"some analyst , however , be not sure the administration will buy the argument that the acquisition would translate into low consumer cost as jetblue 's fare be high than spirit 's . jetblue also have plan to remove some seat on spirit 's plane .",JetBlue,Neutral,OTHER
"the adviser to the european court of justice will deliver an opinion on a case concern italian law that tax rental contract oversee by airbnb , which be seek to annul such a tax regime on july 7 . franchise",Airbnb,Neutral,PERSON
"the adviser to the european court of justice will deliver an opinion on a case concern italian law that tax rental contract oversee by airbnb , which be seek to annul such a tax regime on july 7 . franchise",European Court of Justice,Neutral,OTHER
"on its website , rcs lab describe itself as a maker of "" lawful interception "" technology and service include voice , datum collection and "" tracking system . "" it say it handle 10,000 intercept target daily in europe alone .",RCS Lab,Neutral,OTHER
starwood property trust inc report quarterly adjust earning of 67 cent ? ? per share for the quarter end in june . the mean expectation of six analyst for the quarter be for earning of 51 cent per share .,Starwood Property Trust Inc,Positive,COMPANY
"disney with ad will cost 7.99 per month , the same price the company now charge for the adfree version , disney say in a statement on wednesday . the cost of disney without ad will increase by 3 per month to 10.99 as of dec . 8 .",Disney+,Neutral,OTHER
"disney with ad will cost 7.99 per month , the same price the company now charge for the adfree version , disney say in a statement on wednesday . the cost of disney without ad will increase by 3 per month to 10.99 as of dec . 8 .",Disney+,Neutral,OTHER
"disney with ad will cost 7.99 per month , the same price the company now charge for the adfree version , disney say in a statement on wednesday . the cost of disney without ad will increase by 3 per month to 10.99 as of dec . 8 .",Disney,Neutral,PERSON
"for the fiscal year , disney report pershare earning of 3.53 , exclude certain item , on revenue of 82.7 billion . report by dawn chmielewski and lisa richwine in los angeles ; edit by richard chang dawn.chmielewskithomsonreuters.com ;",Disney,Neutral,PERSON
"lilac 's technology use ceramic bead to attract lithium in batch cycle , akin to a laundry machine , after which a waterandacid mixture be use to wash off the metal .",Lilac,Neutral,PERSON
the announcement come a month after prominent activist investor elliott management disclose a stake of nearly 1 billion in the company and push it to separate its flash and harddrive business . elliott own roughly 6 in the californiabase company .,Elliott Management,Neutral,PERSON
the announcement come a month after prominent activist investor elliott management disclose a stake of nearly 1 billion in the company and push it to separate its flash and harddrive business . elliott own roughly 6 in the californiabase company .,Elliott,Neutral,PERSON
"that do not mean the oil industry be walk away from kersey . several hundred foot from chevron 's plugging work , pdc energy inc . be drill a new , horizontal well , which can span over 2 mile underground .",Chevron,Neutral,PERSON
"that do not mean the oil industry be walk away from kersey . several hundred foot from chevron 's plugging work , pdc energy inc . be drill a new , horizontal well , which can span over 2 mile underground .",PDC Energy Inc,Neutral,COMPANY
"company include netflix , tesla johnson johnson and international business machine be set to report this week .",Johnson & Johnson,Neutral,OTHER
"company include netflix , tesla johnson johnson and international business machine be set to report this week .",International Business Machines,Neutral,PERSON
"company include netflix , tesla johnson johnson and international business machine be set to report this week .",Netflix,Neutral,PERSON
"company include netflix , tesla johnson johnson and international business machine be set to report this week .",Tesla,Neutral,PERSON
"rome , "" auxiliary corporate governance conference "" continue ; end on oct . 14 . on thursday expect attendee include market regulator consob commissioner chiara mosca 1350 gmt .",CONSOB,Neutral,OTHER
"billion . sept . 9 , the fda say it need more time to decide if 2021 ecigarette maker juul and other major",Juul,Neutral,PERSON
"billion . sept . 9 , the fda say it need more time to decide if 2021 ecigarette maker juul and other major",FDA,Neutral,OTHER
"u.s . treasury secretary janet yellen meet with 17 industry group represent more than 1,000 firm in the clean energy supply chain , more than 2,000 utility and more than 1 million american worker , a treasury official say .",U.S. Treasury,Neutral,OTHER
"however , he also say that a market historian might come up with a different answer . for example , cola say that from july 2016 to october 2018 , the u.s . 10year treasury yield go from 1.4 to 3.2 . however , the nasdaq composite advance 48 during that twoyear period as u.s . big tech hit its stride .",U.S. 10-year Treasury yield,Positive,OTHER
"however , he also say that a market historian might come up with a different answer . for example , cola say that from july 2016 to october 2018 , the u.s . 10year treasury yield go from 1.4 to 3.2 . however , the nasdaq composite advance 48 during that twoyear period as u.s . big tech hit its stride .",Nasdaq Composite,Positive,PERSON
"on return from the annual international monetary fund meeting last week , goldman sachs strategist kamakshya trivedi say britain 's shock "" suck a lot of air "" from the gathering and one focus be on whether the british experience would "" constrain other jurisdiction with limited fiscal space . """,International Monetary Fund,Neutral,PERSON
"on return from the annual international monetary fund meeting last week , goldman sachs strategist kamakshya trivedi say britain 's shock "" suck a lot of air "" from the gathering and one focus be on whether the british experience would "" constrain other jurisdiction with limited fiscal space . """,Goldman Sachs,Neutral,PERSON
moderna 's share fall 1 to 130.98 in early trading . report by mana mishra and leroy leo in bengaluru ; edit by shounak dasgupta and sriraj kalluvila manas.mishrathomsonreuters.com ; within u.s . 1 646 223 8780,Moderna,Negative,PERSON
""" we take note of the decision . we be still convince our offer with msc be the well solution , "" a lufthansa spokesperson say , add italy have choose the option that retain great state influence . msc decline to comment .",Lufthansa,Neutral,PERSON
""" we take note of the decision . we be still convince our offer with msc be the well solution , "" a lufthansa spokesperson say , add italy have choose the option that retain great state influence . msc decline to comment .",MSC,Neutral,OTHER
""" we take note of the decision . we be still convince our offer with msc be the well solution , "" a lufthansa spokesperson say , add italy have choose the option that retain great state influence . msc decline to comment .",MSC,Neutral,OTHER
"united airlines ' wage and fuel expense as a percentage of revenue be up by 10 point this year versus 2019 . in the first six month of 2022 , the company spend 59 of its revenue on wage and fuel bill . american airlines have have similar increase .",United Airlines,Negative,PERSON
"united airlines ' wage and fuel expense as a percentage of revenue be up by 10 point this year versus 2019 . in the first six month of 2022 , the company spend 59 of its revenue on wage and fuel bill . american airlines have have similar increase .",American Airlines,Negative,PERSON
"in case the deal be terminate , amazon would be require to pay irobot 94 million in termination fee . on completion of the deal , colin angle will remain as the chief executive of irobot .",Amazon,Negative,PERSON
"in case the deal be terminate , amazon would be require to pay irobot 94 million in termination fee . on completion of the deal , colin angle will remain as the chief executive of irobot .",iRobot,Positive,OTHER
"in case the deal be terminate , amazon would be require to pay irobot 94 million in termination fee . on completion of the deal , colin angle will remain as the chief executive of irobot .",iRobot,Neutral,OTHER
"ark invest be teladoc 's large shareholder , with 19.5 million share worth about 1.1 billion . the holding be also ark innovation etf 's third big after tesla inc and zoom video communications inc , with a weightage of 6.8 .",Zoom Video Communications Inc,Neutral,COMPANY
"ark invest be teladoc 's large shareholder , with 19.5 million share worth about 1.1 billion . the holding be also ark innovation etf 's third big after tesla inc and zoom video communications inc , with a weightage of 6.8 .",Tesla Inc,Neutral,COMPANY
"ark invest be teladoc 's large shareholder , with 19.5 million share worth about 1.1 billion . the holding be also ark innovation etf 's third big after tesla inc and zoom video communications inc , with a weightage of 6.8 .",ARK Invest,Neutral,OTHER
"ark invest be teladoc 's large shareholder , with 19.5 million share worth about 1.1 billion . the holding be also ark innovation etf 's third big after tesla inc and zoom video communications inc , with a weightage of 6.8 .",Teladoc,Neutral,PERSON
"ark invest be teladoc 's large shareholder , with 19.5 million share worth about 1.1 billion . the holding be also ark innovation etf 's third big after tesla inc and zoom video communications inc , with a weightage of 6.8 .",ARK Innovation ETF,Neutral,OTHER
"medifox , own by privateequity firm hg , be a provider of software to more than 6,000 ambulatory care service , care home and therapist in germany , accord to the latter 's website .",Hg,Neutral,PERSON
"medifox , own by privateequity firm hg , be a provider of software to more than 6,000 ambulatory care service , care home and therapist in germany , accord to the latter 's website .",MEDIFOX,Neutral,OTHER
"ordinarily , the gap between start and permit often point to a backlog . but that might not be the case this goaround , write nancy vanden houten , lead u.s . economist at oxford economics .",Oxford Economics,Neutral,PERSON
"datum provider refinitiv forecast 76 cool degree day cdd over the next fortnight , down from their estimate of 88 cdd on friday . cdd , use to estimate demand to cool home and business , measure the number of degree a day 's average temperature be above 65 fahrenheit 18 celsius .",Refinitiv,Neutral,PERSON
"moderna be not seek to remove pfizer vaccine from the market . the firm be also not seek damage for sale occur before march 8 , 2022 . and it be not look for damage for sale of pfizer vaccine in 92 poor and middleincome country , or sale where the u.s . government would be responsible for any damage .",Pfizer,Neutral,PERSON
"moderna be not seek to remove pfizer vaccine from the market . the firm be also not seek damage for sale occur before march 8 , 2022 . and it be not look for damage for sale of pfizer vaccine in 92 poor and middleincome country , or sale where the u.s . government would be responsible for any damage .",Moderna,Neutral,PERSON
"moderna be not seek to remove pfizer vaccine from the market . the firm be also not seek damage for sale occur before march 8 , 2022 . and it be not look for damage for sale of pfizer vaccine in 92 poor and middleincome country , or sale where the u.s . government would be responsible for any damage .",Pfizer,Neutral,PERSON
"litigate in other court create a huge variety of outcome . some plaintiff will hit home run and win large verdict , while "" most people will not even get a turn at bat , "" with some die before their case go to trial , ltl attorney neal katyal say .",LTL,Neutral,OTHER
the former pepsico and walmart inc executive also lead the company though the exit of its canadian operation and the sale of its pharmacy business to cvs heath corp in 2015 .,PepsiCo,Neutral,OTHER
the former pepsico and walmart inc executive also lead the company though the exit of its canadian operation and the sale of its pharmacy business to cvs heath corp in 2015 .,Walmart Inc,Neutral,COMPANY
the former pepsico and walmart inc executive also lead the company though the exit of its canadian operation and the sale of its pharmacy business to cvs heath corp in 2015 .,CVS Heath Corp,Neutral,COMPANY
"deutsche bank be provide an independent assessment of a potential combination , accord to one person with knowledge of the discussion . separately , the german lender be work as an underwriter of credit suisse 's capital increase .",Credit Suisse,Neutral,PERSON
"deutsche bank be provide an independent assessment of a potential combination , accord to one person with knowledge of the discussion . separately , the german lender be work as an underwriter of credit suisse 's capital increase .",Deutsche Bank,Neutral,PERSON
"heavyweight stock include apple inc microsoft corp , amazon.com inc and meta platforms inc rise between 0.4 and 0.7 .",Amazon.com Inc,Positive,COMPANY
"heavyweight stock include apple inc microsoft corp , amazon.com inc and meta platforms inc rise between 0.4 and 0.7 .",Meta Platforms Inc,Positive,COMPANY
"heavyweight stock include apple inc microsoft corp , amazon.com inc and meta platforms inc rise between 0.4 and 0.7 .",Apple Inc,Positive,COMPANY
"heavyweight stock include apple inc microsoft corp , amazon.com inc and meta platforms inc rise between 0.4 and 0.7 .",Microsoft Corp,Positive,COMPANY
"but at the same time , alphabet be move forward with expand its cloud computing footprint , build out new office and bring its google fiber internet service to new community .",Google Fiber,Positive,PERSON
"but at the same time , alphabet be move forward with expand its cloud computing footprint , build out new office and bring its google fiber internet service to new community .",Alphabet,Positive,PERSON
"exxon , hess and repsol decline to comment on commercial agreement . guyana 's energy ministry , eni and bp do not immediately reply to request for comment .",Repsol,Neutral,PERSON
"exxon , hess and repsol decline to comment on commercial agreement . guyana 's energy ministry , eni and bp do not immediately reply to request for comment .",Eni,Neutral,PERSON
"exxon , hess and repsol decline to comment on commercial agreement . guyana 's energy ministry , eni and bp do not immediately reply to request for comment .",Hess,Neutral,PERSON
"exxon , hess and repsol decline to comment on commercial agreement . guyana 's energy ministry , eni and bp do not immediately reply to request for comment .",Exxon,Neutral,PERSON
"exxon , hess and repsol decline to comment on commercial agreement . guyana 's energy ministry , eni and bp do not immediately reply to request for comment .",BP,Neutral,OTHER
"in aug . 29 letter to the three company see by reuter , the pension official write such code would help financial firm meet obligation to report suspicious purchase , and note the fourdigit code be already assign to specialize business like bowl alley .",Reuters,Neutral,PERSON
"at 0647 a.m. et , dow emini be up 70 point , or 0.21 , sp 500 emini be up 9.25 point , or 0.22 , and nasdaq 100 emini be up 31.25 point , or 0.24 .",S&P 500 e-minis,Positive,OTHER
"at 0647 a.m. et , dow emini be up 70 point , or 0.21 , sp 500 emini be up 9.25 point , or 0.22 , and nasdaq 100 emini be up 31.25 point , or 0.24 .",Dow e-minis,Positive,OTHER
"at 0647 a.m. et , dow emini be up 70 point , or 0.21 , sp 500 emini be up 9.25 point , or 0.22 , and nasdaq 100 emini be up 31.25 point , or 0.24 .",Nasdaq 100 e-minis,Positive,OTHER
"brent crude future rise 60 cent , or 0.7 , to 91.95 a barrel by 0330 gmt after settle up 0.5 on friday . u.s . west texas intermediate crude be at 85.50 a barrel , up 39 cent , or 0.5 . the frontmonth contract expire on tuesday .",U.S. West Texas Intermediate crude,Positive,OTHER
"brent crude future rise 60 cent , or 0.7 , to 91.95 a barrel by 0330 gmt after settle up 0.5 on friday . u.s . west texas intermediate crude be at 85.50 a barrel , up 39 cent , or 0.5 . the frontmonth contract expire on tuesday .",Brent crude futures,Positive,OTHER
"a group of 25 drilling and pipeline industry group include the american petroleum institute and the independent petroleum association of america send a letter to biden on thursday urge he to visit america 's vast energy source ahead of a july trip to saudi arabia , where the president be expect to encourage the oilrich country to boost production .",Independent Petroleum Association of America,Neutral,ORGANIZATION
"a group of 25 drilling and pipeline industry group include the american petroleum institute and the independent petroleum association of america send a letter to biden on thursday urge he to visit america 's vast energy source ahead of a july trip to saudi arabia , where the president be expect to encourage the oilrich country to boost production .",American Petroleum Institute,Neutral,PERSON
"for month , market have focus on how fast central bank have be move to curb inflation . investor now expect the federal reserve to raise interest rate by 50 basis point next week , especially if u.s . consumer price datum on friday confirm elevated inflation .",Federal Reserve,Neutral,PERSON
"brookfield renewable and its partner will pay about 2.3 billion for the deal , whereas cameco will incur equity cost of about 2.2 billion . westinghouse 's exist debt structure will remain in place .",Cameco,Neutral,PERSON
"brookfield renewable and its partner will pay about 2.3 billion for the deal , whereas cameco will incur equity cost of about 2.2 billion . westinghouse 's exist debt structure will remain in place .",Brookfield Renewable,Neutral,PERSON
"brookfield renewable and its partner will pay about 2.3 billion for the deal , whereas cameco will incur equity cost of about 2.2 billion . westinghouse 's exist debt structure will remain in place .",Westinghouse,Neutral,PERSON
"somalia 286,650 may 25 pfizerbiontech 16 million 1.7 million south africa 5.6 million july 31 pfizerbiontech 59 million 5.6 million south sudan 949,500 april 5 na 11 million 1.9 million",Pfizer,Neutral,PERSON
"somalia 286,650 may 25 pfizerbiontech 16 million 1.7 million south africa 5.6 million july 31 pfizerbiontech 59 million 5.6 million south sudan 949,500 april 5 na 11 million 1.9 million",BioNTech,Neutral,OTHER
"somalia 286,650 may 25 pfizerbiontech 16 million 1.7 million south africa 5.6 million july 31 pfizerbiontech 59 million 5.6 million south sudan 949,500 april 5 na 11 million 1.9 million",Pfizer,Neutral,PERSON
"somalia 286,650 may 25 pfizerbiontech 16 million 1.7 million south africa 5.6 million july 31 pfizerbiontech 59 million 5.6 million south sudan 949,500 april 5 na 11 million 1.9 million",BioNTech,Neutral,OTHER
"board meeting on q3 result amplifon follow by conference call afternoon , italgas press release on oct . 27 , moncler follow by conference call , saipem press release on oct . 27 , edison .",Saipem,Neutral,PERSON
"board meeting on q3 result amplifon follow by conference call afternoon , italgas press release on oct . 27 , moncler follow by conference call , saipem press release on oct . 27 , edison .",Moncler,Neutral,PERSON
"board meeting on q3 result amplifon follow by conference call afternoon , italgas press release on oct . 27 , moncler follow by conference call , saipem press release on oct . 27 , edison .",Italgas,Neutral,PERSON
"board meeting on q3 result amplifon follow by conference call afternoon , italgas press release on oct . 27 , moncler follow by conference call , saipem press release on oct . 27 , edison .",Edison,Neutral,PERSON
"board meeting on q3 result amplifon follow by conference call afternoon , italgas press release on oct . 27 , moncler follow by conference call , saipem press release on oct . 27 , edison .",Amplifon,Neutral,PERSON
""" it be important to remember the lesson we all learn year ago , and that be do not fight the fed , "" say oliver pursche , senior vice president at wealthspire advisor in new york . "" and the fed be tell we that they be laserfocuse on inflation . """,Fed,Neutral,PERSON
""" it be important to remember the lesson we all learn year ago , and that be do not fight the fed , "" say oliver pursche , senior vice president at wealthspire advisor in new york . "" and the fed be tell we that they be laserfocuse on inflation . """,Wealthspire Advisors,Neutral,PERSON
""" it be important to remember the lesson we all learn year ago , and that be do not fight the fed , "" say oliver pursche , senior vice president at wealthspire advisor in new york . "" and the fed be tell we that they be laserfocuse on inflation . """,Fed,Neutral,PERSON
"honeywell 's collaboration with supernal be its first with an air taxi firm establish by an automaker . the company , which be a big supplier to boeing co and airbus se , also have investment in other evtol firm lilium , vertical aerospace and volocopter .",Lilium,Neutral,PERSON
"honeywell 's collaboration with supernal be its first with an air taxi firm establish by an automaker . the company , which be a big supplier to boeing co and airbus se , also have investment in other evtol firm lilium , vertical aerospace and volocopter .",Supernal,Neutral,PERSON
"honeywell 's collaboration with supernal be its first with an air taxi firm establish by an automaker . the company , which be a big supplier to boeing co and airbus se , also have investment in other evtol firm lilium , vertical aerospace and volocopter .",Boeing Co,Neutral,PERSON
"honeywell 's collaboration with supernal be its first with an air taxi firm establish by an automaker . the company , which be a big supplier to boeing co and airbus se , also have investment in other evtol firm lilium , vertical aerospace and volocopter .",Volocopter,Neutral,PERSON
"honeywell 's collaboration with supernal be its first with an air taxi firm establish by an automaker . the company , which be a big supplier to boeing co and airbus se , also have investment in other evtol firm lilium , vertical aerospace and volocopter .",Honeywell,Neutral,PERSON
"honeywell 's collaboration with supernal be its first with an air taxi firm establish by an automaker . the company , which be a big supplier to boeing co and airbus se , also have investment in other evtol firm lilium , vertical aerospace and volocopter .",Airbus SE,Neutral,OTHER
"honeywell 's collaboration with supernal be its first with an air taxi firm establish by an automaker . the company , which be a big supplier to boeing co and airbus se , also have investment in other evtol firm lilium , vertical aerospace and volocopter .",Vertical Aerospace,Neutral,PERSON
""" pmi be the bidder that can afford to pay the most , since they have very little overlap with swedish match today , "" he say . "" all other industrial buyer would run into all kind of divestment trouble . """,Swedish Match,Neutral,PERSON
""" pmi be the bidder that can afford to pay the most , since they have very little overlap with swedish match today , "" he say . "" all other industrial buyer would run into all kind of divestment trouble . """,PMI,Neutral,OTHER
"in the 12 month to the end of june , blackrock say in a report it have support 71 of the 321 environmental or social es shareholder resolution file globally , exclude japan , or 22 of the total . average marketwide support be 26 , it say .",BlackRock,Neutral,OTHER
""" inflation , divergent economic growth and monetary policy , and of course geopolitical risk u.s . tension with russia and china all have the potential to increase volatility but more importantly to generate crossasset trend that be ripe for macro trading , "" wells fargo 's justin lenarcic write in a note on monday .",Wells Fargo,Neutral,PERSON
"mike santomassimo , chief financial officer at wells fargo co , the fourthlargest u.s . bank , note that credit spread have be widen and "" that be an area to watch to see if there be any crack that start to emerge "" .",Wells Fargo & Co,Neutral,OTHER
"in november , the faa tell boee some appointee perform work for faa do not have require expertise and be not meet faa expectation .",FAA,Neutral,OTHER
"in november , the faa tell boee some appointee perform work for faa do not have require expertise and be not meet faa expectation .",FAA,Neutral,OTHER
"in november , the faa tell boee some appointee perform work for faa do not have require expertise and be not meet faa expectation .",FAA,Neutral,OTHER
"in november , the faa tell boee some appointee perform work for faa do not have require expertise and be not meet faa expectation .",Boeing,Negative,PERSON
"many of the big wall street bank , lead by morgan stanley , bank of america corp and barclays plc , commit to provide 25.5 billion in debt , some of it secure against twitter and some of it tie to musk 's tesla stock . musk himself commit another 21 billion in cash .",Twitter,Neutral,PERSON
"many of the big wall street bank , lead by morgan stanley , bank of america corp and barclays plc , commit to provide 25.5 billion in debt , some of it secure against twitter and some of it tie to musk 's tesla stock . musk himself commit another 21 billion in cash .",Bank of America Corp,Neutral,COMPANY
"many of the big wall street bank , lead by morgan stanley , bank of america corp and barclays plc , commit to provide 25.5 billion in debt , some of it secure against twitter and some of it tie to musk 's tesla stock . musk himself commit another 21 billion in cash .",Tesla,Neutral,PERSON
"many of the big wall street bank , lead by morgan stanley , bank of america corp and barclays plc , commit to provide 25.5 billion in debt , some of it secure against twitter and some of it tie to musk 's tesla stock . musk himself commit another 21 billion in cash .",Morgan Stanley,Neutral,PERSON
"many of the big wall street bank , lead by morgan stanley , bank of america corp and barclays plc , commit to provide 25.5 billion in debt , some of it secure against twitter and some of it tie to musk 's tesla stock . musk himself commit another 21 billion in cash .",Barclays Plc,Neutral,PERSON
"at gnl , blackwell hope to replace director james nelson and edward weil . nelson be gnl 's chief executive while weil be ceo of ar global . at necessity retail , blackwell be also target weil , who be board chair there , and stanley perla .",AR Global,Neutral,OTHER
"at gnl , blackwell hope to replace director james nelson and edward weil . nelson be gnl 's chief executive while weil be ceo of ar global . at necessity retail , blackwell be also target weil , who be board chair there , and stanley perla .",GNL,Neutral,OTHER
"at gnl , blackwell hope to replace director james nelson and edward weil . nelson be gnl 's chief executive while weil be ceo of ar global . at necessity retail , blackwell be also target weil , who be board chair there , and stanley perla .",Blackwells,Neutral,PERSON
"at gnl , blackwell hope to replace director james nelson and edward weil . nelson be gnl 's chief executive while weil be ceo of ar global . at necessity retail , blackwell be also target weil , who be board chair there , and stanley perla .",Blackwells,Neutral,PERSON
"at gnl , blackwell hope to replace director james nelson and edward weil . nelson be gnl 's chief executive while weil be ceo of ar global . at necessity retail , blackwell be also target weil , who be board chair there , and stanley perla .",GNL,Neutral,OTHER
"at gnl , blackwell hope to replace director james nelson and edward weil . nelson be gnl 's chief executive while weil be ceo of ar global . at necessity retail , blackwell be also target weil , who be board chair there , and stanley perla .",Necessity Retail,Neutral,PERSON
"rivian 's market capitalization drop more than 2 billion to 31.1 billion in a single day , compare with automaker such as ford motor co and general motors co , which be value at 45.67 billion and 47.08 billion , respectively .",Ford Motor Co,Neutral,PERSON
"rivian 's market capitalization drop more than 2 billion to 31.1 billion in a single day , compare with automaker such as ford motor co and general motors co , which be value at 45.67 billion and 47.08 billion , respectively .",General Motors Co,Neutral,PERSON
"rivian 's market capitalization drop more than 2 billion to 31.1 billion in a single day , compare with automaker such as ford motor co and general motors co , which be value at 45.67 billion and 47.08 billion , respectively .",Rivian,Negative,PERSON
"the deal will likely be structure as a cash and stock offer , accord to the wall street journal . vmware market capitalization at close of trading on may 20 , prior to the news , be 40.3 billion , while broadcom be 222 billion .",Broadcom,Neutral,PERSON
"the deal will likely be structure as a cash and stock offer , accord to the wall street journal . vmware market capitalization at close of trading on may 20 , prior to the news , be 40.3 billion , while broadcom be 222 billion .",VMware,Neutral,OTHER
"the deal will likely be structure as a cash and stock offer , accord to the wall street journal . vmware market capitalization at close of trading on may 20 , prior to the news , be 40.3 billion , while broadcom be 222 billion .",Wall Street Journal,Neutral,PERSON
context news italys unicredit on sept . 5 unveil a set of measure to support business and household battle with record energy and commodity price .,UniCredit,Neutral,OTHER
""" the pound rally yesterday have fully reverse as investor conclude the resignation of liz truss as prime minister do not necessarily mean political uncertainty will be remove , "" note mufg head of global market research for emea derek halpenny .",MUFG,Neutral,OTHER
""" our active colleague , who have be fight for year for a collective pay agreement with amazon , deserve our respect for the courage they keep show in this confrontation with the employer , "" say verdi official stefanie nutzenberger .",Amazon,Neutral,PERSON
""" our active colleague , who have be fight for year for a collective pay agreement with amazon , deserve our respect for the courage they keep show in this confrontation with the employer , "" say verdi official stefanie nutzenberger .",Verdi,Neutral,PERSON
"by 1340 gmt on thursday , the twoday rout have wipe as much as 46 billion off the market value of gsk , haleon and sanofi combine .",Sanofi,Negative,PERSON
"by 1340 gmt on thursday , the twoday rout have wipe as much as 46 billion off the market value of gsk , haleon and sanofi combine .",Haleon,Negative,PERSON
"by 1340 gmt on thursday , the twoday rout have wipe as much as 46 billion off the market value of gsk , haleon and sanofi combine .",GSK,Negative,OTHER
quarterly report from amazon and apple due on thursday will provide further detail on how company be fare and frame their outlook .,Apple,Neutral,PERSON
quarterly report from amazon and apple due on thursday will provide further detail on how company be fare and frame their outlook .,Amazon,Neutral,PERSON
"that partnership , announce in july 2020 , allow the carrier to sell each other 's flight and link frequent flyer program , a move aim at help they compete with united airlines and delta air line in the northeast .",Delta Air Lines,Neutral,PERSON
"that partnership , announce in july 2020 , allow the carrier to sell each other 's flight and link frequent flyer program , a move aim at help they compete with united airlines and delta air line in the northeast .",United Airlines,Neutral,PERSON
""" it be one of those strange quasiholiday where stock market be open , but bond market be closed . we really have little or no economic datum and no real hard catalyst for the market today , "" say art hogan , chief market strategist at b. riley wealth .",B. Riley Wealth,Neutral,OTHER
"a survey by industry group make uk of 132 company , conduct just before russia 's invasion of ukraine , show that over twofifth have increase their british supply base , with almost a fifth describe it as a "" significant rerouting "" .",Make UK,Neutral,OTHER
"united shipbuilding be clearly describe as an extreme customer in email correspondence . in april 2020 , an intermediary contact extreme 's office in moscow to submit the plan the intermediary have sketch out to modernize united shipbuilding 's data center .",United Shipbuilding,Neutral,PERSON
"united shipbuilding be clearly describe as an extreme customer in email correspondence . in april 2020 , an intermediary contact extreme 's office in moscow to submit the plan the intermediary have sketch out to modernize united shipbuilding 's data center .",Extreme,Neutral,PERSON
"united shipbuilding be clearly describe as an extreme customer in email correspondence . in april 2020 , an intermediary contact extreme 's office in moscow to submit the plan the intermediary have sketch out to modernize united shipbuilding 's data center .",United Shipbuilding,Neutral,PERSON
"united shipbuilding be clearly describe as an extreme customer in email correspondence . in april 2020 , an intermediary contact extreme 's office in moscow to submit the plan the intermediary have sketch out to modernize united shipbuilding 's data center .",Extreme,Neutral,PERSON
"board meeting on q3 result amplifon follow by conference call afternoon , italgas press release on oct . 27 , moncler follow by conference call , saipem press release on oct . 27 , stmicroelectronic press release on oct . 27 , edison .",STMicroelectronics,Neutral,OTHER
"board meeting on q3 result amplifon follow by conference call afternoon , italgas press release on oct . 27 , moncler follow by conference call , saipem press release on oct . 27 , stmicroelectronic press release on oct . 27 , edison .",Edison,Neutral,PERSON
"board meeting on q3 result amplifon follow by conference call afternoon , italgas press release on oct . 27 , moncler follow by conference call , saipem press release on oct . 27 , stmicroelectronic press release on oct . 27 , edison .",Italgas,Neutral,PERSON
"board meeting on q3 result amplifon follow by conference call afternoon , italgas press release on oct . 27 , moncler follow by conference call , saipem press release on oct . 27 , stmicroelectronic press release on oct . 27 , edison .",Saipem,Neutral,PERSON
"board meeting on q3 result amplifon follow by conference call afternoon , italgas press release on oct . 27 , moncler follow by conference call , saipem press release on oct . 27 , stmicroelectronic press release on oct . 27 , edison .",Moncler,Neutral,PERSON
"board meeting on q3 result amplifon follow by conference call afternoon , italgas press release on oct . 27 , moncler follow by conference call , saipem press release on oct . 27 , stmicroelectronic press release on oct . 27 , edison .",Amplifon,Neutral,PERSON
""" we will follow the government 's guidance , which have be for decade to work with china , "" say bank of america chief executive officer brian moynihan . "" if they change that position , we will immediately change it , as we do in russia . """,Bank of America,Neutral,OTHER
""" we have see a global repricing and it be generally be support by an acceleration of expect tightening due to inflation concern , "" say jonathan cohn , head of rate trading strategy at credit suisse in new york .",Credit Suisse,Neutral,PERSON
"richard aboulafia , u.s.based manage director of aerodynamic advisory , say the plane seem like a relic of a bygone era of increase integration between china and the west .",AeroDynamic Advisory,Neutral,OTHER
"cariplo and compagnia di san paolo could each offer 1015 million euro , fondazione crt , whose board will meet on tuesday , could chip in 7 million euro , fondazione crc 3 million euro , corriere say , add that decision be expect between tuesday and wednesday .",Compagnia di San Paolo,Neutral,OTHER
"cariplo and compagnia di san paolo could each offer 1015 million euro , fondazione crt , whose board will meet on tuesday , could chip in 7 million euro , fondazione crc 3 million euro , corriere say , add that decision be expect between tuesday and wednesday .",Fondazione CRC,Neutral,OTHER
"cariplo and compagnia di san paolo could each offer 1015 million euro , fondazione crt , whose board will meet on tuesday , could chip in 7 million euro , fondazione crc 3 million euro , corriere say , add that decision be expect between tuesday and wednesday .",Fondazione Crt,Neutral,PERSON
"cariplo and compagnia di san paolo could each offer 1015 million euro , fondazione crt , whose board will meet on tuesday , could chip in 7 million euro , fondazione crc 3 million euro , corriere say , add that decision be expect between tuesday and wednesday .",Cariplo,Neutral,PERSON
""" a lot of down tree , a lot of flooding everywhere . we be try to get a hold of my daughter , "" say terri byrd , as she try to get cell service in a walmart parking lot after spend the night at a venice elementary school .",Walmart,Neutral,PERSON
"chevron and suncor own about 27 and 20 respectively of hibernia , with small stake hold by murphy oil and equinor asa . report by rod nickel in winnipeg ; edit by grant mccool rod.nickeltr.com ; twitter rodnickelrtrs ; 12042306043 ;",Suncor,Neutral,PERSON
"chevron and suncor own about 27 and 20 respectively of hibernia , with small stake hold by murphy oil and equinor asa . report by rod nickel in winnipeg ; edit by grant mccool rod.nickeltr.com ; twitter rodnickelrtrs ; 12042306043 ;",Hibernia,Neutral,PERSON
"chevron and suncor own about 27 and 20 respectively of hibernia , with small stake hold by murphy oil and equinor asa . report by rod nickel in winnipeg ; edit by grant mccool rod.nickeltr.com ; twitter rodnickelrtrs ; 12042306043 ;",Chevron,Neutral,PERSON
"chevron and suncor own about 27 and 20 respectively of hibernia , with small stake hold by murphy oil and equinor asa . report by rod nickel in winnipeg ; edit by grant mccool rod.nickeltr.com ; twitter rodnickelrtrs ; 12042306043 ;",Equinor ASA,Neutral,OTHER
"chevron and suncor own about 27 and 20 respectively of hibernia , with small stake hold by murphy oil and equinor asa . report by rod nickel in winnipeg ; edit by grant mccool rod.nickeltr.com ; twitter rodnickelrtrs ; 12042306043 ;",Murphy Oil,Neutral,PERSON
"potential exception include italy where debt be already over 140 of gdp , although sp expect the ecb to prevent rome 's borrowing cost rise as much as 300 basis point .",ECB,Neutral,OTHER
"potential exception include italy where debt be already over 140 of gdp , although sp expect the ecb to prevent rome 's borrowing cost rise as much as 300 basis point .",S&P,Neutral,OTHER
"sp global inc plan to sell its engineering solution business and have confidentially engage with several prospective buyer , the market intelligence and rating agency say . nl4n32q38s",S&P Global Inc,Neutral,COMPANY
"other airline such as american airlines group inc , united airlines holdings inc and southwest airlines co gain between 3.4 and 4.5 .",Southwest Airlines Co,Positive,PERSON
"other airline such as american airlines group inc , united airlines holdings inc and southwest airlines co gain between 3.4 and 4.5 .",American Airlines Group Inc,Positive,COMPANY
"other airline such as american airlines group inc , united airlines holdings inc and southwest airlines co gain between 3.4 and 4.5 .",United Airlines Holdings Inc,Positive,COMPANY
"the total levy be high than the previous year 's 3.9 billion the sec obtain from 697 action and than 2020 's record of 4.7 billion across 715 case , accord to a review of sec 's previous enforcement result .",SEC,Neutral,OTHER
"the total levy be high than the previous year 's 3.9 billion the sec obtain from 697 action and than 2020 's record of 4.7 billion across 715 case , accord to a review of sec 's previous enforcement result .",SEC,Neutral,OTHER
"the board of capricorn energy plc be consider alternative to a takeover proposal from tullow oil plc , the company say .",Capricorn Energy Plc,Neutral,PERSON
"the board of capricorn energy plc be consider alternative to a takeover proposal from tullow oil plc , the company say .",Tullow Oil Plc,Neutral,PERSON
"the new marketmake service extend to nearly 40 popular stock such as tesla , alphabet , and apple , and fund track the sp 500 and nasdaq , phillip say , add that the service be launch in response to demand from customer .",Apple,Neutral,PERSON
"the new marketmake service extend to nearly 40 popular stock such as tesla , alphabet , and apple , and fund track the sp 500 and nasdaq , phillip say , add that the service be launch in response to demand from customer .",Nasdaq,Neutral,PERSON
"the new marketmake service extend to nearly 40 popular stock such as tesla , alphabet , and apple , and fund track the sp 500 and nasdaq , phillip say , add that the service be launch in response to demand from customer .",S&P 500,Neutral,OTHER
"the new marketmake service extend to nearly 40 popular stock such as tesla , alphabet , and apple , and fund track the sp 500 and nasdaq , phillip say , add that the service be launch in response to demand from customer .",Alphabet,Neutral,PERSON
"the new marketmake service extend to nearly 40 popular stock such as tesla , alphabet , and apple , and fund track the sp 500 and nasdaq , phillip say , add that the service be launch in response to demand from customer .",Tesla,Neutral,PERSON
"the jury be still out on whether the new adp report , now jointly develop with the stanford digital economy lab , will be a useful labor market guide .",Stanford Digital Economy Lab,Neutral,PERSON
"a raft of financial report over the come day will provide some much need visibility on the health of corporate earning amid soar inflation and an economic slowdown on the continent . among the company set to report earning be swedbank , volvo car , asm international and ocado .",ASM International,Neutral,OTHER
"a raft of financial report over the come day will provide some much need visibility on the health of corporate earning amid soar inflation and an economic slowdown on the continent . among the company set to report earning be swedbank , volvo car , asm international and ocado .",Swedbank,Neutral,PERSON
"a raft of financial report over the come day will provide some much need visibility on the health of corporate earning amid soar inflation and an economic slowdown on the continent . among the company set to report earning be swedbank , volvo car , asm international and ocado .",Ocado,Neutral,PERSON
"a raft of financial report over the come day will provide some much need visibility on the health of corporate earning amid soar inflation and an economic slowdown on the continent . among the company set to report earning be swedbank , volvo car , asm international and ocado .",Volvo Car,Neutral,PERSON
"in the event the ixic test , or violate its march 2022 low , trader will be watch to see if the daily rsi , which end friday at roughly 30.00 , can stabilize ahead of its latejanuary low at 16.599 .",IXIC,Neutral,OTHER
"for none of the metric list above be we at a level consistent with a market trough , base on the assessment by the gs strategist .",GS,Neutral,OTHER
""" this only encourage the strike worker , who be more united than ever "" , a cgt official at totalenergie ' feyzin refinery say of the company 's conditional offer .",TotalEnergies,Negative,OTHER
"since the sale of arm by u.s . contractor to foreign government require u.s . approval , the pentagon 's defense security cooperation administration be have weekly meeting of its european crisis management team to review specific request relate to the current situation in ukraine , a source say .",European Crisis Management Team,Neutral,PERSON
"since the sale of arm by u.s . contractor to foreign government require u.s . approval , the pentagon 's defense security cooperation administration be have weekly meeting of its european crisis management team to review specific request relate to the current situation in ukraine , a source say .",Pentagon's Defense Security Cooperation Administration,Neutral,OTHER
"ford and vw each hold around 39 of argo , with lyft inc own about 2 and the rest hold by argo 's founder and employee .",Ford,Neutral,PERSON
"ford and vw each hold around 39 of argo , with lyft inc own about 2 and the rest hold by argo 's founder and employee .",VW,Neutral,OTHER
"ford and vw each hold around 39 of argo , with lyft inc own about 2 and the rest hold by argo 's founder and employee .",Argo,Neutral,PERSON
"ford and vw each hold around 39 of argo , with lyft inc own about 2 and the rest hold by argo 's founder and employee .",Lyft Inc,Neutral,COMPANY
"ford and vw each hold around 39 of argo , with lyft inc own about 2 and the rest hold by argo 's founder and employee .",Argo,Neutral,PERSON
""" the only way intervention work be if it be back up by change in monetary policy , amp capital 's oliver say . "" unless you get boj onside to tighten monetary policy at the same time as the intervention it be not go to make much of a difference . """,AMP Capital,Neutral,OTHER
""" the only way intervention work be if it be back up by change in monetary policy , amp capital 's oliver say . "" unless you get boj onside to tighten monetary policy at the same time as the intervention it be not go to make much of a difference . """,BOJ,Neutral,OTHER
"board meeting on q3 result amplifon follow by conference call afternoon , italgas press release on oct . 27 , moncler follow by conference call , saipem press release on oct . 27 , edison .",Saipem,Neutral,PERSON
"board meeting on q3 result amplifon follow by conference call afternoon , italgas press release on oct . 27 , moncler follow by conference call , saipem press release on oct . 27 , edison .",Amplifon,Neutral,PERSON
"board meeting on q3 result amplifon follow by conference call afternoon , italgas press release on oct . 27 , moncler follow by conference call , saipem press release on oct . 27 , edison .",Italgas,Neutral,PERSON
"board meeting on q3 result amplifon follow by conference call afternoon , italgas press release on oct . 27 , moncler follow by conference call , saipem press release on oct . 27 , edison .",Moncler,Neutral,PERSON
"board meeting on q3 result amplifon follow by conference call afternoon , italgas press release on oct . 27 , moncler follow by conference call , saipem press release on oct . 27 , edison .",Edison,Neutral,PERSON
"abbott have say there be no evidence to link its formula to the illness , while the fda 's inspection find bacteria in environmental testing and not in the product sample .",Abbott,Neutral,PERSON
"abbott have say there be no evidence to link its formula to the illness , while the fda 's inspection find bacteria in environmental testing and not in the product sample .",FDA,Neutral,OTHER
"private equity firm advent international corp have acquire a 25 stake in brazilian construction material manufacturer tigre group for 1.35 billion reais 262 million , both company say , eye an expected infrastructure boom in the u.s . and brazil .",Tigre Group,Positive,PERSON
"private equity firm advent international corp have acquire a 25 stake in brazilian construction material manufacturer tigre group for 1.35 billion reais 262 million , both company say , eye an expected infrastructure boom in the u.s . and brazil .",Advent International Corp,Positive,COMPANY
twitter decline to comment on internal discussion and its sale performance in china . a spokesperson say the company have never hide the fact that it do business with chinese commercial entity .,Twitter,Neutral,PERSON
the tighten cycle indeed be clearly on the top news nine source familiar with ecb thinking tell reuter that policymaker be keen to end their bond purchase scheme at the early possible moment and raise interest rate as soon as july but certainly no later than september . nl2n2wm01n,ECB,Neutral,OTHER
the tighten cycle indeed be clearly on the top news nine source familiar with ecb thinking tell reuter that policymaker be keen to end their bond purchase scheme at the early possible moment and raise interest rate as soon as july but certainly no later than september . nl2n2wm01n,Reuters,Neutral,PERSON
"ooredoo be look to sell tower in the gulf region and other market include iraq and algeria through a saleandleaseback arrangement , the source say .",Ooredoo,Neutral,PERSON
"include in the sale be the silvertip pipeline , exxon 's interest in the yellowstone pipeline and yellowstone energy lp and its interest in product terminal in montana and washington .",Exxon,Neutral,PERSON
"include in the sale be the silvertip pipeline , exxon 's interest in the yellowstone pipeline and yellowstone energy lp and its interest in product terminal in montana and washington .",Yellowstone Energy LP,Neutral,OTHER
"include in the sale be the silvertip pipeline , exxon 's interest in the yellowstone pipeline and yellowstone energy lp and its interest in product terminal in montana and washington .",Silvertip Pipeline,Neutral,PERSON
"include in the sale be the silvertip pipeline , exxon 's interest in the yellowstone pipeline and yellowstone energy lp and its interest in product terminal in montana and washington .",Yellowstone Pipeline,Neutral,PERSON
"united parcel service inc say service in florida "" may be impact "" . the company continue to provide pickup and delivery service as condition permit .",United Parcel Service Inc,Negative,COMPANY
"nasdaq 100 future be up 0.25 , with sp 500 future little change . earning from blackstone , dow chemical , philip morris international , twitter and american airline be due on thursday .",Twitter,Neutral,PERSON
"nasdaq 100 future be up 0.25 , with sp 500 future little change . earning from blackstone , dow chemical , philip morris international , twitter and american airline be due on thursday .",S&P 500 futures,Neutral,OTHER
"nasdaq 100 future be up 0.25 , with sp 500 future little change . earning from blackstone , dow chemical , philip morris international , twitter and american airline be due on thursday .",American Airlines,Neutral,PERSON
"nasdaq 100 future be up 0.25 , with sp 500 future little change . earning from blackstone , dow chemical , philip morris international , twitter and american airline be due on thursday .",Dow Chemical,Neutral,PERSON
"nasdaq 100 future be up 0.25 , with sp 500 future little change . earning from blackstone , dow chemical , philip morris international , twitter and american airline be due on thursday .",Nasdaq 100 futures,Positive,OTHER
"nasdaq 100 future be up 0.25 , with sp 500 future little change . earning from blackstone , dow chemical , philip morris international , twitter and american airline be due on thursday .",Philip Morris International,Neutral,PERSON
"nasdaq 100 future be up 0.25 , with sp 500 future little change . earning from blackstone , dow chemical , philip morris international , twitter and american airline be due on thursday .",Blackstone,Neutral,PERSON
"employee at an amazon warehouse in staten island , new york , recently vote to unionize and worker at an apple store in atlanta file a petition for a union election . nl2n2wu1s7",Apple,Neutral,PERSON
"employee at an amazon warehouse in staten island , new york , recently vote to unionize and worker at an apple store in atlanta file a petition for a union election . nl2n2wu1s7",Amazon,Neutral,PERSON
"the job datum will likely outshine most morning news in europe , though allianz be both due to report earning .",Allianz,Neutral,PERSON
"the job datum will likely outshine most morning news in europe , though allianz be both due to report earning .",London Stock Exchange Group,Neutral,PERSON
kuwait 's oil minister say on tuesday opec would make a suitable decision to both guarantee energy supply and serve the interest of producer and consumer . ns8n31300e,OPEC+,Neutral,OTHER
"meanwhile , a report show the biden administration plan to ask the u.s . congress to approve an estimate 1.1 billion arm sale to taiwan , a move that could far fray sinou.s . tie as china consider taiwan its own . taiwan fire warning shot at a chinese drone which buzz an islet control by taiwan . nl1n30527x np8n2zd054",U.S. Congress,Neutral,OTHER
fellow drugmaker bristol myers squibb co in july say it have transfer its commercial operation in russia to a thirdparty distributor and incur 39 million in related cost .,Bristol Myers Squibb Co,Neutral,PERSON
"this reflect japan 's persistently low interest rate , as the bank of japan stick with its ultraeasy money policy while other central bank raise rate to fight inflation . nl1n2z2005",Bank of Japan,Neutral,OTHER
nov 8 welcome to the home for realtime coverage of market bring to you by reuter reporter . you can share your thought with we at,Reuters,Neutral,PERSON
"westpac banking corp , australia 's thirdlarg home lender , in may reduce a discount on assess rental income to 10 from 20 , accord to three of the source .",Westpac Banking Corp,Neutral,COMPANY
"spokespeople for vanguard , fidelity , t. rowe price , capital international investor , capital research global investor and norge decline to comment . none of the other firm be immediately available to comment . together they hold more than 802.72 million share .",Capital Research Global Investors,Neutral,PERSON
"spokespeople for vanguard , fidelity , t. rowe price , capital international investor , capital research global investor and norge decline to comment . none of the other firm be immediately available to comment . together they hold more than 802.72 million share .",Capital International Investors,Neutral,PERSON
"spokespeople for vanguard , fidelity , t. rowe price , capital international investor , capital research global investor and norge decline to comment . none of the other firm be immediately available to comment . together they hold more than 802.72 million share .",Vanguard,Neutral,PERSON
"spokespeople for vanguard , fidelity , t. rowe price , capital international investor , capital research global investor and norge decline to comment . none of the other firm be immediately available to comment . together they hold more than 802.72 million share .",Fidelity,Neutral,PERSON
"spokespeople for vanguard , fidelity , t. rowe price , capital international investor , capital research global investor and norge decline to comment . none of the other firm be immediately available to comment . together they hold more than 802.72 million share .",Norges,Neutral,PERSON
"spokespeople for vanguard , fidelity , t. rowe price , capital international investor , capital research global investor and norge decline to comment . none of the other firm be immediately available to comment . together they hold more than 802.72 million share .",T. Rowe Price,Neutral,OTHER
oil oil steady in early asian trade as indication that producer alliance opec seek to avoid a collapse in price . nl1n30y013,OPEC+,Neutral,OTHER
societe generale do not respond to a request for comment while the other bank decline to comment . twitter also decline to comment . musk do not immediately respond to a request for comment .,Twitter,Neutral,PERSON
societe generale do not respond to a request for comment while the other bank decline to comment . twitter also decline to comment . musk do not immediately respond to a request for comment .,Societe Generale,Neutral,PERSON
of mc saatchi after the require majority of the british advertising group 's shareholder do not vote in favour of the proposal at a court meeting .,M&C Saatchi,Neutral,OTHER
"the faa say the final policy , first release as a draft in february , require company include boeing "" to monitor , report and investigate all allegation of interference and to report the result to the faa . it also establish a clear path for these industry employee to speak freely with faa certification official at any time . """,FAA,Neutral,OTHER
"the faa say the final policy , first release as a draft in february , require company include boeing "" to monitor , report and investigate all allegation of interference and to report the result to the faa . it also establish a clear path for these industry employee to speak freely with faa certification official at any time . """,FAA,Neutral,OTHER
"the faa say the final policy , first release as a draft in february , require company include boeing "" to monitor , report and investigate all allegation of interference and to report the result to the faa . it also establish a clear path for these industry employee to speak freely with faa certification official at any time . """,FAA,Neutral,OTHER
"the faa say the final policy , first release as a draft in february , require company include boeing "" to monitor , report and investigate all allegation of interference and to report the result to the faa . it also establish a clear path for these industry employee to speak freely with faa certification official at any time . """,Boeing,Neutral,PERSON
goldman sachs group inc also report this week and the wsj report the investment bank plan to restructure its big business into three division .,Goldman Sachs Group Inc,Neutral,COMPANY
goldman sachs group inc also report this week and the wsj report the investment bank plan to restructure its big business into three division .,WSJ,Neutral,OTHER
"bnp paribas , goldman sachs and hsbc be global coordinator and joint bookrunner on the debt sale , while aljazira capital , citi , jpmorgan and standard charter be passive joint lead manager and bookrunner .",JPMorgan,Neutral,OTHER
"bnp paribas , goldman sachs and hsbc be global coordinator and joint bookrunner on the debt sale , while aljazira capital , citi , jpmorgan and standard charter be passive joint lead manager and bookrunner .",Standard Chartered,Neutral,PERSON
"bnp paribas , goldman sachs and hsbc be global coordinator and joint bookrunner on the debt sale , while aljazira capital , citi , jpmorgan and standard charter be passive joint lead manager and bookrunner .",Aljazira Capital,Neutral,PERSON
"bnp paribas , goldman sachs and hsbc be global coordinator and joint bookrunner on the debt sale , while aljazira capital , citi , jpmorgan and standard charter be passive joint lead manager and bookrunner .",HSBC,Neutral,OTHER
"bnp paribas , goldman sachs and hsbc be global coordinator and joint bookrunner on the debt sale , while aljazira capital , citi , jpmorgan and standard charter be passive joint lead manager and bookrunner .",BNP Paribas,Neutral,OTHER
"bnp paribas , goldman sachs and hsbc be global coordinator and joint bookrunner on the debt sale , while aljazira capital , citi , jpmorgan and standard charter be passive joint lead manager and bookrunner .",Goldman Sachs,Neutral,PERSON
"bnp paribas , goldman sachs and hsbc be global coordinator and joint bookrunner on the debt sale , while aljazira capital , citi , jpmorgan and standard charter be passive joint lead manager and bookrunner .",Citi,Neutral,PERSON
"it resolve claim that wells fargo unilaterally decide to provide forbearance to customer who inquire about their mortgage or express hardship , but have not explicitly request and do not want relief .",Wells Fargo,Neutral,PERSON
investor be seek assurance that the enterprise cloud business be still grow strongly and will also scrutinize upcoming financial report from microsoft rival amazon.com inc and alphabet inc 's google .,Alphabet Inc,Neutral,COMPANY
investor be seek assurance that the enterprise cloud business be still grow strongly and will also scrutinize upcoming financial report from microsoft rival amazon.com inc and alphabet inc 's google .,Microsoft,Neutral,PERSON
investor be seek assurance that the enterprise cloud business be still grow strongly and will also scrutinize upcoming financial report from microsoft rival amazon.com inc and alphabet inc 's google .,Google,Neutral,PERSON
investor be seek assurance that the enterprise cloud business be still grow strongly and will also scrutinize upcoming financial report from microsoft rival amazon.com inc and alphabet inc 's google .,Amazon.com Inc,Neutral,COMPANY
"with the late deal , gm say it have line up supply for all battery raw material , include lithium , nickel , cobalt and cathode active material , and be on course to reach its goal of produce 1 million evs annually in north america by end2025 .",GM,Neutral,OTHER
"brazilian news website g1 report on monday that search team have find their body , quote the journalist 's brazilian wife . however the report be soon update to reflect that the body have not yet be identify .",G1,Neutral,OTHER
microstrategy inc 34.1 557.5 mln robinhood market inc 8.2 360.7 mln marathon digital holding 30.7 333.1 mln inc riot blockchain inc 16.4 133.7 mln silvergate capital corp 11.2 119.0 mln bakkt holding inc 21.2 25.2 mln total crypto short interest 14.8 5.01 bln,Microstrategy Inc,Neutral,COMPANY
microstrategy inc 34.1 557.5 mln robinhood market inc 8.2 360.7 mln marathon digital holding 30.7 333.1 mln inc riot blockchain inc 16.4 133.7 mln silvergate capital corp 11.2 119.0 mln bakkt holding inc 21.2 25.2 mln total crypto short interest 14.8 5.01 bln,Bakkt Holdings Inc,Neutral,COMPANY
microstrategy inc 34.1 557.5 mln robinhood market inc 8.2 360.7 mln marathon digital holding 30.7 333.1 mln inc riot blockchain inc 16.4 133.7 mln silvergate capital corp 11.2 119.0 mln bakkt holding inc 21.2 25.2 mln total crypto short interest 14.8 5.01 bln,Riot Blockchain Inc,Neutral,COMPANY
microstrategy inc 34.1 557.5 mln robinhood market inc 8.2 360.7 mln marathon digital holding 30.7 333.1 mln inc riot blockchain inc 16.4 133.7 mln silvergate capital corp 11.2 119.0 mln bakkt holding inc 21.2 25.2 mln total crypto short interest 14.8 5.01 bln,Robinhood Markets Inc,Neutral,COMPANY
microstrategy inc 34.1 557.5 mln robinhood market inc 8.2 360.7 mln marathon digital holding 30.7 333.1 mln inc riot blockchain inc 16.4 133.7 mln silvergate capital corp 11.2 119.0 mln bakkt holding inc 21.2 25.2 mln total crypto short interest 14.8 5.01 bln,Silvergate Capital Corp,Neutral,COMPANY
microstrategy inc 34.1 557.5 mln robinhood market inc 8.2 360.7 mln marathon digital holding 30.7 333.1 mln inc riot blockchain inc 16.4 133.7 mln silvergate capital corp 11.2 119.0 mln bakkt holding inc 21.2 25.2 mln total crypto short interest 14.8 5.01 bln,Marathon Digital Holdings,Neutral,PERSON
"kellogg , however , base the corporate headquarters for its large business , snack , in chicago after announce a split into three independent company this summer . nl4n2y822d",Kellogg,Neutral,PERSON
"other u.s . company have make similar move , include social medium site reddit inc and mobileye , the selfdrive car unit of intel corp .",Reddit Inc,Neutral,COMPANY
"other u.s . company have make similar move , include social medium site reddit inc and mobileye , the selfdrive car unit of intel corp .",Intel Corp,Neutral,COMPANY
"other u.s . company have make similar move , include social medium site reddit inc and mobileye , the selfdrive car unit of intel corp .",Mobileye,Neutral,PERSON
the startup be one of several ai chip company compete with nvidia corp which dominate the ai market . part of sambanovas strategy have be to offer a powerful chip with a software platform that make it easy for company without ai expertise to start use ai in their business . sambanova offer both the hardware and software as a subscription .,SambaNova,Neutral,OTHER
the startup be one of several ai chip company compete with nvidia corp which dominate the ai market . part of sambanovas strategy have be to offer a powerful chip with a software platform that make it easy for company without ai expertise to start use ai in their business . sambanova offer both the hardware and software as a subscription .,SambaNova,Neutral,OTHER
the startup be one of several ai chip company compete with nvidia corp which dominate the ai market . part of sambanovas strategy have be to offer a powerful chip with a software platform that make it easy for company without ai expertise to start use ai in their business . sambanova offer both the hardware and software as a subscription .,Nvidia Corp,Neutral,COMPANY
"rival oracle say in a statement on its website it have withdraw all product , service and support for russian and belarusian company , subsidiary and partner . an oracle spokesperson decline further comment .",Oracle,Neutral,PERSON
"rival oracle say in a statement on its website it have withdraw all product , service and support for russian and belarusian company , subsidiary and partner . an oracle spokesperson decline further comment .",Oracle,Neutral,PERSON
"a spokesperson for cocacola , which have a promote tweet appear on an account track by the researcher , say it do not condone the material be associate with its brand and say "" any breach of these standard be unacceptable and take very seriously . """,Coca-Cola,Neutral,OTHER
facebookowner meta platform and microsoft and other be also look at metaverse technology can be use in business and leisure .,Facebook,Neutral,PERSON
facebookowner meta platform and microsoft and other be also look at metaverse technology can be use in business and leisure .,Microsoft,Neutral,PERSON
facebookowner meta platform and microsoft and other be also look at metaverse technology can be use in business and leisure .,Meta Platforms,Neutral,PERSON
"apple inc , samsung electronic , vivo , xiaomi corp , as well as the three domestic telecom operator , do not immediately respond to a request for comment . the government 's it and telecom department also do not respond .",Samsung Electronics,Neutral,PERSON
"apple inc , samsung electronic , vivo , xiaomi corp , as well as the three domestic telecom operator , do not immediately respond to a request for comment . the government 's it and telecom department also do not respond .",Apple Inc,Neutral,COMPANY
"apple inc , samsung electronic , vivo , xiaomi corp , as well as the three domestic telecom operator , do not immediately respond to a request for comment . the government 's it and telecom department also do not respond .",Vivo,Neutral,PERSON
"apple inc , samsung electronic , vivo , xiaomi corp , as well as the three domestic telecom operator , do not immediately respond to a request for comment . the government 's it and telecom department also do not respond .",Xiaomi Corp,Neutral,COMPANY
"investor in capricorn , formerly know as cairn energy , will receive 3.8068 tullow share for each share they hold , and will own 47 of the combine group which will be lead by tullow chief executive officer rahul dhir .",Capricorn,Neutral,PERSON
"investor in capricorn , formerly know as cairn energy , will receive 3.8068 tullow share for each share they hold , and will own 47 of the combine group which will be lead by tullow chief executive officer rahul dhir .",Cairn Energy,Neutral,PERSON
"investor in capricorn , formerly know as cairn energy , will receive 3.8068 tullow share for each share they hold , and will own 47 of the combine group which will be lead by tullow chief executive officer rahul dhir .",Tullow,Neutral,PERSON
"investor in capricorn , formerly know as cairn energy , will receive 3.8068 tullow share for each share they hold , and will own 47 of the combine group which will be lead by tullow chief executive officer rahul dhir .",Tullow,Neutral,PERSON
"accord to preliminary datum , the sp 500 lose 28.89 point , or 0.75 , to end at 3,830.22 point , while the nasdaq composite lose 229.67 point , or 2.05 , to 10,969.45 . the dow jones industrial average rise 3.49 point , or 0.01 , to 31,840.23 .",S&P 500,Negative,OTHER
"accord to preliminary datum , the sp 500 lose 28.89 point , or 0.75 , to end at 3,830.22 point , while the nasdaq composite lose 229.67 point , or 2.05 , to 10,969.45 . the dow jones industrial average rise 3.49 point , or 0.01 , to 31,840.23 .",Nasdaq Composite,Negative,PERSON
"accord to preliminary datum , the sp 500 lose 28.89 point , or 0.75 , to end at 3,830.22 point , while the nasdaq composite lose 229.67 point , or 2.05 , to 10,969.45 . the dow jones industrial average rise 3.49 point , or 0.01 , to 31,840.23 .",Dow Jones Industrial Average,Positive,PERSON
"several heavyweight private equity fund have come forward to express interest in the bundesliga right race , include bain capital , kkr , eqt , advent , silver lake , blackstone and bridgepoint , but the auction be only expect to kick off in late october , the source say .",KKR,Neutral,OTHER
"several heavyweight private equity fund have come forward to express interest in the bundesliga right race , include bain capital , kkr , eqt , advent , silver lake , blackstone and bridgepoint , but the auction be only expect to kick off in late october , the source say .",Blackstone,Neutral,PERSON
"several heavyweight private equity fund have come forward to express interest in the bundesliga right race , include bain capital , kkr , eqt , advent , silver lake , blackstone and bridgepoint , but the auction be only expect to kick off in late october , the source say .",Silver Lake,Neutral,PERSON
"several heavyweight private equity fund have come forward to express interest in the bundesliga right race , include bain capital , kkr , eqt , advent , silver lake , blackstone and bridgepoint , but the auction be only expect to kick off in late october , the source say .",EQT,Neutral,OTHER
"several heavyweight private equity fund have come forward to express interest in the bundesliga right race , include bain capital , kkr , eqt , advent , silver lake , blackstone and bridgepoint , but the auction be only expect to kick off in late october , the source say .",Advent,Neutral,PERSON
"several heavyweight private equity fund have come forward to express interest in the bundesliga right race , include bain capital , kkr , eqt , advent , silver lake , blackstone and bridgepoint , but the auction be only expect to kick off in late october , the source say .",Bridgepoint,Neutral,PERSON
"several heavyweight private equity fund have come forward to express interest in the bundesliga right race , include bain capital , kkr , eqt , advent , silver lake , blackstone and bridgepoint , but the auction be only expect to kick off in late october , the source say .",Bain Capital,Neutral,PERSON
""" we expect the wheat crop to be close to last year 's . whether it would be 6.5 million tonne or 6.7 million will depend on the condition of the sowing in different part of the country , "" petar kirovski , who be in charge of grain crop sowing at the ministry , tell reuter in a phone interview .",Reuters,Neutral,PERSON
"chipmaker , include infineon and be semiconductor , fall between 1 and 2 after washington publish a sweeping set of export control , include a measure to cut china off from certain chip make anywhere in the world with u.s . equipment . nl1n3181m5",Infineon,Negative,PERSON
"chipmaker , include infineon and be semiconductor , fall between 1 and 2 after washington publish a sweeping set of export control , include a measure to cut china off from certain chip make anywhere in the world with u.s . equipment . nl1n3181m5",BE Semiconductor,Negative,OTHER
"cocacola co rise 2.4 after the company up its revenue and profit forecast , banking on steady demand amid price increase .",Coca-Cola Co,Positive,OTHER
"the nikkei rise 1.21 to 27,527.64 , in its big intraday gain in a week , while the broad topix climb 0.98 to 1,934.09 .",Topix,Positive,PERSON
"the nikkei rise 1.21 to 27,527.64 , in its big intraday gain in a week , while the broad topix climb 0.98 to 1,934.09 .",Nikkei,Positive,PERSON
"what be trouble some investor be that crack be already start to show in bank balance sheet , with result show the capital cushion of jp morgan , barclays , hsbc , morgan stanley , bank of america , credit suisse and citi all dwindle in the first three month of 2022 . nl5n2wx3el",Morgan Stanley,Negative,PERSON
"what be trouble some investor be that crack be already start to show in bank balance sheet , with result show the capital cushion of jp morgan , barclays , hsbc , morgan stanley , bank of america , credit suisse and citi all dwindle in the first three month of 2022 . nl5n2wx3el",Citi,Negative,PERSON
"what be trouble some investor be that crack be already start to show in bank balance sheet , with result show the capital cushion of jp morgan , barclays , hsbc , morgan stanley , bank of america , credit suisse and citi all dwindle in the first three month of 2022 . nl5n2wx3el",Credit Suisse,Negative,PERSON
"what be trouble some investor be that crack be already start to show in bank balance sheet , with result show the capital cushion of jp morgan , barclays , hsbc , morgan stanley , bank of america , credit suisse and citi all dwindle in the first three month of 2022 . nl5n2wx3el",Barclays,Negative,PERSON
"what be trouble some investor be that crack be already start to show in bank balance sheet , with result show the capital cushion of jp morgan , barclays , hsbc , morgan stanley , bank of america , credit suisse and citi all dwindle in the first three month of 2022 . nl5n2wx3el",Bank of America,Negative,OTHER
"what be trouble some investor be that crack be already start to show in bank balance sheet , with result show the capital cushion of jp morgan , barclays , hsbc , morgan stanley , bank of america , credit suisse and citi all dwindle in the first three month of 2022 . nl5n2wx3el",HSBC,Negative,OTHER
"what be trouble some investor be that crack be already start to show in bank balance sheet , with result show the capital cushion of jp morgan , barclays , hsbc , morgan stanley , bank of america , credit suisse and citi all dwindle in the first three month of 2022 . nl5n2wx3el",JP Morgan,Negative,OTHER
